surah,ayah,text,word_count,letter_count,base_score,hard_letter_count,distinct_hard_letters,adjacency_bonus,hard_adjacent_count,same_group_count,emphatic_pair_count,tajweed_bonus,shadda_hard_count,madd_guttural_count,idgham_count,raw_score,density_score,density_per_letter
68,30,فَأَقْبَلَ بَعْضُهُمْ عَلَىٰ بَعْضٍ يَتَلَـٰوَمُونَ,5,23,33,7,"ض,ع,ق,ه",12,3,2,0,1,0,0,1,46,9.2,2.0
26,148,وَزُرُوعٍ وَنَخْلٍ طَلْعُهَا هَضِيمٌ,4,18,29,7,"خ,ض,ط,ع,ه",5,1,1,0,2,0,0,2,36,9.0,2.0
37,50,فَأَقْبَلَ بَعْضُهُمْ عَلَىٰ بَعْضٍ يَتَسَآءَلُونَ,5,24,36,8,"ء,ض,ع,ق,ه",6,3,0,0,2,0,1,1,44,8.8,1.833333
23,41,فَأَخَذَتْهُمُ ٱلصَّيْحَةُ بِٱلْحَقِّ فَجَعَلْنَـٰهُمْ غُثَآءً ۚ فَبُعْدًا لِّلْقَوْمِ ٱلظَّـٰلِمِينَ,9,46,57,15,"ء,ث,ح,خ,ذ,ص,ظ,ع,غ,ق,ه",16,2,4,0,6,3,2,1,79,8.777778,1.717391
37,27,وَأَقْبَلَ بَعْضُهُمْ عَلَىٰ بَعْضٍ يَتَسَآءَلُونَ,5,24,35,8,"ء,ض,ع,ق,ه",6,3,0,0,2,0,1,1,43,8.6,1.791667
67,11,فَٱعْتَرَفُوا۟ بِذَنۢبِهِمْ فَسُحْقًا لِّأَصْحَـٰبِ ٱلسَّعِيرِ,5,30,36,8,"ح,ذ,ص,ع,ق,ه",5,1,1,0,2,0,1,1,43,8.6,1.433333
11,71,وَٱمْرَأَتُهُۥ قَآئِمَةٌ فَضَحِكَتْ فَبَشَّرْنَـٰهَا بِإِسْحَـٰقَ وَمِن وَرَآءِ إِسْحَـٰقَ يَعْقُوبَ,9,45,50,12,"ء,ح,ض,ع,ق,ه",20,1,6,0,6,0,5,1,76,8.444444,1.688889
73,16,فَعَصَىٰ فِرْعَوْنُ ٱلرَّسُولَ فَأَخَذْنَـٰهُ أَخْذًا وَبِيلًا,6,30,35,8,"خ,ذ,ص,ع,ه",12,3,2,0,3,0,2,1,50,8.333333,1.666667
54,29,فَنَادَوْا۟ صَاحِبَهُمْ فَتَعَاطَىٰ فَعَقَرَ,4,22,29,7,"ح,ص,ط,ع,ق,ه",3,0,1,0,1,0,1,0,33,8.25,1.5
79,29,وَأَغْطَشَ لَيْلَهَا وَأَخْرَجَ ضُحَىٰهَا,4,20,28,7,"ح,خ,ض,ط,غ,ه",4,2,0,0,1,0,1,0,33,8.25,1.65
26,129,وَتَتَّخِذُونَ مَصَانِعَ لَعَلَّكُمْ تَخْلُدُونَ,4,23,27,6,"خ,ذ,ص,ع",5,1,1,0,0,0,0,0,32,8.0,1.391304
55,7,وَٱلسَّمَآءَ رَفَعَهَا وَوَضَعَ ٱلْمِيزَانَ,4,23,23,5,"ء,ض,ع,ه",8,1,2,0,1,0,1,0,32,8.0,1.391304
41,13,فَإِنْ أَعْرَضُوا۟ فَقُلْ أَنذَرْتُكُمْ صَـٰعِقَةً مِّثْلَ صَـٰعِقَةِ عَادٍ وَثَمُودَ,9,38,53,13,"ث,ذ,ص,ض,ع,ق",13,2,3,0,4,0,2,2,70,7.777778,1.842105
38,84,قَالَ فَٱلْحَقُّ وَٱلْحَقَّ أَقُولُ,4,17,23,6,"ح,ق",6,0,2,0,2,2,0,0,31,7.75,1.823529
43,56,فَجَعَلْنَـٰهُمْ سَلَفًا وَمَثَلًا لِّلْـَٔاخِرِينَ,4,23,19,4,"ث,خ,ع,ه",9,0,3,0,3,0,1,2,31,7.75,1.347826
43,67,ٱلْأَخِلَّآءُ يَوْمَئِذٍۭ بَعْضُهُمْ لِبَعْضٍ عَدُوٌّ إِلَّا ٱلْمُتَّقِينَ,7,34,42,10,"ء,خ,ذ,ض,ع,ق,ه",9,3,1,0,3,0,1,2,54,7.714286,1.588235
56,73,نَحْنُ جَعَلْنَـٰهَا تَذْكِرَةً وَمَتَـٰعًا لِّلْمُقْوِينَ,5,26,25,6,"ح,ذ,ع,ق,ه",9,0,3,0,4,0,2,2,38,7.6,1.461538
38,57,هَـٰذَا فَلْيَذُوقُوهُ حَمِيمٌ وَغَسَّاقٌ,4,20,26,8,"ح,ذ,غ,ق,ه",2,1,0,0,2,0,1,1,30,7.5,1.5
56,75,فَلَآ أُقْسِمُ بِمَوَٰقِعِ ٱلنُّجُومِ,4,18,14,3,"ع,ق",15,0,5,0,1,0,1,0,30,7.5,1.666667
88,24,فَيُعَذِّبُهُ ٱللَّهُ ٱلْعَذَابَ ٱلْأَكْبَرَ,4,22,22,6,"ذ,ع,ه",7,2,1,0,1,1,0,0,30,7.5,1.363636
18,100,وَعَرَضْنَا جَهَنَّمَ يَوْمَئِذٍ لِّلْكَـٰفِرِينَ عَرْضًا,5,26,30,6,"ذ,ض,ع,ه",6,0,2,0,1,0,0,1,37,7.4,1.423077
4,21,وَكَيْفَ تَأْخُذُونَهُۥ وَقَدْ أَفْضَىٰ بَعْضُكُمْ إِلَىٰ بَعْضٍ وَأَخَذْنَ مِنكُم مِّيثَـٰقًا غَلِيظًا,11,48,67,15,"ث,خ,ذ,ض,ظ,ع,غ,ق,ه",10,5,0,0,4,0,2,2,81,7.363636,1.6875
74,45,وَكُنَّا نَخُوضُ مَعَ ٱلْخَآئِضِينَ,4,18,28,5,"خ,ض,ع",0,0,0,0,1,0,1,0,29,7.25,1.611111
89,25,فَيَوْمَئِذٍ لَّا يُعَذِّبُ عَذَابَهُۥٓ أَحَدٌ,5,20,27,7,"ح,ذ,ع,ه",7,2,1,0,2,1,0,1,36,7.2,1.8
3,138,هَـٰذَا بَيَانٌ لِّلنَّاسِ وَهُدًى وَمَوْعِظَةٌ لِّلْمُتَّقِينَ,6,29,20,6,"ذ,ظ,ع,ق,ه",19,2,5,0,4,0,1,3,43,7.166667,1.482759
19,68,فَوَرَبِّكَ لَنَحْشُرَنَّهُمْ وَٱلشَّيَـٰطِينَ ثُمَّ لَنُحْضِرَنَّهُمْ حَوْلَ جَهَنَّمَ جِثِيًّا,8,42,42,10,"ث,ح,ض,ط,ه",14,1,4,0,1,0,1,0,57,7.125,1.357143
54,42,كَذَّبُوا۟ بِـَٔايَـٰتِنَا كُلِّهَا فَأَخَذْنَـٰهُمْ أَخْذَ عَزِيزٍ مُّقْتَدِرٍ,7,34,36,9,"خ,ذ,ع,ق,ه",10,2,2,0,3,1,1,1,49,7.0,1.441176
29,15,فَأَنجَيْنَـٰهُ وَأَصْحَـٰبَ ٱلسَّفِينَةِ وَجَعَلْنَـٰهَآ ءَايَةً لِّلْعَـٰلَمِينَ,6,37,29,7,"ء,ح,ص,ع,ه",8,1,2,0,5,0,4,1,42,7.0,1.135135
19,94,لَّقَدْ أَحْصَىٰهُمْ وَعَدَّهُمْ عَدًّا,4,17,25,7,"ح,ص,ع,ق,ه",2,1,0,0,1,0,1,0,28,7.0,1.647059
31,24,نُمَتِّعُهُمْ قَلِيلًا ثُمَّ نَضْطَرُّهُمْ إِلَىٰ عَذَابٍ غَلِيظٍ,7,30,39,11,"ث,ذ,ض,ط,ظ,ع,غ,ق,ه",7,2,1,0,2,0,0,2,48,6.857143,1.6
43,3,إِنَّا جَعَلْنَـٰهُ قُرْءَٰنًا عَرَبِيًّا لَّعَلَّكُمْ تَعْقِلُونَ,6,29,32,8,"ء,ع,ق,ه",6,0,2,0,3,0,1,2,41,6.833333,1.413793
73,13,وَطَعَامًا ذَا غُصَّةٍ وَعَذَابًا أَلِيمًا,5,22,25,7,"ذ,ص,ط,ع,غ",6,3,0,0,3,1,0,2,34,6.8,1.545455
16,113,وَلَقَدْ جَآءَهُمْ رَسُولٌ مِّنْهُمْ فَكَذَّبُوهُ فَأَخَذَهُمُ ٱلْعَذَابُ وَهُمْ ظَـٰلِمُونَ,9,43,43,13,"ء,خ,ذ,ظ,ع,ق,ه",15,3,3,0,3,1,1,1,61,6.777778,1.418605
15,91,ٱلَّذِينَ جَعَلُوا۟ ٱلْقُرْءَانَ عِضِينَ,4,21,25,6,"ء,ذ,ض,ع,ق",2,1,0,0,0,0,0,0,27,6.75,1.285714
37,48,وَعِندَهُمْ قَـٰصِرَٰتُ ٱلطَّرْفِ عِينٌ,4,18,22,6,"ص,ط,ع,ق,ه",2,1,0,0,3,1,2,0,27,6.75,1.5
53,59,أَفَمِنْ هَـٰذَا ٱلْحَدِيثِ تَعْجَبُونَ,4,19,20,5,"ث,ح,ذ,ع,ه",5,1,1,0,2,0,1,1,27,6.75,1.421053
55,12,وَٱلْحَبُّ ذُو ٱلْعَصْفِ وَٱلرَّيْحَانُ,4,20,22,5,"ح,ذ,ص,ع",5,1,1,0,0,0,0,0,27,6.75,1.35
74,48,فَمَا تَنفَعُهُمْ شَفَـٰعَةُ ٱلشَّـٰفِعِينَ,4,20,23,4,"ع,ه",3,0,1,0,1,0,1,0,27,6.75,1.35
79,31,أَخْرَجَ مِنْهَا مَآءَهَا وَمَرْعَىٰهَا,4,20,19,6,"ء,خ,ع,ه",6,0,2,0,2,0,2,0,27,6.75,1.35
69,10,فَعَصَوْا۟ رَسُولَ رَبِّهِمْ فَأَخَذَهُمْ أَخْذَةً رَّابِيَةً,6,28,31,8,"خ,ذ,ص,ع,ه",8,4,0,0,1,0,0,1,40,6.666667,1.428571
36,49,مَا يَنظُرُونَ إِلَّا صَيْحَةً وَٰحِدَةً تَأْخُذُهُمْ وَهُمْ يَخِصِّمُونَ,8,34,37,10,"ح,خ,ذ,ص,ظ,ه",12,3,2,0,4,1,1,2,53,6.625,1.558824
37,112,وَبَشَّرْنَـٰهُ بِإِسْحَـٰقَ نَبِيًّا مِّنَ ٱلصَّـٰلِحِينَ,5,24,20,5,"ح,ص,ق,ه",9,0,3,0,4,1,2,1,33,6.6,1.375
54,38,وَلَقَدْ صَبَّحَهُم بُكْرَةً عَذَابٌ مُّسْتَقِرٌّ,5,22,26,7,"ح,ذ,ص,ع,ق,ه",5,1,1,0,2,0,0,2,33,6.6,1.5
19,78,أَطَّلَعَ ٱلْغَيْبَ أَمِ ٱتَّخَذَ عِندَ ٱلرَّحْمَـٰنِ عَهْدًا,7,28,36,9,"ح,خ,ذ,ط,ع,غ,ه",8,1,2,0,2,1,1,0,46,6.571429,1.642857
29,37,فَكَذَّبُوهُ فَأَخَذَتْهُمُ ٱلرَّجْفَةُ فَأَصْبَحُوا۟ فِى دَارِهِمْ جَـٰثِمِينَ,7,38,36,9,"ث,ح,خ,ذ,ص,ه",8,1,2,0,2,1,1,0,46,6.571429,1.210526
17,22,لَّا تَجْعَلْ مَعَ ٱللَّهِ إِلَـٰهًا ءَاخَرَ فَتَقْعُدَ مَذْمُومًا مَّخْذُولًا,9,37,42,11,"ء,خ,ذ,ع,ق,ه",14,1,4,0,3,0,1,2,59,6.555556,1.594595
26,189,فَكَذَّبُوهُ فَأَخَذَهُمْ عَذَابُ يَوْمِ ٱلظُّلَّةِ ۚ إِنَّهُۥ كَانَ عَذَابَ يَوْمٍ عَظِيمٍ,11,41,50,13,"خ,ذ,ظ,ع,ه",19,5,3,0,3,2,0,1,72,6.545455,1.756098
2,73,فَقُلْنَا ٱضْرِبُوهُ بِبَعْضِهَا ۚ كَذَٰلِكَ يُحْىِ ٱللَّهُ ٱلْمَوْتَىٰ وَيُرِيكُمْ ءَايَـٰتِهِۦ لَعَلَّكُمْ تَعْقِلُونَ,12,56,56,14,"ء,ح,ذ,ض,ع,ق,ه",22,2,6,0,0,0,0,0,78,6.5,1.392857
47,37,إِن يَسْـَٔلْكُمُوهَا فَيُحْفِكُمْ تَبْخَلُوا۟ وَيُخْرِجْ أَضْغَـٰنَكُمْ,6,33,33,6,"ح,خ,ض,غ,ه",5,1,1,0,1,0,1,0,39,6.5,1.181818
68,4,وَإِنَّكَ لَعَلَىٰ خُلُقٍ عَظِيمٍ,4,15,23,5,"خ,ظ,ع,ق",2,1,0,0,1,0,0,1,26,6.5,1.733333
79,11,أَءِذَا كُنَّا عِظَـٰمًا نَّخِرَةً,4,15,20,5,"ء,خ,ذ,ظ,ع",4,2,0,0,2,0,1,1,26,6.5,1.733333
26,156,وَلَا تَمَسُّوهَا بِسُوٓءٍ فَيَأْخُذَكُمْ عَذَابُ يَوْمٍ عَظِيمٍ,7,31,33,8,"ء,خ,ذ,ظ,ع,ه",9,3,1,0,3,0,1,2,45,6.428571,1.451613
91,14,فَكَذَّبُوهُ فَعَقَرُوهَا فَدَمْدَمَ عَلَيْهِمْ رَبُّهُم بِذَنۢبِهِمْ فَسَوَّىٰهَا,7,39,37,11,"ذ,ع,ق,ه",6,0,2,0,2,1,1,0,45,6.428571,1.153846
89,18,وَلَا تَحَـٰٓضُّونَ عَلَىٰ طَعَامِ ٱلْمِسْكِينِ,5,22,26,5,"ح,ض,ط,ع",4,2,0,0,2,1,1,0,32,6.4,1.454545
3,34,ذُرِّيَّةًۢ بَعْضُهَا مِنۢ بَعْضٍ ۗ وَٱللَّهُ سَمِيعٌ عَلِيمٌ,8,27,40,9,"ذ,ض,ع,ه",9,3,1,0,2,0,0,2,51,6.375,1.888889
23,110,فَٱتَّخَذْتُمُوهُمْ سِخْرِيًّا حَتَّىٰٓ أَنسَوْكُمْ ذِكْرِى وَكُنتُم مِّنْهُمْ تَضْحَكُونَ,8,43,43,9,"ح,خ,ذ,ض,ه",7,2,1,0,1,0,0,1,51,6.375,1.186047
55,76,مُتَّكِـِٔينَ عَلَىٰ رَفْرَفٍ خُضْرٍ وَعَبْقَرِىٍّ حِسَانٍ,6,25,33,6,"ح,خ,ض,ع,ق",2,1,0,0,3,0,0,3,38,6.333333,1.52
76,14,وَدَانِيَةً عَلَيْهِمْ ظِلَـٰلُهَا وَذُلِّلَتْ قُطُوفُهَا تَذْلِيلًا,6,33,28,9,"ذ,ط,ظ,ع,ق,ه",8,1,2,0,2,0,1,1,38,6.333333,1.151515
37,10,إِلَّا مَنْ خَطِفَ ٱلْخَطْفَةَ فَأَتْبَعَهُۥ شِهَابٌ ثَاقِبٌ,7,28,35,9,"ث,خ,ط,ع,ق,ه",7,2,1,0,2,0,0,2,44,6.285714,1.571429
51,44,فَعَتَوْا۟ عَنْ أَمْرِ رَبِّهِمْ فَأَخَذَتْهُمُ ٱلصَّـٰعِقَةُ وَهُمْ يَنظُرُونَ,8,36,41,11,"خ,ذ,ص,ظ,ع,ق,ه",7,2,1,0,2,1,1,0,50,6.25,1.388889
7,119,فَغُلِبُوا۟ هُنَالِكَ وَٱنقَلَبُوا۟ صَـٰغِرِينَ,4,24,16,5,"ص,غ,ق,ه",8,1,2,0,1,0,1,0,25,6.25,1.041667
68,12,مَّنَّاعٍ لِّلْخَيْرِ مُعْتَدٍ أَثِيمٍ,4,17,18,4,"ث,خ,ع",6,0,2,0,1,0,0,1,25,6.25,1.470588
69,4,كَذَّبَتْ ثَمُودُ وَعَادٌۢ بِٱلْقَارِعَةِ,4,20,20,5,"ث,ذ,ع,ق",3,0,1,0,2,1,0,1,25,6.25,1.25
70,1,سَأَلَ سَآئِلٌۢ بِعَذَابٍ وَاقِعٍ,4,16,18,4,"ذ,ع,ق",5,1,1,0,2,0,0,2,25,6.25,1.5625
89,26,وَلَا يُوثِقُ وَثَاقَهُۥٓ أَحَدٌ,4,15,19,6,"ث,ح,ق,ه",5,1,1,0,1,0,1,0,25,6.25,1.666667
3,132,وَأَطِيعُوا۟ ٱللَّهَ وَٱلرَّسُولَ لَعَلَّكُمْ تُرْحَمُونَ,5,29,22,5,"ح,ط,ع,ه",9,0,3,0,0,0,0,0,31,6.2,1.068966
26,198,وَلَوْ نَزَّلْنَـٰهُ عَلَىٰ بَعْضِ ٱلْأَعْجَمِينَ,5,22,25,5,"ض,ع,ه",5,1,1,0,1,0,1,0,31,6.2,1.409091
37,125,أَتَدْعُونَ بَعْلًا وَتَذَرُونَ أَحْسَنَ ٱلْخَـٰلِقِينَ,5,27,27,6,"ح,خ,ذ,ع,ق",3,0,1,0,1,0,0,1,31,6.2,1.148148
51,19,وَفِىٓ أَمْوَٰلِهِمْ حَقٌّ لِّلسَّآئِلِ وَٱلْمَحْرُومِ,5,25,17,4,"ح,ق,ه",12,0,4,0,2,1,0,1,31,6.2,1.24
69,34,وَلَا يَحُضُّ عَلَىٰ طَعَامِ ٱلْمِسْكِينِ,5,20,26,5,"ح,ض,ط,ع",4,2,0,0,1,1,0,0,31,6.2,1.55
32,16,تَتَجَافَىٰ جُنُوبُهُمْ عَنِ ٱلْمَضَاجِعِ يَدْعُونَ رَبَّهُمْ خَوْفًا وَطَمَعًا وَمِمَّا رَزَقْنَـٰهُمْ يُنفِقُونَ,11,55,53,12,"خ,ض,ط,ع,ق,ه",12,0,4,0,3,0,1,2,68,6.181818,1.236364
7,107,فَأَلْقَىٰ عَصَاهُ فَإِذَا هِىَ ثُعْبَانٌ مُّبِينٌ,6,24,28,8,"ث,ذ,ص,ع,ق,ه",7,2,1,0,2,0,1,1,37,6.166667,1.541667
26,135,إِنِّىٓ أَخَافُ عَلَيْكُمْ عَذَابَ يَوْمٍ عَظِيمٍ,6,23,29,6,"خ,ذ,ظ,ع",7,2,1,0,1,0,0,1,37,6.166667,1.608696
54,20,تَنزِعُ ٱلنَّاسَ كَأَنَّهُمْ أَعْجَازُ نَخْلٍ مُّنقَعِرٍ,6,27,30,6,"خ,ع,ق,ه",6,0,2,0,1,0,0,1,37,6.166667,1.37037
56,65,لَوْ نَشَآءُ لَجَعَلْنَـٰهُ حُطَـٰمًا فَظَلْتُمْ تَفَكَّهُونَ,6,27,28,7,"ء,ح,ط,ظ,ع,ه",5,1,1,0,4,0,3,1,37,6.166667,1.37037
2,241,وَلِلْمُطَلَّقَـٰتِ مَتَـٰعٌۢ بِٱلْمَعْرُوفِ ۖ حَقًّا عَلَى ٱلْمُتَّقِينَ,7,32,33,8,"ح,ط,ع,ق",6,0,2,0,4,1,1,2,43,6.142857,1.34375
50,12,كَذَّبَتْ قَبْلَهُمْ قَوْمُ نُوحٍ وَأَصْحَـٰبُ ٱلرَّسِّ وَثَمُودُ,7,29,29,8,"ث,ح,ذ,ص,ق,ه",11,1,3,0,3,1,1,1,43,6.142857,1.482759
1,7,صِرَٰطَ ٱلَّذِينَ أَنْعَمْتَ عَلَيْهِمْ غَيْرِ ٱلْمَغْضُوبِ عَلَيْهِمْ وَلَا ٱلضَّآلِّينَ,9,43,46,12,"ذ,ص,ض,ط,ع,غ,ه",5,1,1,0,3,1,2,0,54,6.0,1.255814
21,72,وَوَهَبْنَا لَهُۥٓ إِسْحَـٰقَ وَيَعْقُوبَ نَافِلَةً ۖ وَكُلًّا جَعَلْنَا صَـٰلِحِينَ,9,37,37,9,"ح,ص,ع,ق,ه",15,0,5,0,2,0,1,1,54,6.0,1.459459
18,97,فَمَا ٱسْطَـٰعُوٓا۟ أَن يَظْهَرُوهُ وَمَا ٱسْتَطَـٰعُوا۟ لَهُۥ نَقْبًا,8,33,32,9,"ط,ظ,ع,ق,ه",13,3,2,1,3,0,3,0,48,6.0,1.454545
23,76,وَلَقَدْ أَخَذْنَـٰهُم بِٱلْعَذَابِ فَمَا ٱسْتَكَانُوا۟ لِرَبِّهِمْ وَمَا يَتَضَرَّعُونَ,8,43,37,9,"خ,ذ,ض,ع,ق,ه",10,2,2,0,1,0,1,0,48,6.0,1.116279
7,199,خُذِ ٱلْعَفْوَ وَأْمُرْ بِٱلْعُرْفِ وَأَعْرِضْ عَنِ ٱلْجَـٰهِلِينَ,7,31,39,8,"خ,ذ,ض,ع,ه",2,1,0,0,1,0,1,0,42,6.0,1.354839
29,9,وَٱلَّذِينَ ءَامَنُوا۟ وَعَمِلُوا۟ ٱلصَّـٰلِحَـٰتِ لَنُدْخِلَنَّهُمْ فِى ٱلصَّـٰلِحِينَ,7,41,34,9,"ء,ح,خ,ذ,ص,ع,ه",6,0,2,0,2,2,0,0,42,6.0,1.02439
52,45,فَذَرْهُمْ حَتَّىٰ يُلَـٰقُوا۟ يَوْمَهُمُ ٱلَّذِى فِيهِ يُصْعَقُونَ,7,31,33,10,"ح,ذ,ص,ع,ق,ه",8,1,2,0,1,0,1,0,42,6.0,1.354839
7,118,فَوَقَعَ ٱلْحَقُّ وَبَطَلَ مَا كَانُوا۟ يَعْمَلُونَ,6,25,26,6,"ح,ط,ع,ق",9,0,3,0,1,1,0,0,36,6.0,1.44
12,2,إِنَّآ أَنزَلْنَـٰهُ قُرْءَٰنًا عَرَبِيًّا لَّعَلَّكُمْ تَعْقِلُونَ,6,30,27,7,"ء,ع,ق,ه",6,0,2,0,3,0,1,2,36,6.0,1.2
29,54,يَسْتَعْجِلُونَكَ بِٱلْعَذَابِ وَإِنَّ جَهَنَّمَ لَمُحِيطَةٌۢ بِٱلْكَـٰفِرِينَ,6,37,29,6,"ح,ذ,ط,ع,ه",6,1,1,1,1,0,0,1,36,6.0,0.972973
40,71,إِذِ ٱلْأَغْلَـٰلُ فِىٓ أَعْنَـٰقِهِمْ وَٱلسَّلَـٰسِلُ يُسْحَبُونَ,6,29,25,6,"ح,ذ,ع,غ,ق,ه",9,0,3,0,2,0,2,0,36,6.0,1.241379
44,47,خُذُوهُ فَٱعْتِلُوهُ إِلَىٰ سَوَآءِ ٱلْجَحِيمِ,5,24,27,7,"ء,ح,خ,ذ,ع,ه",2,1,0,0,1,0,1,0,30,6.0,1.25
50,10,وَٱلنَّخْلَ بَاسِقَـٰتٍ لَّهَا طَلْعٌ نَّضِيدٌ,5,21,25,6,"خ,ض,ط,ع,ق,ه",3,0,1,0,2,0,0,2,30,6.0,1.428571
70,24,وَٱلَّذِينَ فِىٓ أَمْوَٰلِهِمْ حَقٌّ مَّعْلُومٌ,5,21,19,5,"ح,ذ,ع,ق,ه",9,0,3,0,2,1,0,1,30,6.0,1.428571
20,27,وَٱحْلُلْ عُقْدَةً مِّن لِّسَانِى,4,16,14,3,"ح,ع,ق",9,0,3,0,1,0,0,1,24,6.0,1.5
37,65,طَلْعُهَا كَأَنَّهُۥ رُءُوسُ ٱلشَّيَـٰطِينِ,4,20,20,6,"ء,ط,ع,ه",3,0,1,0,1,0,1,0,24,6.0,1.2
79,30,وَٱلْأَرْضَ بَعْدَ ذَٰلِكَ دَحَىٰهَآ,4,17,22,5,"ح,ذ,ض,ع,ه",0,0,0,0,2,0,2,0,24,6.0,1.411765
80,19,مِن نُّطْفَةٍ خَلَقَهُۥ فَقَدَّرَهُۥ,4,15,20,6,"خ,ط,ق,ه",3,0,1,0,1,0,0,1,24,6.0,1.6
80,26,ثُمَّ شَقَقْنَا ٱلْأَرْضَ شَقًّا,4,15,20,5,"ث,ض,ق",3,0,1,0,1,1,0,0,24,6.0,1.6
80,40,وَوُجُوهٌ يَوْمَئِذٍ عَلَيْهَا غَبَرَةٌ,4,19,16,5,"ذ,ع,غ,ه",6,0,2,0,2,0,0,2,24,6.0,1.263158
17,21,ٱنظُرْ كَيْفَ فَضَّلْنَا بَعْضَهُمْ عَلَىٰ بَعْضٍ ۚ وَلَلْـَٔاخِرَةُ أَكْبَرُ دَرَجَـٰتٍ وَأَكْبَرُ تَفْضِيلًا,12,49,57,10,"خ,ض,ظ,ع,ه",12,3,2,0,2,1,0,1,71,5.916667,1.44898
39,40,مَن يَأْتِيهِ عَذَابٌ يُخْزِيهِ وَيَحِلُّ عَلَيْهِ عَذَابٌ مُّقِيمٌ,8,32,41,11,"ح,خ,ذ,ع,ق,ه",4,2,0,0,2,0,0,2,47,5.875,1.46875
43,83,فَذَرْهُمْ يَخُوضُوا۟ وَيَلْعَبُوا۟ حَتَّىٰ يُلَـٰقُوا۟ يَوْمَهُمُ ٱلَّذِى يُوعَدُونَ,8,41,40,10,"ح,خ,ذ,ض,ع,ق,ه",6,0,2,0,1,0,1,0,47,5.875,1.146341
43,28,وَجَعَلَهَا كَلِمَةًۢ بَاقِيَةً فِى عَقِبِهِۦ لَعَلَّهُمْ يَرْجِعُونَ,7,32,36,9,"ع,ق,ه",3,0,1,0,2,0,0,2,41,5.857143,1.28125
43,78,لَقَدْ جِئْنَـٰكُم بِٱلْحَقِّ وَلَـٰكِنَّ أَكْثَرَكُمْ لِلْحَقِّ كَـٰرِهُونَ,7,32,30,7,"ث,ح,ق,ه",9,0,3,0,2,2,0,0,41,5.857143,1.28125
76,8,وَيُطْعِمُونَ ٱلطَّعَامَ عَلَىٰ حُبِّهِۦ مِسْكِينًا وَيَتِيمًا وَأَسِيرًا,7,37,31,7,"ح,ط,ع,ه",7,2,1,0,3,1,0,2,41,5.857143,1.108108
18,99,وَتَرَكْنَا بَعْضَهُمْ يَوْمَئِذٍ يَمُوجُ فِى بَعْضٍ ۖ وَنُفِخَ فِى ٱلصُّورِ فَجَمَعْنَـٰهُمْ جَمْعًا,12,47,55,11,"خ,ذ,ص,ض,ع,ه",12,3,2,0,3,1,1,1,70,5.833333,1.489362
7,78,فَأَخَذَتْهُمُ ٱلرَّجْفَةُ فَأَصْبَحُوا۟ فِى دَارِهِمْ جَـٰثِمِينَ,6,32,29,7,"ث,ح,خ,ذ,ص,ه",5,1,1,0,1,0,1,0,35,5.833333,1.09375
44,32,وَلَقَدِ ٱخْتَرْنَـٰهُمْ عَلَىٰ عِلْمٍ عَلَى ٱلْعَـٰلَمِينَ,6,27,30,7,"خ,ع,ق,ه",3,0,1,0,2,0,1,1,35,5.833333,1.296296
52,27,فَمَنَّ ٱللَّهُ عَلَيْنَا وَوَقَىٰنَا عَذَابَ ٱلسَّمُومِ,6,28,20,5,"ذ,ع,ق,ه",14,1,4,0,1,0,1,0,35,5.833333,1.25
55,41,يُعْرَفُ ٱلْمُجْرِمُونَ بِسِيمَـٰهُمْ فَيُؤْخَذُ بِٱلنَّوَٰصِى وَٱلْأَقْدَامِ,6,38,25,6,"خ,ذ,ص,ع,ق,ه",8,1,2,0,2,0,2,0,35,5.833333,0.921053
69,12,لِنَجْعَلَهَا لَكُمْ تَذْكِرَةً وَتَعِيَهَآ أُذُنٌ وَٰعِيَةٌ,6,28,28,7,"ذ,ع,ه",3,0,1,0,4,0,2,2,35,5.833333,1.25
11,39,فَسَوْفَ تَعْلَمُونَ مَن يَأْتِيهِ عَذَابٌ يُخْزِيهِ وَيَحِلُّ عَلَيْهِ عَذَابٌ مُّقِيمٌ,10,42,49,12,"ح,خ,ذ,ع,ق,ه",7,2,1,0,2,0,0,2,58,5.8,1.380952
32,30,فَأَعْرِضْ عَنْهُمْ وَٱنتَظِرْ إِنَّهُم مُّنتَظِرُونَ,5,26,29,7,"ض,ظ,ع,ه",0,0,0,0,0,0,0,0,29,5.8,1.115385
75,3,أَيَحْسَبُ ٱلْإِنسَـٰنُ أَلَّن نَّجْمَعَ عِظَامَهُۥ,5,23,24,5,"ح,ظ,ع,ه",5,1,1,0,0,0,0,0,29,5.8,1.26087
83,24,تَعْرِفُ فِى وُجُوهِهِمْ نَضْرَةَ ٱلنَّعِيمِ,5,22,23,5,"ض,ع,ه",6,0,2,0,0,0,0,0,29,5.8,1.318182
2,66,فَجَعَلْنَـٰهَا نَكَـٰلًا لِّمَا بَيْنَ يَدَيْهَا وَمَا خَلْفَهَا وَمَوْعِظَةً لِّلْمُتَّقِينَ,9,43,32,8,"خ,ظ,ع,ق,ه",17,1,5,0,3,0,1,2,52,5.777778,1.209302
21,32,وَجَعَلْنَا ٱلسَّمَآءَ سَقْفًا مَّحْفُوظًا ۖ وَهُمْ عَنْ ءَايَـٰتِهَا مُعْرِضُونَ,9,39,46,11,"ء,ح,ض,ظ,ع,ق,ه",3,0,1,0,3,0,1,2,52,5.777778,1.333333
26,44,فَأَلْقَوْا۟ حِبَالَهُمْ وَعِصِيَّهُمْ وَقَالُوا۟ بِعِزَّةِ فِرْعَوْنَ إِنَّا لَنَحْنُ ٱلْغَـٰلِبُونَ,9,47,44,11,"ح,ص,ع,غ,ق,ه",8,1,2,0,0,0,0,0,52,5.777778,1.106383
6,129,وَكَذَٰلِكَ نُوَلِّى بَعْضَ ٱلظَّـٰلِمِينَ بَعْضًۢا بِمَا كَانُوا۟ يَكْسِبُونَ,8,37,34,6,"ذ,ض,ظ,ع",10,2,2,0,2,1,0,1,46,5.75,1.243243
6,155,وَهَـٰذَا كِتَـٰبٌ أَنزَلْنَـٰهُ مُبَارَكٌ فَٱتَّبِعُوهُ وَٱتَّقُوا۟ لَعَلَّكُمْ تُرْحَمُونَ,8,42,32,8,"ح,ذ,ع,ق,ه",11,1,3,0,3,0,2,1,46,5.75,1.095238
11,67,وَأَخَذَ ٱلَّذِينَ ظَلَمُوا۟ ٱلصَّيْحَةُ فَأَصْبَحُوا۟ فِى دِيَـٰرِهِمْ جَـٰثِمِينَ,8,39,39,10,"ث,ح,خ,ذ,ص,ظ,ه",5,1,1,0,2,1,1,0,46,5.75,1.179487
1,1,بِسْمِ ٱللَّهِ ٱلرَّحْمَـٰنِ ٱلرَّحِيمِ,4,19,13,3,"ح,ه",9,0,3,0,1,0,1,0,23,5.75,1.210526
26,223,يُلْقُونَ ٱلسَّمْعَ وَأَكْثَرُهُمْ كَـٰذِبُونَ,4,22,19,5,"ث,ذ,ع,ق,ه",3,0,1,0,1,0,1,0,23,5.75,1.045455
50,25,مَّنَّاعٍ لِّلْخَيْرِ مُعْتَدٍ مُّرِيبٍ,4,17,15,3,"خ,ع",6,0,2,0,2,0,0,2,23,5.75,1.352941
52,7,إِنَّ عَذَابَ رَبِّكَ لَوَٰقِعٌ,4,13,17,4,"ذ,ع,ق",5,1,1,0,1,0,1,0,23,5.75,1.769231
74,11,ذَرْنِى وَمَنْ خَلَقْتُ وَحِيدًا,4,16,16,4,"ح,خ,ذ,ق",6,0,2,0,1,0,0,1,23,5.75,1.4375
75,17,إِنَّ عَلَيْنَا جَمْعَهُۥ وَقُرْءَانَهُۥ,4,18,20,6,"ء,ع,ق,ه",3,0,1,0,0,0,0,0,23,5.75,1.277778
75,18,فَإِذَا قَرَأْنَـٰهُ فَٱتَّبِعْ قُرْءَانَهُۥ,4,20,22,7,"ء,ذ,ع,ق,ه",0,0,0,0,1,0,1,0,23,5.75,1.15
85,6,إِذْ هُمْ عَلَيْهَا قُعُودٌ,4,13,20,6,"ذ,ع,ق,ه",3,0,1,0,0,0,0,0,23,5.75,1.769231
7,181,وَمِمَّنْ خَلَقْنَآ أُمَّةٌ يَهْدُونَ بِٱلْحَقِّ وَبِهِۦ يَعْدِلُونَ,7,31,25,7,"ح,خ,ع,ق,ه",12,0,4,0,3,1,0,2,40,5.714286,1.290323
69,32,ثُمَّ فِى سِلْسِلَةٍ ذَرْعُهَا سَبْعُونَ ذِرَاعًا فَٱسْلُكُوهُ,7,31,35,8,"ث,ذ,ع,ه",3,0,1,0,2,0,0,2,40,5.714286,1.290323
43,29,بَلْ مَتَّعْتُ هَـٰٓؤُلَآءِ وَءَابَآءَهُمْ حَتَّىٰ جَآءَهُمُ ٱلْحَقُّ وَرَسُولٌ مُّبِينٌ,9,40,34,11,"ء,ح,ع,ق,ه",12,0,4,0,5,1,3,1,51,5.666667,1.275
51,59,فَإِنَّ لِلَّذِينَ ظَلَمُوا۟ ذَنُوبًا مِّثْلَ ذَنُوبِ أَصْحَـٰبِهِمْ فَلَا يَسْتَعْجِلُونِ,9,42,35,9,"ث,ح,ذ,ص,ظ,ع,ه",14,1,4,0,2,0,1,1,51,5.666667,1.214286
54,37,وَلَقَدْ رَٰوَدُوهُ عَن ضَيْفِهِۦ فَطَمَسْنَآ أَعْيُنَهُمْ فَذُوقُوا۟ عَذَابِى وَنُذُرِ,9,42,49,13,"ذ,ض,ط,ع,ق,ه",2,1,0,0,0,0,0,0,51,5.666667,1.214286
3,141,وَلِيُمَحِّصَ ٱللَّهُ ٱلَّذِينَ ءَامَنُوا۟ وَيَمْحَقَ ٱلْكَـٰفِرِينَ,6,33,25,7,"ء,ح,ذ,ص,ق,ه",8,1,2,0,1,1,0,0,34,5.666667,1.030303
7,108,وَنَزَعَ يَدَهُۥ فَإِذَا هِىَ بَيْضَآءُ لِلنَّـٰظِرِينَ,6,25,26,7,"ء,ذ,ض,ظ,ع,ه",6,0,2,0,2,0,2,0,34,5.666667,1.36
2,238,حَـٰفِظُوا۟ عَلَى ٱلصَّلَوَٰتِ وَٱلصَّلَوٰةِ ٱلْوُسْطَىٰ وَقُومُوا۟ لِلَّهِ قَـٰنِتِينَ,8,41,33,9,"ح,ص,ط,ظ,ع,ق,ه",9,0,3,0,3,2,1,0,45,5.625,1.097561
27,85,وَوَقَعَ ٱلْقَوْلُ عَلَيْهِم بِمَا ظَلَمُوا۟ فَهُمْ لَا يَنطِقُونَ,8,33,31,9,"ط,ظ,ع,ق,ه",14,1,4,0,0,0,0,0,45,5.625,1.363636
54,31,إِنَّآ أَرْسَلْنَا عَلَيْهِمْ صَيْحَةً وَٰحِدَةً فَكَانُوا۟ كَهَشِيمِ ٱلْمُحْتَظِرِ,8,40,36,8,"ح,ص,ظ,ع,ه",6,0,2,0,3,0,1,2,45,5.625,1.125
47,28,ذَٰلِكَ بِأَنَّهُمُ ٱتَّبَعُوا۟ مَآ أَسْخَطَ ٱللَّهَ وَكَرِهُوا۟ رِضْوَٰنَهُۥ فَأَحْبَطَ أَعْمَـٰلَهُمْ,10,46,49,13,"ح,خ,ذ,ض,ط,ع,ه",5,1,1,0,2,0,2,0,56,5.6,1.217391
15,41,قَالَ هَـٰذَا صِرَٰطٌ عَلَىَّ مُسْتَقِيمٌ,5,18,23,7,"ذ,ص,ط,ع,ق,ه",2,1,0,0,3,0,2,1,28,5.6,1.555556
26,38,فَجُمِعَ ٱلسَّحَرَةُ لِمِيقَـٰتِ يَوْمٍ مَّعْلُومٍ,5,23,21,4,"ح,ع,ق",6,0,2,0,1,0,0,1,28,5.6,1.217391
56,46,وَكَانُوا۟ يُصِرُّونَ عَلَى ٱلْحِنثِ ٱلْعَظِيمِ,5,25,26,6,"ث,ح,ص,ظ,ع",2,1,0,0,0,0,0,0,28,5.6,1.12
57,18,إِنَّ ٱلْمُصَّدِّقِينَ وَٱلْمُصَّدِّقَـٰتِ وَأَقْرَضُوا۟ ٱللَّهَ قَرْضًا حَسَنًا يُضَـٰعَفُ لَهُمْ وَلَهُمْ أَجْرٌ كَرِيمٌ,12,55,56,14,"ح,ص,ض,ع,ق,ه",5,1,1,0,6,2,1,3,67,5.583333,1.218182
10,82,وَيُحِقُّ ٱللَّهُ ٱلْحَقَّ بِكَلِمَـٰتِهِۦ وَلَوْ كَرِهَ ٱلْمُجْرِمُونَ,7,32,25,7,"ح,ق,ه",12,0,4,0,2,2,0,0,39,5.571429,1.21875
13,20,ٱلَّذِينَ يُوفُونَ بِعَهْدِ ٱللَّهِ وَلَا يَنقُضُونَ ٱلْمِيثَـٰقَ,7,33,28,8,"ث,ذ,ض,ع,ق,ه",10,2,2,0,1,0,1,0,39,5.571429,1.181818
25,24,أَصْحَـٰبُ ٱلْجَنَّةِ يَوْمَئِذٍ خَيْرٌ مُّسْتَقَرًّا وَأَحْسَنُ مَقِيلًا,7,33,30,7,"ح,خ,ذ,ص,ق",5,1,1,0,4,0,1,3,39,5.571429,1.181818
51,41,وَفِى عَادٍ إِذْ أَرْسَلْنَا عَلَيْهِمُ ٱلرِّيحَ ٱلْعَقِيمَ,7,30,30,7,"ح,ذ,ع,ق,ه",9,0,3,0,0,0,0,0,39,5.571429,1.3
6,42,وَلَقَدْ أَرْسَلْنَآ إِلَىٰٓ أُمَمٍ مِّن قَبْلِكَ فَأَخَذْنَـٰهُم بِٱلْبَأْسَآءِ وَٱلضَّرَّآءِ لَعَلَّهُمْ يَتَضَرَّعُونَ,11,56,48,12,"ء,خ,ذ,ض,ع,ق,ه",8,1,2,0,5,1,3,1,61,5.545455,1.089286
9,14,قَـٰتِلُوهُمْ يُعَذِّبْهُمُ ٱللَّهُ بِأَيْدِيكُمْ وَيُخْزِهِمْ وَيَنصُرْكُمْ عَلَيْهِمْ وَيَشْفِ صُدُورَ قَوْمٍ مُّؤْمِنِينَ,11,58,45,13,"خ,ذ,ص,ع,ق,ه",14,1,4,0,2,1,0,1,61,5.545455,1.051724
26,4,إِن نَّشَأْ نُنَزِّلْ عَلَيْهِم مِّنَ ٱلسَّمَآءِ ءَايَةً فَظَلَّتْ أَعْنَـٰقُهُمْ لَهَا خَـٰضِعِينَ,11,44,47,12,"ء,خ,ض,ظ,ع,ق,ه",10,2,2,0,4,0,3,1,61,5.545455,1.386364
19,25,وَهُزِّىٓ إِلَيْكِ بِجِذْعِ ٱلنَّخْلَةِ تُسَـٰقِطْ عَلَيْكِ رُطَبًا جَنِيًّا,8,34,35,8,"خ,ذ,ط,ع,ق,ه",7,2,1,0,2,0,1,1,44,5.5,1.294118
21,15,فَمَا زَالَت تِّلْكَ دَعْوَىٰهُمْ حَتَّىٰ جَعَلْنَـٰهُمْ حَصِيدًا خَـٰمِدِينَ,8,35,36,8,"ح,خ,ص,ع,ه",5,1,1,0,3,0,2,1,44,5.5,1.257143
25,69,يُضَـٰعَفْ لَهُ ٱلْعَذَابُ يَوْمَ ٱلْقِيَـٰمَةِ وَيَخْلُدْ فِيهِۦ مُهَانًا,8,34,35,9,"خ,ذ,ض,ع,ق,ه",7,2,1,0,2,0,2,0,44,5.5,1.294118
38,36,فَسَخَّرْنَا لَهُ ٱلرِّيحَ تَجْرِى بِأَمْرِهِۦ رُخَآءً حَيْثُ أَصَابَ,8,33,35,9,"ء,ث,ح,خ,ص,ه",6,0,2,0,3,1,1,1,44,5.5,1.333333
15,94,فَٱصْدَعْ بِمَا تُؤْمَرُ وَأَعْرِضْ عَنِ ٱلْمُشْرِكِينَ,6,27,27,5,"ص,ض,ع",6,0,2,0,0,0,0,0,33,5.5,1.222222
32,6,ذَٰلِكَ عَـٰلِمُ ٱلْغَيْبِ وَٱلشَّهَـٰدَةِ ٱلْعَزِيزُ ٱلرَّحِيمُ,6,30,27,6,"ح,ذ,ع,غ,ه",6,0,2,0,0,0,0,0,33,5.5,1.1
38,31,إِذْ عُرِضَ عَلَيْهِ بِٱلْعَشِىِّ ٱلصَّـٰفِنَـٰتُ ٱلْجِيَادُ,6,27,32,7,"ذ,ص,ض,ع,ه",0,0,0,0,1,1,0,0,33,5.5,1.222222
38,63,أَتَّخَذْنَـٰهُمْ سِخْرِيًّا أَمْ زَاغَتْ عَنْهُمُ ٱلْأَبْصَـٰرُ,6,28,30,8,"خ,ذ,ص,ع,غ,ه",2,1,0,0,1,0,1,0,33,5.5,1.178571
19,88,وَقَالُوا۟ ٱتَّخَذَ ٱلرَّحْمَـٰنُ وَلَدًا,4,20,16,4,"ح,خ,ذ,ق",5,1,1,0,1,0,1,0,22,5.5,1.1
37,61,لِمِثْلِ هَـٰذَا فَلْيَعْمَلِ ٱلْعَـٰمِلُونَ,4,20,19,5,"ث,ذ,ع,ه",2,1,0,0,1,0,1,0,22,5.5,1.1
37,63,إِنَّا جَعَلْنَـٰهَا فِتْنَةً لِّلظَّـٰلِمِينَ,4,20,13,3,"ظ,ع,ه",6,0,2,0,3,1,1,1,22,5.5,1.1
37,70,فَهُمْ عَلَىٰٓ ءَاثَـٰرِهِمْ يُهْرَعُونَ,4,18,22,7,"ء,ث,ع,ه",0,0,0,0,0,0,0,0,22,5.5,1.222222
37,96,وَٱللَّهُ خَلَقَكُمْ وَمَا تَعْمَلُونَ,4,19,16,4,"خ,ع,ق,ه",6,0,2,0,0,0,0,0,22,5.5,1.157895
38,52,وَعِندَهُمْ قَـٰصِرَٰتُ ٱلطَّرْفِ أَتْرَابٌ,4,20,17,5,"ص,ط,ع,ق,ه",2,1,0,0,3,1,2,0,22,5.5,1.1
38,82,قَالَ فَبِعِزَّتِكَ لَأُغْوِيَنَّهُمْ أَجْمَعِينَ,4,23,22,5,"ع,غ,ق,ه",0,0,0,0,0,0,0,0,22,5.5,0.956522
56,33,لَّا مَقْطُوعَةٍ وَلَا مَمْنُوعَةٍ,4,17,16,4,"ط,ع,ق",5,1,1,0,1,0,0,1,22,5.5,1.294118
56,57,نَحْنُ خَلَقْنَـٰكُمْ فَلَوْلَا تُصَدِّقُونَ,4,20,21,5,"ح,خ,ص,ق",0,0,0,0,1,0,1,0,22,5.5,1.1
74,9,فَذَٰلِكَ يَوْمَئِذٍ يَوْمٌ عَسِيرٌ,4,16,14,3,"ذ,ع",6,0,2,0,2,0,0,2,22,5.5,1.375
80,4,أَوْ يَذَّكَّرُ فَتَنفَعَهُ ٱلذِّكْرَىٰٓ,4,18,17,4,"ذ,ع,ه",3,0,1,0,2,2,0,0,22,5.5,1.222222
82,7,ٱلَّذِى خَلَقَكَ فَسَوَّىٰكَ فَعَدَلَكَ,4,18,22,4,"خ,ذ,ع,ق",0,0,0,0,0,0,0,0,22,5.5,1.222222
93,5,وَلَسَوْفَ يُعْطِيكَ رَبُّكَ فَتَرْضَىٰٓ,4,18,19,3,"ض,ط,ع",2,1,0,0,1,0,1,0,22,5.5,1.222222
104,7,ٱلَّتِى تَطَّلِعُ عَلَى ٱلْأَفْـِٔدَةِ,4,17,14,3,"ط,ع",7,0,2,1,1,1,0,0,22,5.5,1.294118
8,8,لِيُحِقَّ ٱلْحَقَّ وَيُبْطِلَ ٱلْبَـٰطِلَ وَلَوْ كَرِهَ ٱلْمُجْرِمُونَ,7,32,26,7,"ح,ط,ق,ه",9,0,3,0,3,2,1,0,38,5.428571,1.1875
41,3,كِتَـٰبٌ فُصِّلَتْ ءَايَـٰتُهُۥ قُرْءَانًا عَرَبِيًّا لِّقَوْمٍ يَعْلَمُونَ,7,33,27,8,"ء,ص,ع,ق,ه",6,0,2,0,5,1,0,4,38,5.428571,1.151515
10,58,قُلْ بِفَضْلِ ٱللَّهِ وَبِرَحْمَتِهِۦ فَبِذَٰلِكَ فَلْيَفْرَحُوا۟ هُوَ خَيْرٌ مِّمَّا يَجْمَعُونَ,10,44,44,10,"ح,خ,ذ,ض,ع,ق,ه",9,0,3,0,1,0,0,1,54,5.4,1.227273
17,105,وَبِٱلْحَقِّ أَنزَلْنَـٰهُ وَبِٱلْحَقِّ نَزَلَ ۗ وَمَآ أَرْسَلْنَـٰكَ إِلَّا مُبَشِّرًا وَنَذِيرًا,10,44,26,6,"ح,ذ,ق,ه",24,0,8,0,4,2,1,1,54,5.4,1.227273
36,8,إِنَّا جَعَلْنَا فِىٓ أَعْنَـٰقِهِمْ أَغْلَـٰلًا فَهِىَ إِلَى ٱلْأَذْقَانِ فَهُم مُّقْمَحُونَ,10,43,40,11,"ح,ذ,ع,غ,ق,ه",11,1,3,0,3,0,2,1,54,5.4,1.255814
15,81,وَءَاتَيْنَـٰهُمْ ءَايَـٰتِنَا فَكَانُوا۟ عَنْهَا مُعْرِضِينَ,5,30,26,7,"ء,ض,ع,ه",0,0,0,0,1,0,1,0,27,5.4,0.9
23,3,وَٱلَّذِينَ هُمْ عَنِ ٱللَّغْوِ مُعْرِضُونَ,5,21,24,6,"ذ,ض,ع,غ,ه",3,0,1,0,0,0,0,0,27,5.4,1.285714
54,13,وَحَمَلْنَـٰهُ عَلَىٰ ذَاتِ أَلْوَٰحٍ وَدُسُرٍ,5,20,21,5,"ح,ذ,ع,ه",3,0,1,0,3,0,2,1,27,5.4,1.35
64,18,عَـٰلِمُ ٱلْغَيْبِ وَٱلشَّهَـٰدَةِ ٱلْعَزِيزُ ٱلْحَكِيمُ,5,27,24,5,"ح,ع,غ,ه",3,0,1,0,0,0,0,0,27,5.4,1.0
78,36,جَزَآءً مِّن رَّبِّكَ عَطَآءً حِسَابًا,5,18,21,5,"ء,ح,ط,ع",2,1,0,0,4,0,2,2,27,5.4,1.5
102,8,ثُمَّ لَتُسْـَٔلُنَّ يَوْمَئِذٍ عَنِ ٱلنَّعِيمِ,5,20,17,4,"ث,ذ,ع",9,0,3,0,1,0,0,1,27,5.4,1.35
15,74,فَجَعَلْنَا عَـٰلِيَهَا سَافِلَهَا وَأَمْطَرْنَا عَلَيْهِمْ حِجَارَةً مِّن سِجِّيلٍ,8,40,36,8,"ح,ط,ع,ه",6,0,2,0,1,0,0,1,43,5.375,1.075
38,45,وَٱذْكُرْ عِبَـٰدَنَآ إِبْرَٰهِيمَ وَإِسْحَـٰقَ وَيَعْقُوبَ أُو۟لِى ٱلْأَيْدِى وَٱلْأَبْصَـٰرِ,8,44,31,8,"ح,ذ,ص,ع,ق,ه",9,0,3,0,3,0,3,0,43,5.375,0.977273
48,19,وَمَغَانِمَ كَثِيرَةً يَأْخُذُونَهَا ۗ وَكَانَ ٱللَّهُ عَزِيزًا حَكِيمًا,8,37,33,8,"ث,ح,خ,ذ,ع,غ,ه",8,1,2,0,2,0,0,2,43,5.375,1.162162
50,42,يَوْمَ يَسْمَعُونَ ٱلصَّيْحَةَ بِٱلْحَقِّ ۚ ذَٰلِكَ يَوْمُ ٱلْخُرُوجِ,8,32,32,7,"ح,خ,ذ,ص,ع,ق",9,0,3,0,2,2,0,0,43,5.375,1.34375
24,25,يَوْمَئِذٍ يُوَفِّيهِمُ ٱللَّهُ دِينَهُمُ ٱلْحَقَّ وَيَعْلَمُونَ أَنَّ ٱللَّهَ هُوَ ٱلْحَقُّ ٱلْمُبِينُ,11,49,35,11,"ح,ذ,ع,ق,ه",21,0,7,0,3,2,0,1,59,5.363636,1.204082
37,113,وَبَـٰرَكْنَا عَلَيْهِ وَعَلَىٰٓ إِسْحَـٰقَ ۚ وَمِن ذُرِّيَّتِهِمَا مُحْسِنٌ وَظَالِمٌ لِّنَفْسِهِۦ مُبِينٌ,11,46,41,10,"ح,ذ,ظ,ع,ق,ه",15,0,5,0,3,0,1,2,59,5.363636,1.282609
72,17,لِّنَفْتِنَهُمْ فِيهِ ۚ وَمَن يُعْرِضْ عَن ذِكْرِ رَبِّهِۦ يَسْلُكْهُ عَذَابًا صَعَدًا,11,39,48,12,"ذ,ص,ض,ع,ه",10,2,2,0,1,0,0,1,59,5.363636,1.512821
17,49,وَقَالُوٓا۟ أَءِذَا كُنَّا عِظَـٰمًا وَرُفَـٰتًا أَءِنَّا لَمَبْعُوثُونَ خَلْقًا جَدِيدًا,9,43,38,10,"ء,ث,خ,ذ,ظ,ع,ق",7,2,1,0,3,0,1,2,48,5.333333,1.116279
4,156,وَبِكُفْرِهِمْ وَقَوْلِهِمْ عَلَىٰ مَرْيَمَ بُهْتَـٰنًا عَظِيمًا,6,30,25,7,"ظ,ع,ق,ه",5,1,1,0,2,0,1,1,32,5.333333,1.066667
38,20,وَشَدَدْنَا مُلْكَهُۥ وَءَاتَيْنَـٰهُ ٱلْحِكْمَةَ وَفَصْلَ ٱلْخِطَابِ,6,33,26,7,"ء,ح,خ,ص,ط,ه",5,1,1,0,1,0,1,0,32,5.333333,0.969697
54,55,فِى مَقْعَدِ صِدْقٍ عِندَ مَلِيكٍ مُّقْتَدِرٍۭ,6,21,24,6,"ص,ع,ق",6,0,2,0,2,0,0,2,32,5.333333,1.52381
43,9,وَلَئِن سَأَلْتَهُم مَّنْ خَلَقَ ٱلسَّمَـٰوَٰتِ وَٱلْأَرْضَ لَيَقُولُنَّ خَلَقَهُنَّ ٱلْعَزِيزُ ٱلْعَلِيمُ,10,50,43,10,"خ,ض,ع,ق,ه",9,0,3,0,1,0,0,1,53,5.3,1.06
21,1,ٱقْتَرَبَ لِلنَّاسِ حِسَابُهُمْ وَهُمْ فِى غَفْلَةٍ مُّعْرِضُونَ,7,31,30,7,"ح,ض,ع,غ,ق,ه",6,0,2,0,1,0,0,1,37,5.285714,1.193548
36,75,لَا يَسْتَطِيعُونَ نَصْرَهُمْ وَهُمْ لَهُمْ جُندٌ مُّحْضَرُونَ,7,30,30,8,"ح,ص,ض,ط,ع,ه",6,1,1,1,1,0,0,1,37,5.285714,1.233333
38,18,إِنَّا سَخَّرْنَا ٱلْجِبَالَ مَعَهُۥ يُسَبِّحْنَ بِٱلْعَشِىِّ وَٱلْإِشْرَاقِ,7,36,30,6,"ح,خ,ع,ق,ه",6,0,2,0,1,1,0,0,37,5.285714,1.027778
45,20,هَـٰذَا بَصَـٰٓئِرُ لِلنَّاسِ وَهُدًى وَرَحْمَةٌ لِّقَوْمٍ يُوقِنُونَ,7,31,22,7,"ح,ذ,ص,ق,ه",11,1,3,0,4,0,1,3,37,5.285714,1.193548
18,6,فَلَعَلَّكَ بَـٰخِعٌ نَّفْسَكَ عَلَىٰٓ ءَاثَـٰرِهِمْ إِن لَّمْ يُؤْمِنُوا۟ بِهَـٰذَا ٱلْحَدِيثِ أَسَفًا,11,45,47,11,"ء,ث,ح,خ,ذ,ع,ه",8,1,2,0,3,0,2,1,58,5.272727,1.288889
17,75,إِذًا لَّأَذَقْنَـٰكَ ضِعْفَ ٱلْحَيَوٰةِ وَضِعْفَ ٱلْمَمَاتِ ثُمَّ لَا تَجِدُ لَكَ عَلَيْنَا نَصِيرًا,12,47,52,11,"ث,ح,ذ,ص,ض,ع,ق",9,3,1,0,2,0,1,1,63,5.25,1.340426
16,3,خَلَقَ ٱلسَّمَـٰوَٰتِ وَٱلْأَرْضَ بِٱلْحَقِّ ۚ تَعَـٰلَىٰ عَمَّا يُشْرِكُونَ,8,33,35,7,"ح,خ,ض,ع,ق",6,0,2,0,1,1,0,0,42,5.25,1.272727
33,68,رَبَّنَآ ءَاتِهِمْ ضِعْفَيْنِ مِنَ ٱلْعَذَابِ وَٱلْعَنْهُمْ لَعْنًا كَبِيرًا,8,38,37,9,"ء,ذ,ض,ع,ه",4,2,0,0,1,0,0,1,42,5.25,1.105263
43,54,فَٱسْتَخَفَّ قَوْمَهُۥ فَأَطَاعُوهُ ۚ إِنَّهُمْ كَانُوا۟ قَوْمًا فَـٰسِقِينَ,8,35,35,9,"خ,ط,ع,ق,ه",6,0,2,0,1,0,0,1,42,5.25,1.2
76,27,إِنَّ هَـٰٓؤُلَآءِ يُحِبُّونَ ٱلْعَاجِلَةَ وَيَذَرُونَ وَرَآءَهُمْ يَوْمًا ثَقِيلًا,8,40,28,9,"ء,ث,ح,ذ,ع,ق,ه",11,1,3,0,3,0,2,1,42,5.25,1.05
20,5,ٱلرَّحْمَـٰنُ عَلَى ٱلْعَرْشِ ٱسْتَوَىٰ,4,19,17,3,"ح,ع",3,0,1,0,1,0,1,0,21,5.25,1.105263
26,217,وَتَوَكَّلْ عَلَى ٱلْعَزِيزِ ٱلرَّحِيمِ,4,20,18,3,"ح,ع",3,0,1,0,0,0,0,0,21,5.25,1.05
37,145,فَنَبَذْنَـٰهُ بِٱلْعَرَآءِ وَهُوَ سَقِيمٌ,4,20,19,6,"ء,ذ,ع,ق,ه",0,0,0,0,2,0,2,0,21,5.25,1.05
44,54,كَذَٰلِكَ وَزَوَّجْنَـٰهُم بِحُورٍ عِينٍ,4,18,19,4,"ح,ذ,ع,ه",0,0,0,0,2,0,1,1,21,5.25,1.166667
50,13,وَعَادٌ وَفِرْعَوْنُ وَإِخْوَٰنُ لُوطٍ,4,18,19,4,"خ,ط,ع",0,0,0,0,2,0,1,1,21,5.25,1.166667
54,33,كَذَّبَتْ قَوْمُ لُوطٍۭ بِٱلنُّذُرِ,4,16,13,4,"ذ,ط,ق",6,0,2,0,2,1,0,1,21,5.25,1.3125
55,72,حُورٌ مَّقْصُورَٰتٌ فِى ٱلْخِيَامِ,4,17,17,4,"ح,خ,ص,ق",2,1,0,0,2,0,0,2,21,5.25,1.235294
70,33,وَٱلَّذِينَ هُم بِشَهَـٰدَٰتِهِمْ قَآئِمُونَ,4,21,13,5,"ذ,ق,ه",6,0,2,0,2,0,2,0,21,5.25,1.0
81,14,عَلِمَتْ نَفْسٌ مَّآ أَحْضَرَتْ,4,14,18,3,"ح,ض,ع",2,1,0,0,1,0,0,1,21,5.25,1.5
83,25,يُسْقَوْنَ مِن رَّحِيقٍ مَّخْتُومٍ,4,16,17,4,"ح,خ,ق",3,0,1,0,1,0,0,1,21,5.25,1.3125
83,33,وَمَآ أُرْسِلُوا۟ عَلَيْهِمْ حَـٰفِظِينَ,4,19,18,4,"ح,ظ,ع,ه",3,0,1,0,0,0,0,0,21,5.25,1.105263
86,8,إِنَّهُۥ عَلَىٰ رَجْعِهِۦ لَقَادِرٌ,4,15,18,5,"ع,ق,ه",3,0,1,0,0,0,0,0,21,5.25,1.4
22,42,وَإِن يُكَذِّبُوكَ فَقَدْ كَذَّبَتْ قَبْلَهُمْ قَوْمُ نُوحٍ وَعَادٌ وَثَمُودُ,9,36,34,9,"ث,ح,ذ,ع,ق,ه",9,0,3,0,4,2,0,2,47,5.222222,1.305556
30,57,فَيَوْمَئِذٍ لَّا يَنفَعُ ٱلَّذِينَ ظَلَمُوا۟ مَعْذِرَتُهُمْ وَلَا هُمْ يُسْتَعْتَبُونَ,9,42,35,9,"ذ,ظ,ع,ه",11,1,3,0,1,0,0,1,47,5.222222,1.119048
50,14,وَأَصْحَـٰبُ ٱلْأَيْكَةِ وَقَوْمُ تُبَّعٍ ۚ كُلٌّ كَذَّبَ ٱلرُّسُلَ فَحَقَّ وَعِيدِ,10,35,37,8,"ح,ذ,ص,ع,ق",11,1,3,0,4,2,1,1,52,5.2,1.485714
15,80,وَلَقَدْ كَذَّبَ أَصْحَـٰبُ ٱلْحِجْرِ ٱلْمُرْسَلِينَ,5,24,22,5,"ح,ذ,ص,ق",2,1,0,0,2,1,1,0,26,5.2,1.083333
20,20,فَأَلْقَىٰهَا فَإِذَا هِىَ حَيَّةٌ تَسْعَىٰ,5,20,23,6,"ح,ذ,ع,ق,ه",0,0,0,0,3,0,2,1,26,5.2,1.3
20,83,وَمَآ أَعْجَلَكَ عَن قَوْمِكَ يَـٰمُوسَىٰ,5,19,17,3,"ع,ق",9,0,3,0,0,0,0,0,26,5.2,1.368421
25,46,ثُمَّ قَبَضْنَـٰهُ إِلَيْنَا قَبْضًا يَسِيرًا,5,21,24,6,"ث,ض,ق,ه",0,0,0,0,2,0,1,1,26,5.2,1.238095
30,14,وَيَوْمَ تَقُومُ ٱلسَّاعَةُ يَوْمَئِذٍ يَتَفَرَّقُونَ,5,26,16,4,"ذ,ع,ق",9,0,3,0,1,0,0,1,26,5.2,1.0
37,55,فَٱطَّلَعَ فَرَءَاهُ فِى سَوَآءِ ٱلْجَحِيمِ,5,22,24,6,"ء,ح,ط,ع,ه",0,0,0,0,2,1,1,0,26,5.2,1.181818
52,12,ٱلَّذِينَ هُمْ فِى خَوْضٍ يَلْعَبُونَ,5,18,22,5,"خ,ذ,ض,ع,ه",3,0,1,0,1,0,0,1,26,5.2,1.444444
54,11,فَفَتَحْنَآ أَبْوَٰبَ ٱلسَّمَآءِ بِمَآءٍ مُّنْهَمِرٍ,5,25,14,4,"ء,ح,ه",9,0,3,0,3,0,2,1,26,5.2,1.04
56,76,وَإِنَّهُۥ لَقَسَمٌ لَّوْ تَعْلَمُونَ عَظِيمٌ,5,20,20,5,"ظ,ع,ق,ه",5,1,1,0,1,0,0,1,26,5.2,1.3
79,25,فَأَخَذَهُ ٱللَّهُ نَكَالَ ٱلْـَٔاخِرَةِ وَٱلْأُولَىٰٓ,5,26,19,5,"خ,ذ,ه",7,2,1,0,0,0,0,0,26,5.2,1.0
89,13,فَصَبَّ عَلَيْهِمْ رَبُّكَ سَوْطَ عَذَابٍ,5,18,24,6,"ذ,ص,ط,ع,ه",2,1,0,0,0,0,0,0,26,5.2,1.444444
57,11,مَّن ذَا ٱلَّذِى يُقْرِضُ ٱللَّهَ قَرْضًا حَسَنًا فَيُضَـٰعِفَهُۥ لَهُۥ وَلَهُۥٓ أَجْرٌ كَرِيمٌ,12,42,53,13,"ح,ذ,ض,ع,ق,ه",5,1,1,0,4,0,1,3,62,5.166667,1.47619
8,14,ذَٰلِكُمْ فَذُوقُوهُ وَأَنَّ لِلْكَـٰفِرِينَ عَذَابَ ٱلنَّارِ,6,29,23,6,"ذ,ع,ق,ه",8,1,2,0,0,0,0,0,31,5.166667,1.068966
17,109,وَيَخِرُّونَ لِلْأَذْقَانِ يَبْكُونَ وَيَزِيدُهُمْ خُشُوعًا ۩,6,30,26,6,"خ,ذ,ع,ق,ه",5,1,1,0,0,0,0,0,31,5.166667,1.033333
26,3,لَعَلَّكَ بَـٰخِعٌ نَّفْسَكَ أَلَّا يَكُونُوا۟ مُؤْمِنِينَ,6,26,20,3,"خ,ع",9,0,3,0,2,0,1,1,31,5.166667,1.192308
26,215,وَٱخْفِضْ جَنَاحَكَ لِمَنِ ٱتَّبَعَكَ مِنَ ٱلْمُؤْمِنِينَ,6,28,25,4,"ح,خ,ض,ع",6,0,2,0,0,0,0,0,31,5.166667,1.107143
30,17,فَسُبْحَـٰنَ ٱللَّهِ حِينَ تُمْسُونَ وَحِينَ تُصْبِحُونَ,6,27,28,6,"ح,ص,ه",3,0,1,0,0,0,0,0,31,5.166667,1.148148
69,9,وَجَآءَ فِرْعَوْنُ وَمَن قَبْلَهُۥ وَٱلْمُؤْتَفِكَـٰتُ بِٱلْخَاطِئَةِ,6,33,24,6,"ء,خ,ط,ع,ق,ه",6,0,2,0,1,0,1,0,31,5.166667,0.939394
69,13,فَإِذَا نُفِخَ فِى ٱلصُّورِ نَفْخَةٌ وَٰحِدَةٌ,6,22,25,5,"ح,خ,ذ,ص",3,0,1,0,3,1,1,1,31,5.166667,1.409091
69,18,يَوْمَئِذٍ تُعْرَضُونَ لَا تَخْفَىٰ مِنكُمْ خَافِيَةٌ,6,26,27,5,"خ,ذ,ض,ع",3,0,1,0,1,0,0,1,31,5.166667,1.192308
2,227,وَإِنْ عَزَمُوا۟ ٱلطَّلَـٰقَ فَإِنَّ ٱللَّهَ سَمِيعٌ عَلِيمٌ,7,28,26,6,"ط,ع,ق,ه",6,0,2,0,4,1,1,2,36,5.142857,1.285714
34,48,قُلْ إِنَّ رَبِّى يَقْذِفُ بِٱلْحَقِّ عَلَّـٰمُ ٱلْغُيُوبِ,7,25,26,7,"ح,ذ,ع,غ,ق",8,1,2,0,2,1,1,0,36,5.142857,1.44
72,16,وَأَلَّوِ ٱسْتَقَـٰمُوا۟ عَلَى ٱلطَّرِيقَةِ لَأَسْقَيْنَـٰهُم مَّآءً غَدَقًا,7,36,29,9,"ء,ط,ع,غ,ق,ه",3,0,1,0,4,1,2,1,36,5.142857,1.0
2,42,وَلَا تَلْبِسُوا۟ ٱلْحَقَّ بِٱلْبَـٰطِلِ وَتَكْتُمُوا۟ ٱلْحَقَّ وَأَنتُمْ تَعْلَمُونَ,8,41,26,6,"ح,ط,ع,ق",12,0,4,0,3,2,1,0,41,5.125,1.0
7,124,لَأُقَطِّعَنَّ أَيْدِيَكُمْ وَأَرْجُلَكُم مِّنْ خِلَـٰفٍ ثُمَّ لَأُصَلِّبَنَّكُمْ أَجْمَعِينَ,8,40,33,7,"ث,خ,ص,ط,ع,ق",4,2,0,0,4,1,1,2,41,5.125,1.025
22,29,ثُمَّ لْيَقْضُوا۟ تَفَثَهُمْ وَلْيُوفُوا۟ نُذُورَهُمْ وَلْيَطَّوَّفُوا۟ بِٱلْبَيْتِ ٱلْعَتِيقِ,8,46,36,10,"ث,ذ,ض,ط,ع,ق,ه",4,2,0,0,1,1,0,0,41,5.125,0.891304
25,14,لَّا تَدْعُوا۟ ٱلْيَوْمَ ثُبُورًا وَٰحِدًا وَٱدْعُوا۟ ثُبُورًا كَثِيرًا,8,37,25,6,"ث,ح,ع",12,0,4,0,4,0,1,3,41,5.125,1.108108
52,18,فَـٰكِهِينَ بِمَآ ءَاتَىٰهُمْ رَبُّهُمْ وَوَقَىٰهُمْ رَبُّهُمْ عَذَابَ ٱلْجَحِيمِ,8,38,31,10,"ء,ح,ذ,ع,ق,ه",8,1,2,0,2,0,2,0,41,5.125,1.078947
3,74,يَخْتَصُّ بِرَحْمَتِهِۦ مَن يَشَآءُ ۗ وَٱللَّهُ ذُو ٱلْفَضْلِ ٱلْعَظِيمِ,9,34,39,10,"ء,ح,خ,ذ,ص,ض,ظ,ع,ه",5,1,1,0,2,1,1,0,46,5.111111,1.352941
5,30,فَطَوَّعَتْ لَهُۥ نَفْسُهُۥ قَتْلَ أَخِيهِ فَقَتَلَهُۥ فَأَصْبَحَ مِنَ ٱلْخَـٰسِرِينَ,9,37,46,12,"ح,خ,ص,ط,ع,ق,ه",0,0,0,0,0,0,0,0,46,5.111111,1.243243
12,39,يَـٰصَـٰحِبَىِ ٱلسِّجْنِ ءَأَرْبَابٌ مُّتَفَرِّقُونَ خَيْرٌ أَمِ ٱللَّهُ ٱلْوَٰحِدُ ٱلْقَهَّارُ,9,43,33,9,"ء,ح,خ,ص,ق,ه",8,1,2,0,5,1,3,1,46,5.111111,1.069767
51,29,فَأَقْبَلَتِ ٱمْرَأَتُهُۥ فِى صَرَّةٍ فَصَكَّتْ وَجْهَهَا وَقَالَتْ عَجُوزٌ عَقِيمٌ,9,39,38,10,"ص,ع,ق,ه",6,0,2,0,2,0,0,2,46,5.111111,1.179487
10,14,ثُمَّ جَعَلْنَـٰكُمْ خَلَـٰٓئِفَ فِى ٱلْأَرْضِ مِنۢ بَعْدِهِمْ لِنَنظُرَ كَيْفَ تَعْمَلُونَ,10,40,41,8,"ث,خ,ض,ظ,ع,ه",9,0,3,0,1,0,1,0,51,5.1,1.275
36,67,وَلَوْ نَشَآءُ لَمَسَخْنَـٰهُمْ عَلَىٰ مَكَانَتِهِمْ فَمَا ٱسْتَطَـٰعُوا۟ مُضِيًّا وَلَا يَرْجِعُونَ,10,47,41,9,"ء,خ,ض,ط,ع,ه",6,1,1,1,4,0,3,1,51,5.1,1.085106
68,44,فَذَرْنِى وَمَن يُكَذِّبُ بِهَـٰذَا ٱلْحَدِيثِ ۖ سَنَسْتَدْرِجُهُم مِّنْ حَيْثُ لَا يَعْلَمُونَ,11,44,39,10,"ث,ح,ذ,ع,ه",14,1,4,0,3,1,1,1,56,5.090909,1.272727
20,124,وَمَنْ أَعْرَضَ عَن ذِكْرِى فَإِنَّ لَهُۥ مَعِيشَةً ضَنكًا وَنَحْشُرُهُۥ يَوْمَ ٱلْقِيَـٰمَةِ أَعْمَىٰ,12,46,52,11,"ح,ذ,ض,ع,ق,ه",6,0,2,0,3,0,1,2,61,5.083333,1.326087
2,263,قَوْلٌ مَّعْرُوفٌ وَمَغْفِرَةٌ خَيْرٌ مِّن صَدَقَةٍ يَتْبَعُهَآ أَذًى ۗ وَٱللَّهُ غَنِىٌّ حَلِيمٌ,12,44,44,12,"ح,خ,ذ,ص,ع,غ,ق,ه",9,0,3,0,7,0,1,6,60,5.0,1.363636
9,75,وَمِنْهُم مَّنْ عَـٰهَدَ ٱللَّهَ لَئِنْ ءَاتَىٰنَا مِن فَضْلِهِۦ لَنَصَّدَّقَنَّ وَلَنَكُونَنَّ مِنَ ٱلصَّـٰلِحِينَ,12,51,37,11,"ء,ح,ص,ض,ع,ق,ه",18,0,6,0,5,2,1,2,60,5.0,1.176471
15,22,وَأَرْسَلْنَا ٱلرِّيَـٰحَ لَوَٰقِحَ فَأَنزَلْنَا مِنَ ٱلسَّمَآءِ مَآءً فَأَسْقَيْنَـٰكُمُوهُ وَمَآ أَنتُمْ لَهُۥ بِخَـٰزِنِينَ,12,59,37,9,"ء,ح,خ,ق,ه",18,0,6,0,5,0,4,1,60,5.0,1.016949
29,13,وَلَيَحْمِلُنَّ أَثْقَالَهُمْ وَأَثْقَالًا مَّعَ أَثْقَالِهِمْ ۖ وَلَيُسْـَٔلُنَّ يَوْمَ ٱلْقِيَـٰمَةِ عَمَّا كَانُوا۟ يَفْتَرُونَ,12,59,43,12,"ث,ح,ع,ق,ه",15,3,3,0,2,0,1,1,60,5.0,1.016949
21,91,وَٱلَّتِىٓ أَحْصَنَتْ فَرْجَهَا فَنَفَخْنَا فِيهَا مِن رُّوحِنَا وَجَعَلْنَـٰهَا وَٱبْنَهَآ ءَايَةً لِّلْعَـٰلَمِينَ,11,56,44,11,"ء,ح,خ,ص,ع,ه",8,1,2,0,3,0,2,1,55,5.0,0.982143
41,35,وَمَا يُلَقَّىٰهَآ إِلَّا ٱلَّذِينَ صَبَرُوا۟ وَمَا يُلَقَّىٰهَآ إِلَّا ذُو حَظٍّ عَظِيمٍ,11,42,37,11,"ح,ذ,ص,ظ,ع,ق,ه",10,2,2,0,8,3,4,1,55,5.0,1.309524
7,52,وَلَقَدْ جِئْنَـٰهُم بِكِتَـٰبٍ فَصَّلْنَـٰهُ عَلَىٰ عِلْمٍ هُدًى وَرَحْمَةً لِّقَوْمٍ يُؤْمِنُونَ,10,42,33,9,"ح,ص,ع,ق,ه",9,0,3,0,8,1,2,5,50,5.0,1.190476
50,44,يَوْمَ تَشَقَّقُ ٱلْأَرْضُ عَنْهُمْ سِرَاعًا ۚ ذَٰلِكَ حَشْرٌ عَلَيْنَا يَسِيرٌ,10,36,42,9,"ح,ذ,ض,ع,ق,ه",6,0,2,0,2,1,0,1,50,5.0,1.388889
64,3,خَلَقَ ٱلسَّمَـٰوَٰتِ وَٱلْأَرْضَ بِٱلْحَقِّ وَصَوَّرَكُمْ فَأَحْسَنَ صُوَرَكُمْ ۖ وَإِلَيْهِ ٱلْمَصِيرُ,10,47,43,10,"ح,خ,ص,ض,ق,ه",6,0,2,0,1,1,0,0,50,5.0,1.06383
6,15,قُلْ إِنِّىٓ أَخَافُ إِنْ عَصَيْتُ رَبِّى عَذَابَ يَوْمٍ عَظِيمٍ,9,29,34,8,"خ,ذ,ص,ظ,ع,ق",9,3,1,0,2,0,0,2,45,5.0,1.551724
12,44,قَالُوٓا۟ أَضْغَـٰثُ أَحْلَـٰمٍ ۖ وَمَا نَحْنُ بِتَأْوِيلِ ٱلْأَحْلَـٰمِ بِعَـٰلِمِينَ,9,37,35,8,"ث,ح,ض,ع,غ,ق",7,2,1,0,3,0,3,0,45,5.0,1.216216
12,55,قَالَ ٱجْعَلْنِى عَلَىٰ خَزَآئِنِ ٱلْأَرْضِ ۖ إِنِّى حَفِيظٌ عَلِيمٌ,9,33,41,8,"ح,خ,ض,ظ,ع,ق",3,0,1,0,1,0,0,1,45,5.0,1.363636
17,106,وَقُرْءَانًا فَرَقْنَـٰهُ لِتَقْرَأَهُۥ عَلَى ٱلنَّاسِ عَلَىٰ مُكْثٍ وَنَزَّلْنَـٰهُ تَنزِيلًا,9,44,35,10,"ء,ث,ع,ق,ه",6,0,2,0,4,0,2,2,45,5.0,1.022727
18,12,ثُمَّ بَعَثْنَـٰهُمْ لِنَعْلَمَ أَىُّ ٱلْحِزْبَيْنِ أَحْصَىٰ لِمَا لَبِثُوٓا۟ أَمَدًا,9,38,35,9,"ث,ح,ص,ع,ه",7,2,1,0,3,0,3,0,45,5.0,1.184211
32,21,وَلَنُذِيقَنَّهُم مِّنَ ٱلْعَذَابِ ٱلْأَدْنَىٰ دُونَ ٱلْعَذَابِ ٱلْأَكْبَرِ لَعَلَّهُمْ يَرْجِعُونَ,9,49,38,10,"ذ,ع,ق,ه",7,2,1,0,0,0,0,0,45,5.0,0.918367
9,82,فَلْيَضْحَكُوا۟ قَلِيلًا وَلْيَبْكُوا۟ كَثِيرًا جَزَآءًۢ بِمَا كَانُوا۟ يَكْسِبُونَ,8,43,28,5,"ء,ث,ح,ض,ق",8,1,2,0,4,0,1,3,40,5.0,0.930233
16,47,أَوْ يَأْخُذَهُمْ عَلَىٰ تَخَوُّفٍ فَإِنَّ رَبَّكُمْ لَرَءُوفٌ رَّحِيمٌ,8,31,31,7,"ء,ح,خ,ذ,ع,ه",7,2,1,0,2,0,0,2,40,5.0,1.290323
22,59,لَيُدْخِلَنَّهُم مُّدْخَلًا يَرْضَوْنَهُۥ ۗ وَإِنَّ ٱللَّهَ لَعَلِيمٌ حَلِيمٌ,8,35,32,8,"ح,خ,ض,ع,ه",6,0,2,0,2,0,0,2,40,5.0,1.142857
24,56,وَأَقِيمُوا۟ ٱلصَّلَوٰةَ وَءَاتُوا۟ ٱلزَّكَوٰةَ وَأَطِيعُوا۟ ٱلرَّسُولَ لَعَلَّكُمْ تُرْحَمُونَ,8,49,30,7,"ء,ح,ص,ط,ع,ق",9,0,3,0,1,1,0,0,40,5.0,0.816327
30,59,كَذَٰلِكَ يَطْبَعُ ٱللَّهُ عَلَىٰ قُلُوبِ ٱلَّذِينَ لَا يَعْلَمُونَ,8,32,31,8,"ذ,ط,ع,ق,ه",9,0,3,0,0,0,0,0,40,5.0,1.25
7,16,قَالَ فَبِمَآ أَغْوَيْتَنِى لَأَقْعُدَنَّ لَهُمْ صِرَٰطَكَ ٱلْمُسْتَقِيمَ,7,35,28,8,"ص,ط,ع,غ,ق,ه",6,0,2,0,1,0,1,0,35,5.0,1.0
39,28,قُرْءَانًا عَرَبِيًّا غَيْرَ ذِى عِوَجٍ لَّعَلَّهُمْ يَتَّقُونَ,7,29,32,9,"ء,ذ,ع,غ,ق,ه",0,0,0,0,3,0,0,3,35,5.0,1.206897
8,3,ٱلَّذِينَ يُقِيمُونَ ٱلصَّلَوٰةَ وَمِمَّا رَزَقْنَـٰهُمْ يُنفِقُونَ,6,33,19,6,"ذ,ص,ق,ه",9,0,3,0,2,1,1,0,30,5.0,0.909091
15,68,قَالَ إِنَّ هَـٰٓؤُلَآءِ ضَيْفِى فَلَا تَفْضَحُونِ,6,23,27,6,"ء,ح,ض,ق,ه",2,1,0,0,1,0,1,0,30,5.0,1.304348
38,64,إِنَّ ذَٰلِكَ لَحَقٌّ تَخَاصُمُ أَهْلِ ٱلنَّارِ,6,21,22,6,"ح,خ,ذ,ص,ق,ه",6,0,2,0,2,1,0,1,30,5.0,1.428571
73,11,وَذَرْنِى وَٱلْمُكَذِّبِينَ أُو۟لِى ٱلنَّعْمَةِ وَمَهِّلْهُمْ قَلِيلًا,6,35,19,6,"ذ,ع,ق,ه",9,0,3,0,2,2,0,0,30,5.0,0.857143
20,79,وَأَضَلَّ فِرْعَوْنُ قَوْمَهُۥ وَمَا هَدَىٰ,5,19,19,5,"ض,ع,ق,ه",6,0,2,0,0,0,0,0,25,5.0,1.315789
23,8,وَٱلَّذِينَ هُمْ لِأَمَـٰنَـٰتِهِمْ وَعَهْدِهِمْ رَٰعُونَ,5,25,21,7,"ذ,ع,ه",3,0,1,0,1,0,1,0,25,5.0,1.0
23,9,وَٱلَّذِينَ هُمْ عَلَىٰ صَلَوَٰتِهِمْ يُحَافِظُونَ,5,24,25,7,"ح,ذ,ص,ظ,ع,ه",0,0,0,0,0,0,0,0,25,5.0,1.041667
23,90,بَلْ أَتَيْنَـٰهُم بِٱلْحَقِّ وَإِنَّهُمْ لَكَـٰذِبُونَ,5,24,16,5,"ح,ذ,ق,ه",6,0,2,0,3,1,2,0,25,5.0,1.041667
26,65,وَأَنجَيْنَا مُوسَىٰ وَمَن مَّعَهُۥٓ أَجْمَعِينَ,5,23,15,3,"ع,ه",9,0,3,0,1,0,1,0,25,5.0,1.086957
44,28,كَذَٰلِكَ ۖ وَأَوْرَثْنَـٰهَا قَوْمًا ءَاخَرِينَ,5,22,20,6,"ء,ث,خ,ذ,ق,ه",3,0,1,0,2,0,1,1,25,5.0,1.136364
56,59,ءَأَنتُمْ تَخْلُقُونَهُۥٓ أَمْ نَحْنُ ٱلْخَـٰلِقُونَ,5,24,25,7,"ء,ح,خ,ق,ه",0,0,0,0,0,0,0,0,25,5.0,1.041667
56,95,إِنَّ هَـٰذَا لَهُوَ حَقُّ ٱلْيَقِينِ,5,16,18,6,"ح,ذ,ق,ه",5,1,1,0,2,1,1,0,25,5.0,1.5625
68,50,فَٱجْتَبَـٰهُ رَبُّهُۥ فَجَعَلَهُۥ مِنَ ٱلصَّـٰلِحِينَ,5,23,23,6,"ح,ص,ع,ه",0,0,0,0,2,1,1,0,25,5.0,1.086957
70,34,وَٱلَّذِينَ هُمْ عَلَىٰ صَلَاتِهِمْ يُحَافِظُونَ,5,24,25,7,"ح,ذ,ص,ظ,ع,ه",0,0,0,0,0,0,0,0,25,5.0,1.041667
71,18,ثُمَّ يُعِيدُكُمْ فِيهَا وَيُخْرِجُكُمْ إِخْرَاجًا,5,25,25,5,"ث,خ,ع,ه",0,0,0,0,0,0,0,0,25,5.0,1.0
73,5,إِنَّا سَنُلْقِى عَلَيْكَ قَوْلًا ثَقِيلًا,5,21,19,5,"ث,ع,ق",5,1,1,0,1,0,0,1,25,5.0,1.190476
27,77,وَإِنَّهُۥ لَهُدًى وَرَحْمَةٌ لِّلْمُؤْمِنِينَ,4,21,9,3,"ح,ه",9,0,3,0,2,0,0,2,20,5.0,0.952381
37,69,إِنَّهُمْ أَلْفَوْا۟ ءَابَآءَهُمْ ضَآلِّينَ,4,21,15,5,"ء,ض,ه",3,0,1,0,2,0,2,0,20,5.0,0.952381
37,159,سُبْحَـٰنَ ٱللَّهِ عَمَّا يَصِفُونَ,4,16,17,4,"ح,ص,ع,ه",3,0,1,0,0,0,0,0,20,5.0,1.25
38,67,قُلْ هُوَ نَبَؤٌا۟ عَظِيمٌ,4,12,14,4,"ظ,ع,ق,ه",5,1,1,0,1,0,0,1,20,5.0,1.666667
48,3,وَيَنصُرَكَ ٱللَّهُ نَصْرًا عَزِيزًا,4,19,16,4,"ص,ع,ه",3,0,1,0,1,0,0,1,20,5.0,1.052632
51,48,وَٱلْأَرْضَ فَرَشْنَـٰهَا فَنِعْمَ ٱلْمَـٰهِدُونَ,4,23,18,4,"ض,ع,ه",0,0,0,0,2,0,2,0,20,5.0,0.869565
54,53,وَكُلُّ صَغِيرٍ وَكَبِيرٍ مُّسْتَطَرٌ,4,17,12,3,"ص,ط,غ",6,1,1,1,2,0,0,2,20,5.0,1.176471
56,74,فَسَبِّحْ بِٱسْمِ رَبِّكَ ٱلْعَظِيمِ,4,17,18,3,"ح,ظ,ع",2,1,0,0,0,0,0,0,20,5.0,1.176471
56,82,وَتَجْعَلُونَ رِزْقَكُمْ أَنَّكُمْ تُكَذِّبُونَ,4,22,16,3,"ذ,ع,ق",3,0,1,0,1,1,0,0,20,5.0,0.909091
69,46,ثُمَّ لَقَطَعْنَا مِنْهُ ٱلْوَتِينَ,4,17,16,5,"ث,ط,ع,ق,ه",4,2,0,0,0,0,0,0,20,5.0,1.176471
77,50,فَبِأَىِّ حَدِيثٍۭ بَعْدَهُۥ يُؤْمِنُونَ,4,18,16,4,"ث,ح,ع,ه",3,0,1,0,1,0,0,1,20,5.0,1.111111
92,3,وَمَا خَلَقَ ٱلذَّكَرَ وَٱلْأُنثَىٰٓ,4,18,15,4,"ث,خ,ذ,ق",3,0,1,0,2,1,1,0,20,5.0,1.111111
104,2,ٱلَّذِى جَمَعَ مَالًا وَعَدَّدَهُۥ,4,16,16,4,"ذ,ع,ه",3,0,1,0,1,0,0,1,20,5.0,1.25
29,7,وَٱلَّذِينَ ءَامَنُوا۟ وَعَمِلُوا۟ ٱلصَّـٰلِحَـٰتِ لَنُكَفِّرَنَّ عَنْهُمْ سَيِّـَٔاتِهِمْ وَلَنَجْزِيَنَّهُمْ أَحْسَنَ ٱلَّذِى كَانُوا۟ يَعْمَلُونَ,12,68,49,12,"ء,ح,ذ,ص,ع,ه",9,0,3,0,1,1,0,0,59,4.916667,0.867647
3,133,وَسَارِعُوٓا۟ إِلَىٰ مَغْفِرَةٍ مِّن رَّبِّكُمْ وَجَنَّةٍ عَرْضُهَا ٱلسَّمَـٰوَٰتُ وَٱلْأَرْضُ أُعِدَّتْ لِلْمُتَّقِينَ,11,53,40,8,"ض,ع,غ,ق,ه",11,1,3,0,3,0,1,2,54,4.909091,1.018868
10,76,فَلَمَّا جَآءَهُمُ ٱلْحَقُّ مِنْ عِندِنَا قَالُوٓا۟ إِنَّ هَـٰذَا لَسِحْرٌ مُّبِينٌ,10,38,33,9,"ء,ح,ذ,ع,ق,ه",11,1,3,0,5,1,2,2,49,4.9,1.289474
14,43,مُهْطِعِينَ مُقْنِعِى رُءُوسِهِمْ لَا يَرْتَدُّ إِلَيْهِمْ طَرْفُهُمْ ۖ وَأَفْـِٔدَتُهُمْ هَوَآءٌ,10,44,38,13,"ء,ط,ع,ق,ه",10,2,2,0,1,0,1,0,49,4.9,1.113636
18,44,هُنَالِكَ ٱلْوَلَـٰيَةُ لِلَّهِ ٱلْحَقِّ ۚ هُوَ خَيْرٌ ثَوَابًا وَخَيْرٌ عُقْبًا,10,36,36,10,"ث,ح,خ,ع,ق,ه",9,0,3,0,4,1,0,3,49,4.9,1.361111
18,80,وَأَمَّا ٱلْغُلَـٰمُ فَكَانَ أَبَوَاهُ مُؤْمِنَيْنِ فَخَشِينَآ أَن يُرْهِقَهُمَا طُغْيَـٰنًا وَكُفْرًا,10,49,29,8,"خ,ط,غ,ق,ه",17,1,5,0,3,0,2,1,49,4.9,1.0
23,17,وَلَقَدْ خَلَقْنَا فَوْقَكُمْ سَبْعَ طَرَآئِقَ وَمَا كُنَّا عَنِ ٱلْخَلْقِ غَـٰفِلِينَ,10,40,46,11,"خ,ط,ع,غ,ق",3,0,1,0,0,0,0,0,49,4.9,1.225
25,26,ٱلْمُلْكُ يَوْمَئِذٍ ٱلْحَقُّ لِلرَّحْمَـٰنِ ۚ وَكَانَ يَوْمًا عَلَى ٱلْكَـٰفِرِينَ عَسِيرًا,10,43,31,6,"ح,ذ,ع,ق",15,0,5,0,3,1,1,1,49,4.9,1.139535
15,66,وَقَضَيْنَآ إِلَيْهِ ذَٰلِكَ ٱلْأَمْرَ أَنَّ دَابِرَ هَـٰٓؤُلَآءِ مَقْطُوعٌ مُّصْبِحِينَ,9,40,38,11,"ء,ح,ذ,ص,ض,ط,ع,ق,ه",4,2,0,0,2,0,1,1,44,4.888889,1.1
29,43,وَتِلْكَ ٱلْأَمْثَـٰلُ نَضْرِبُهَا لِلنَّاسِ ۖ وَمَا يَعْقِلُهَآ إِلَّا ٱلْعَـٰلِمُونَ,9,40,28,7,"ث,ض,ع,ق,ه",15,0,5,0,1,0,1,0,44,4.888889,1.1
33,8,لِّيَسْـَٔلَ ٱلصَّـٰدِقِينَ عَن صِدْقِهِمْ ۚ وَأَعَدَّ لِلْكَـٰفِرِينَ عَذَابًا أَلِيمًا,9,39,35,9,"ذ,ص,ع,ق,ه",8,1,2,0,1,1,0,0,44,4.888889,1.128205
34,38,وَٱلَّذِينَ يَسْعَوْنَ فِىٓ ءَايَـٰتِنَا مُعَـٰجِزِينَ أُو۟لَـٰٓئِكَ فِى ٱلْعَذَابِ مُحْضَرُونَ,9,44,40,8,"ء,ح,ذ,ض,ع",4,2,0,0,0,0,0,0,44,4.888889,1.0
18,59,وَتِلْكَ ٱلْقُرَىٰٓ أَهْلَكْنَـٰهُمْ لَمَّا ظَلَمُوا۟ وَجَعَلْنَا لِمَهْلِكِهِم مَّوْعِدًا,8,42,29,8,"ظ,ع,ق,ه",9,0,3,0,1,0,1,0,39,4.875,0.928571
20,59,قَالَ مَوْعِدُكُمْ يَوْمُ ٱلزِّينَةِ وَأَن يُحْشَرَ ٱلنَّاسُ ضُحًى,8,33,28,5,"ح,ض,ع,ق",11,1,3,0,0,0,0,0,39,4.875,1.181818
21,58,فَجَعَلَهُمْ جُذَٰذًا إِلَّا كَبِيرًا لَّهُمْ لَعَلَّهُمْ إِلَيْهِ يَرْجِعُونَ,8,36,34,9,"ذ,ع,ه",3,0,1,0,2,0,1,1,39,4.875,1.083333
25,38,وَعَادًا وَثَمُودَا۟ وَأَصْحَـٰبَ ٱلرَّسِّ وَقُرُونًۢا بَيْنَ ذَٰلِكَ كَثِيرًا,8,37,28,7,"ث,ح,ذ,ص,ع,ق",8,1,2,0,3,0,1,2,39,4.875,1.054054
34,35,وَقَالُوا۟ نَحْنُ أَكْثَرُ أَمْوَٰلًا وَأَوْلَـٰدًا وَمَا نَحْنُ بِمُعَذَّبِينَ,8,37,25,6,"ث,ح,ذ,ع,ق",11,1,3,0,3,1,0,2,39,4.875,1.054054
2,43,وَأَقِيمُوا۟ ٱلصَّلَوٰةَ وَءَاتُوا۟ ٱلزَّكَوٰةَ وَٱرْكَعُوا۟ مَعَ ٱلرَّٰكِعِينَ,7,41,27,6,"ء,ص,ع,ق",6,0,2,0,1,1,0,0,34,4.857143,0.829268
15,16,وَلَقَدْ جَعَلْنَا فِى ٱلسَّمَآءِ بُرُوجًا وَزَيَّنَّـٰهَا لِلنَّـٰظِرِينَ,7,35,21,5,"ء,ظ,ع,ق,ه",9,0,3,0,4,0,3,1,34,4.857143,0.971429
26,34,قَالَ لِلْمَلَإِ حَوْلَهُۥٓ إِنَّ هَـٰذَا لَسَـٰحِرٌ عَلِيمٌ,7,25,26,7,"ح,ذ,ع,ق,ه",5,1,1,0,3,0,2,1,34,4.857143,1.36
37,16,أَءِذَا مِتْنَا وَكُنَّا تُرَابًا وَعِظَـٰمًا أَءِنَّا لَمَبْعُوثُونَ,7,34,25,7,"ء,ث,ذ,ظ,ع",7,2,1,0,2,0,1,1,34,4.857143,1.0
38,14,إِن كُلٌّ إِلَّا كَذَّبَ ٱلرُّسُلَ فَحَقَّ عِقَابِ,7,22,23,5,"ح,ذ,ع,ق",9,0,3,0,2,2,0,0,34,4.857143,1.545455
38,33,رُدُّوهَا عَلَىَّ ۖ فَطَفِقَ مَسْحًۢا بِٱلسُّوقِ وَٱلْأَعْنَاقِ,7,30,33,8,"ح,ط,ع,ق,ه",0,0,0,0,1,0,0,1,34,4.857143,1.133333
38,39,هَـٰذَا عَطَآؤُنَا فَٱمْنُنْ أَوْ أَمْسِكْ بِغَيْرِ حِسَابٍ,7,28,25,6,"ح,ذ,ط,ع,غ,ه",7,2,1,0,2,0,2,0,34,4.857143,1.214286
42,34,أَوْ يُوبِقْهُنَّ بِمَا كَسَبُوا۟ وَيَعْفُ عَن كَثِيرٍ,7,26,22,5,"ث,ع,ق,ه",12,0,4,0,0,0,0,0,34,4.857143,1.307692
106,4,ٱلَّذِىٓ أَطْعَمَهُم مِّن جُوعٍ وَءَامَنَهُم مِّنْ خَوْفٍۭ,7,27,29,8,"ء,خ,ذ,ط,ع,ه",2,1,0,0,3,0,1,2,34,4.857143,1.259259
10,77,قَالَ مُوسَىٰٓ أَتَقُولُونَ لِلْحَقِّ لَمَّا جَآءَكُمْ ۖ أَسِحْرٌ هَـٰذَا وَلَا يُفْلِحُ ٱلسَّـٰحِرُونَ,12,47,42,10,"ء,ح,ذ,ق,ه",11,1,3,0,5,1,3,1,58,4.833333,1.234043
24,12,لَّوْلَآ إِذْ سَمِعْتُمُوهُ ظَنَّ ٱلْمُؤْمِنُونَ وَٱلْمُؤْمِنَـٰتُ بِأَنفُسِهِمْ خَيْرًا وَقَالُوا۟ هَـٰذَآ إِفْكٌ مُّبِينٌ,12,58,34,9,"خ,ذ,ظ,ع,ق,ه",20,1,6,0,4,0,2,2,58,4.833333,1.0
3,17,ٱلصَّـٰبِرِينَ وَٱلصَّـٰدِقِينَ وَٱلْقَـٰنِتِينَ وَٱلْمُنفِقِينَ وَٱلْمُسْتَغْفِرِينَ بِٱلْأَسْحَارِ,6,51,27,7,"ح,ص,غ,ق",0,0,0,0,2,2,0,0,29,4.833333,0.568627
20,4,تَنزِيلًا مِّمَّنْ خَلَقَ ٱلْأَرْضَ وَٱلسَّمَـٰوَٰتِ ٱلْعُلَى,6,29,21,4,"خ,ض,ع,ق",6,0,2,0,2,0,0,2,29,4.833333,1.0
26,83,رَبِّ هَبْ لِى حُكْمًا وَأَلْحِقْنِى بِٱلصَّـٰلِحِينَ,6,25,24,6,"ح,ص,ق,ه",3,0,1,0,2,1,0,1,29,4.833333,1.16
36,72,وَذَلَّلْنَـٰهَا لَهُمْ فَمِنْهَا رَكُوبُهُمْ وَمِنْهَا يَأْكُلُونَ,6,32,16,6,"ذ,ه",12,0,4,0,1,0,1,0,29,4.833333,0.90625
37,177,فَإِذَا نَزَلَ بِسَاحَتِهِمْ فَسَآءَ صَبَاحُ ٱلْمُنذَرِينَ,6,30,28,7,"ء,ح,ذ,ص,ه",0,0,0,0,1,0,1,0,29,4.833333,0.966667
40,19,يَعْلَمُ خَآئِنَةَ ٱلْأَعْيُنِ وَمَا تُخْفِى ٱلصُّدُورُ,6,28,24,5,"خ,ص,ع",3,0,1,0,2,1,1,0,29,4.833333,1.035714
47,8,وَٱلَّذِينَ كَفَرُوا۟ فَتَعْسًا لَّهُمْ وَأَضَلَّ أَعْمَـٰلَهُمْ,6,29,27,6,"ذ,ض,ع,ه",0,0,0,0,2,0,1,1,29,4.833333,1.0
76,4,إِنَّآ أَعْتَدْنَا لِلْكَـٰفِرِينَ سَلَـٰسِلَا۟ وَأَغْلَـٰلًا وَسَعِيرًا,6,33,18,3,"ع,غ",9,0,3,0,2,0,1,1,29,4.833333,0.878788
83,15,كَلَّآ إِنَّهُمْ عَن رَّبِّهِمْ يَوْمَئِذٍ لَّمَحْجُوبُونَ,6,26,19,5,"ح,ذ,ع,ه",9,0,3,0,1,0,0,1,29,4.833333,1.115385
18,101,ٱلَّذِينَ كَانَتْ أَعْيُنُهُمْ فِى غِطَآءٍ عَن ذِكْرِى وَكَانُوا۟ لَا يَسْتَطِيعُونَ سَمْعًا,11,47,45,11,"ء,ذ,ط,ع,غ,ه",6,1,1,1,2,0,1,1,53,4.818182,1.12766
50,26,ٱلَّذِى جَعَلَ مَعَ ٱللَّهِ إِلَـٰهًا ءَاخَرَ فَأَلْقِيَاهُ فِى ٱلْعَذَابِ ٱلشَّدِيدِ,10,42,41,11,"ء,خ,ذ,ع,ق,ه",5,1,1,0,2,0,1,1,48,4.8,1.142857
70,44,خَـٰشِعَةً أَبْصَـٰرُهُمْ تَرْهَقُهُمْ ذِلَّةٌ ۚ ذَٰلِكَ ٱلْيَوْمُ ٱلَّذِى كَانُوا۟ يُوعَدُونَ,10,42,39,11,"خ,ذ,ص,ع,ق,ه",9,0,3,0,0,0,0,0,48,4.8,1.142857
14,20,وَمَا ذَٰلِكَ عَلَى ٱللَّهِ بِعَزِيزٍ,5,18,18,4,"ذ,ع,ه",6,0,2,0,0,0,0,0,24,4.8,1.333333
19,22,فَحَمَلَتْهُ فَٱنتَبَذَتْ بِهِۦ مَكَانًا قَصِيًّا,5,24,21,6,"ح,ذ,ص,ق,ه",2,1,0,0,1,0,0,1,24,4.8,1.0
20,24,ٱذْهَبْ إِلَىٰ فِرْعَوْنَ إِنَّهُۥ طَغَىٰ,5,18,19,6,"ذ,ط,ع,غ,ه",4,2,0,0,1,0,1,0,24,4.8,1.333333
20,43,ٱذْهَبَآ إِلَىٰ فِرْعَوْنَ إِنَّهُۥ طَغَىٰ,5,19,19,6,"ذ,ط,ع,غ,ه",4,2,0,0,1,0,1,0,24,4.8,1.263158
26,211,وَمَا يَنۢبَغِى لَهُمْ وَمَا يَسْتَطِيعُونَ,5,22,14,4,"ط,ع,غ,ه",10,0,3,1,0,0,0,0,24,4.8,1.090909
37,115,وَنَجَّيْنَـٰهُمَا وَقَوْمَهُمَا مِنَ ٱلْكَرْبِ ٱلْعَظِيمِ,5,28,18,5,"ظ,ع,ق,ه",5,1,1,0,1,0,1,0,24,4.8,0.857143
38,46,إِنَّآ أَخْلَصْنَـٰهُم بِخَالِصَةٍ ذِكْرَى ٱلدَّارِ,5,25,22,6,"خ,ذ,ص,ه",0,0,0,0,2,0,1,1,24,4.8,0.96
51,33,لِنُرْسِلَ عَلَيْهِمْ حِجَارَةً مِّن طِينٍ,5,20,17,4,"ح,ط,ع,ه",6,0,2,0,1,0,0,1,24,4.8,1.2
55,14,خَلَقَ ٱلْإِنسَـٰنَ مِن صَلْصَـٰلٍ كَٱلْفَخَّارِ,5,22,22,5,"خ,ص,ق",0,0,0,0,2,1,0,1,24,4.8,1.090909
56,9,وَأَصْحَـٰبُ ٱلْمَشْـَٔمَةِ مَآ أَصْحَـٰبُ ٱلْمَشْـَٔمَةِ,5,23,18,4,"ح,ص",4,2,0,0,2,0,2,0,24,4.8,1.043478
56,41,وَأَصْحَـٰبُ ٱلشِّمَالِ مَآ أَصْحَـٰبُ ٱلشِّمَالِ,5,23,18,4,"ح,ص",4,2,0,0,2,0,2,0,24,4.8,1.043478
56,50,لَمَجْمُوعُونَ إِلَىٰ مِيقَـٰتِ يَوْمٍ مَّعْلُومٍ,5,23,14,3,"ع,ق",9,0,3,0,1,0,0,1,24,4.8,1.043478
68,10,وَلَا تُطِعْ كُلَّ حَلَّافٍ مَّهِينٍ,5,16,17,4,"ح,ط,ع,ه",6,1,1,1,1,0,0,1,24,4.8,1.5
69,44,وَلَوْ تَقَوَّلَ عَلَيْنَا بَعْضَ ٱلْأَقَاوِيلِ,5,23,22,5,"ض,ع,ق",2,1,0,0,0,0,0,0,24,4.8,1.043478
70,36,فَمَالِ ٱلَّذِينَ كَفَرُوا۟ قِبَلَكَ مُهْطِعِينَ,5,24,20,5,"ذ,ط,ع,ق,ه",4,2,0,0,0,0,0,0,24,4.8,1.0
75,38,ثُمَّ كَانَ عَلَقَةً فَخَلَقَ فَسَوَّىٰ,5,17,23,5,"ث,خ,ع,ق",0,0,0,0,1,0,0,1,24,4.8,1.411765
78,14,وَأَنزَلْنَا مِنَ ٱلْمُعْصِرَٰتِ مَآءً ثَجَّاجًا,5,24,16,4,"ء,ث,ص,ع",5,1,1,0,3,0,2,1,24,4.8,1.0
89,9,وَثَمُودَ ٱلَّذِينَ جَابُوا۟ ٱلصَّخْرَ بِٱلْوَادِ,5,26,15,4,"ث,خ,ذ,ص",8,1,2,0,1,1,0,0,24,4.8,0.923077
113,4,وَمِن شَرِّ ٱلنَّفَّـٰثَـٰتِ فِى ٱلْعُقَدِ,5,18,14,3,"ث,ع,ق",9,0,3,0,1,0,1,0,24,4.8,1.333333
4,118,لَّعَنَهُ ٱللَّهُ ۘ وَقَالَ لَأَتَّخِذَنَّ مِنْ عِبَادِكَ نَصِيبًا مَّفْرُوضًا,9,36,36,9,"خ,ذ,ص,ض,ع,ق,ه",5,1,1,0,2,0,0,2,43,4.777778,1.194444
4,151,أُو۟لَـٰٓئِكَ هُمُ ٱلْكَـٰفِرُونَ حَقًّا ۚ وَأَعْتَدْنَا لِلْكَـٰفِرِينَ عَذَابًا مُّهِينًا,9,41,30,7,"ح,ذ,ع,ق,ه",11,1,3,0,2,1,0,1,43,4.777778,1.04878
19,87,لَّا يَمْلِكُونَ ٱلشَّفَـٰعَةَ إِلَّا مَنِ ٱتَّخَذَ عِندَ ٱلرَّحْمَـٰنِ عَهْدًا,9,36,33,7,"ح,خ,ذ,ع,ه",8,1,2,0,2,0,2,0,43,4.777778,1.194444
26,213,فَلَا تَدْعُ مَعَ ٱللَّهِ إِلَـٰهًا ءَاخَرَ فَتَكُونَ مِنَ ٱلْمُعَذَّبِينَ,9,35,32,8,"ء,خ,ذ,ع,ه",8,1,2,0,3,1,1,1,43,4.777778,1.228571
27,21,لَأُعَذِّبَنَّهُۥ عَذَابًا شَدِيدًا أَوْ لَأَا۟ذْبَحَنَّهُۥٓ أَوْ لَيَأْتِيَنِّى بِسُلْطَـٰنٍ مُّبِينٍ,9,45,33,9,"ح,ذ,ط,ع,ه",7,2,1,0,3,1,0,2,43,4.777778,0.955556
27,51,فَٱنظُرْ كَيْفَ كَانَ عَـٰقِبَةُ مَكْرِهِمْ أَنَّا دَمَّرْنَـٰهُمْ وَقَوْمَهُمْ أَجْمَعِينَ,9,41,32,8,"ظ,ع,ق,ه",9,0,3,0,2,0,2,0,43,4.777778,1.04878
43,30,وَلَمَّا جَآءَهُمُ ٱلْحَقُّ قَالُوا۟ هَـٰذَا سِحْرٌ وَإِنَّا بِهِۦ كَـٰفِرُونَ,9,35,31,9,"ء,ح,ذ,ق,ه",8,1,2,0,4,1,2,1,43,4.777778,1.228571
54,9,كَذَّبَتْ قَبْلَهُمْ قَوْمُ نُوحٍ فَكَذَّبُوا۟ عَبْدَنَا وَقَالُوا۟ مَجْنُونٌ وَٱزْدُجِرَ,9,43,33,8,"ح,ذ,ع,ق,ه",6,0,2,0,4,2,0,2,43,4.777778,1.0
11,82,فَلَمَّا جَآءَ أَمْرُنَا جَعَلْنَا عَـٰلِيَهَا سَافِلَهَا وَأَمْطَرْنَا عَلَيْهَا حِجَارَةً مِّن سِجِّيلٍ مَّنضُودٍ,12,56,45,10,"ء,ح,ض,ط,ع,ه",9,0,3,0,3,0,1,2,57,4.75,1.017857
43,17,وَإِذَا بُشِّرَ أَحَدُهُم بِمَا ضَرَبَ لِلرَّحْمَـٰنِ مَثَلًا ظَلَّ وَجْهُهُۥ مُسْوَدًّا وَهُوَ كَظِيمٌ,12,46,42,11,"ث,ح,ذ,ض,ظ,ه",12,0,4,0,3,0,1,2,57,4.75,1.23913
7,159,وَمِن قَوْمِ مُوسَىٰٓ أُمَّةٌ يَهْدُونَ بِٱلْحَقِّ وَبِهِۦ يَعْدِلُونَ,8,32,21,6,"ح,ع,ق,ه",15,0,5,0,2,1,0,1,38,4.75,1.1875
20,55,مِنْهَا خَلَقْنَـٰكُمْ وَفِيهَا نُعِيدُكُمْ وَمِنْهَا نُخْرِجُكُمْ تَارَةً أُخْرَىٰ,8,40,34,8,"خ,ع,ق,ه",3,0,1,0,1,0,1,0,38,4.75,0.95
23,64,حَتَّىٰٓ إِذَآ أَخَذْنَا مُتْرَفِيهِم بِٱلْعَذَابِ إِذَا هُمْ يَجْـَٔرُونَ,8,35,33,9,"ح,خ,ذ,ع,ه",4,2,0,0,1,0,1,0,38,4.75,1.085714
30,18,وَلَهُ ٱلْحَمْدُ فِى ٱلسَّمَـٰوَٰتِ وَٱلْأَرْضِ وَعَشِيًّا وَحِينَ تُظْهِرُونَ,8,37,32,7,"ح,ض,ظ,ع,ه",5,1,1,0,1,0,0,1,38,4.75,1.027027
36,13,وَٱضْرِبْ لَهُم مَّثَلًا أَصْحَـٰبَ ٱلْقَرْيَةِ إِذْ جَآءَهَا ٱلْمُرْسَلُونَ,8,37,31,9,"ء,ث,ح,ذ,ص,ض,ق,ه",5,1,1,0,2,0,2,0,38,4.75,1.027027
36,68,وَمَن نُّعَمِّرْهُ نُنَكِّسْهُ فِى ٱلْخَلْقِ ۖ أَفَلَا يَعْقِلُونَ,8,30,29,7,"خ,ع,ق,ه",9,0,3,0,0,0,0,0,38,4.75,1.266667
44,39,مَا خَلَقْنَـٰهُمَآ إِلَّا بِٱلْحَقِّ وَلَـٰكِنَّ أَكْثَرَهُمْ لَا يَعْلَمُونَ,8,35,30,8,"ث,ح,خ,ع,ق,ه",6,0,2,0,2,1,1,0,38,4.75,1.085714
48,9,لِّتُؤْمِنُوا۟ بِٱللَّهِ وَرَسُولِهِۦ وَتُعَزِّرُوهُ وَتُوَقِّرُوهُ وَتُسَبِّحُوهُ بُكْرَةً وَأَصِيلًا,8,49,30,9,"ح,ص,ع,ق,ه",6,0,2,0,2,1,0,1,38,4.75,0.77551
15,43,وَإِنَّ جَهَنَّمَ لَمَوْعِدُهُمْ أَجْمَعِينَ,4,20,16,4,"ع,ه",3,0,1,0,0,0,0,0,19,4.75,0.95
15,64,وَأَتَيْنَـٰكَ بِٱلْحَقِّ وَإِنَّا لَصَـٰدِقُونَ,4,21,15,4,"ح,ص,ق",3,0,1,0,1,1,0,0,19,4.75,0.904762
23,5,وَٱلَّذِينَ هُمْ لِفُرُوجِهِمْ حَـٰفِظُونَ,4,20,19,5,"ح,ذ,ظ,ه",0,0,0,0,0,0,0,0,19,4.75,0.95
23,22,وَعَلَيْهَا وَعَلَى ٱلْفُلْكِ تُحْمَلُونَ,4,21,19,4,"ح,ع,ه",0,0,0,0,0,0,0,0,19,4.75,0.904762
26,79,وَٱلَّذِى هُوَ يُطْعِمُنِى وَيَسْقِينِ,4,19,17,5,"ذ,ط,ع,ق,ه",2,1,0,0,0,0,0,0,19,4.75,1.0
26,87,وَلَا تُخْزِنِى يَوْمَ يُبْعَثُونَ,4,17,14,3,"ث,خ,ع",5,1,1,0,0,0,0,0,19,4.75,1.117647
26,96,قَالُوا۟ وَهُمْ فِيهَا يَخْتَصِمُونَ,4,19,16,5,"خ,ص,ق,ه",3,0,1,0,0,0,0,0,19,4.75,1.0
26,212,إِنَّهُمْ عَنِ ٱلسَّمْعِ لَمَعْزُولُونَ,4,19,19,4,"ع,ه",0,0,0,0,0,0,0,0,19,4.75,1.0
37,77,وَجَعَلْنَا ذُرِّيَّتَهُۥ هُمُ ٱلْبَاقِينَ,4,20,16,5,"ذ,ع,ق,ه",3,0,1,0,0,0,0,0,19,4.75,0.95
37,141,فَسَاهَمَ فَكَانَ مِنَ ٱلْمُدْحَضِينَ,4,19,17,3,"ح,ض,ه",2,1,0,0,0,0,0,0,19,4.75,1.0
37,169,لَكُنَّا عِبَادَ ٱللَّهِ ٱلْمُخْلَصِينَ,4,20,16,4,"خ,ص,ع,ه",3,0,1,0,0,0,0,0,19,4.75,0.95
41,2,تَنزِيلٌ مِّنَ ٱلرَّحْمَـٰنِ ٱلرَّحِيمِ,4,19,11,2,ح,6,0,2,0,2,0,1,1,19,4.75,1.0
51,20,وَفِى ٱلْأَرْضِ ءَايَـٰتٌ لِّلْمُوقِنِينَ,4,20,12,3,"ء,ض,ق",6,0,2,0,1,0,0,1,19,4.75,0.95
53,43,وَأَنَّهُۥ هُوَ أَضْحَكَ وَأَبْكَىٰ,4,15,17,4,"ح,ض,ه",2,1,0,0,0,0,0,0,19,4.75,1.266667
56,81,أَفَبِهَـٰذَا ٱلْحَدِيثِ أَنتُم مُّدْهِنُونَ,4,22,16,5,"ث,ح,ذ,ه",2,1,0,0,1,0,1,0,19,4.75,0.863636
56,89,فَرَوْحٌ وَرَيْحَانٌ وَجَنَّتُ نَعِيمٍ,4,18,17,3,"ح,ع",0,0,0,0,2,0,0,2,19,4.75,1.055556
77,21,فَجَعَلْنَـٰهُ فِى قَرَارٍ مَّكِينٍ,4,16,14,3,"ع,ق,ه",3,0,1,0,2,0,1,1,19,4.75,1.1875
77,35,هَـٰذَا يَوْمُ لَا يَنطِقُونَ,4,14,11,4,"ذ,ط,ق,ه",7,2,1,0,1,0,1,0,19,4.75,1.357143
84,19,لَتَرْكَبُنَّ طَبَقًا عَن طَبَقٍ,4,15,18,5,"ط,ع,ق",0,0,0,0,1,0,0,1,19,4.75,1.266667
88,20,وَإِلَى ٱلْأَرْضِ كَيْفَ سُطِحَتْ,4,16,17,3,"ح,ض,ط",2,1,0,0,0,0,0,0,19,4.75,1.1875
25,27,وَيَوْمَ يَعَضُّ ٱلظَّالِمُ عَلَىٰ يَدَيْهِ يَقُولُ يَـٰلَيْتَنِى ٱتَّخَذْتُ مَعَ ٱلرَّسُولِ سَبِيلًا,11,48,40,9,"خ,ذ,ض,ظ,ع,ق,ه",10,2,2,0,2,2,0,0,52,4.727273,1.083333
47,29,أَمْ حَسِبَ ٱلَّذِينَ فِى قُلُوبِهِم مَّرَضٌ أَن لَّن يُخْرِجَ ٱللَّهُ أَضْغَـٰنَهُمْ,11,39,40,10,"ح,خ,ذ,ض,غ,ق,ه",11,1,3,0,1,0,1,0,52,4.727273,1.333333
72,24,حَتَّىٰٓ إِذَا رَأَوْا۟ مَا يُوعَدُونَ فَسَيَعْلَمُونَ مَنْ أَضْعَفُ نَاصِرًا وَأَقَلُّ عَدَدًا,11,45,43,9,"ح,ذ,ص,ض,ع,ق",8,1,2,0,1,0,0,1,52,4.727273,1.155556
7,7,فَلَنَقُصَّنَّ عَلَيْهِم بِعِلْمٍ ۖ وَمَا كُنَّا غَآئِبِينَ,7,27,23,6,"ص,ع,غ,ق,ه",8,1,2,0,2,1,1,0,33,4.714286,1.222222
16,46,أَوْ يَأْخُذَهُمْ فِى تَقَلُّبِهِمْ فَمَا هُم بِمُعْجِزِينَ,7,28,26,7,"خ,ذ,ع,ق,ه",7,2,1,0,0,0,0,0,33,4.714286,1.178571
18,11,فَضَرَبْنَا عَلَىٰٓ ءَاذَانِهِمْ فِى ٱلْكَهْفِ سِنِينَ عَدَدًا,7,31,30,7,"ء,ذ,ض,ع,ه",3,0,1,0,0,0,0,0,33,4.714286,1.064516
36,39,وَٱلْقَمَرَ قَدَّرْنَـٰهُ مَنَازِلَ حَتَّىٰ عَادَ كَٱلْعُرْجُونِ ٱلْقَدِيمِ,7,36,29,7,"ح,ع,ق,ه",3,0,1,0,1,0,1,0,33,4.714286,0.916667
41,4,بَشِيرًا وَنَذِيرًا فَأَعْرَضَ أَكْثَرُهُمْ فَهُمْ لَا يَسْمَعُونَ,7,33,31,7,"ث,ذ,ض,ع,ه",0,0,0,0,2,0,0,2,33,4.714286,1.0
56,60,نَحْنُ قَدَّرْنَا بَيْنَكُمُ ٱلْمَوْتَ وَمَا نَحْنُ بِمَسْبُوقِينَ,7,32,18,4,"ح,ق",15,0,5,0,0,0,0,0,33,4.714286,1.03125
65,9,فَذَاقَتْ وَبَالَ أَمْرِهَا وَكَانَ عَـٰقِبَةُ أَمْرِهَا خُسْرًا,7,31,26,7,"خ,ذ,ع,ق,ه",6,0,2,0,1,0,1,0,33,4.714286,1.064516
3,96,إِنَّ أَوَّلَ بَيْتٍ وُضِعَ لِلنَّاسِ لَلَّذِى بِبَكَّةَ مُبَارَكًا وَهُدًى لِّلْعَـٰلَمِينَ,10,41,24,5,"ذ,ض,ع,ه",20,1,6,0,3,0,0,3,47,4.7,1.146341
6,45,فَقُطِعَ دَابِرُ ٱلْقَوْمِ ٱلَّذِينَ ظَلَمُوا۟ ۚ وَٱلْحَمْدُ لِلَّهِ رَبِّ ٱلْعَـٰلَمِينَ,10,41,34,9,"ح,ذ,ط,ظ,ع,ق,ه",13,2,3,0,0,0,0,0,47,4.7,1.146341
7,130,وَلَقَدْ أَخَذْنَآ ءَالَ فِرْعَوْنَ بِٱلسِّنِينَ وَنَقْصٍ مِّنَ ٱلثَّمَرَٰتِ لَعَلَّهُمْ يَذَّكَّرُونَ,10,47,40,11,"ء,ث,خ,ذ,ص,ع,ق,ه",4,2,0,0,3,2,0,1,47,4.7,1.0
3,149,يَـٰٓأَيُّهَا ٱلَّذِينَ ءَامَنُوٓا۟ إِن تُطِيعُوا۟ ٱلَّذِينَ كَفَرُوا۟ يَرُدُّوكُمْ عَلَىٰٓ أَعْقَـٰبِكُمْ فَتَنقَلِبُوا۟ خَـٰسِرِينَ,12,62,45,11,"ء,خ,ذ,ط,ع,ق,ه",10,0,3,1,1,0,1,0,56,4.666667,0.903226
11,37,وَٱصْنَعِ ٱلْفُلْكَ بِأَعْيُنِنَا وَوَحْيِنَا وَلَا تُخَـٰطِبْنِى فِى ٱلَّذِينَ ظَلَمُوٓا۟ ۚ إِنَّهُم مُّغْرَقُونَ,12,54,44,11,"ح,خ,ذ,ص,ط,ظ,ع,غ,ق,ه",11,1,3,0,1,0,1,0,56,4.666667,1.037037
22,32,ذَٰلِكَ وَمَن يُعَظِّمْ شَعَـٰٓئِرَ ٱللَّهِ فَإِنَّهَا مِن تَقْوَى ٱلْقُلُوبِ,9,35,30,8,"ذ,ظ,ع,ق,ه",11,1,3,0,1,1,0,0,42,4.666667,1.2
54,8,مُّهْطِعِينَ إِلَى ٱلدَّاعِ ۖ يَقُولُ ٱلْكَـٰفِرُونَ هَـٰذَا يَوْمٌ عَسِرٌ,9,34,31,8,"ذ,ط,ع,ق,ه",9,3,1,0,2,0,1,1,42,4.666667,1.235294
12,103,وَمَآ أَكْثَرُ ٱلنَّاسِ وَلَوْ حَرَصْتَ بِمُؤْمِنِينَ,6,26,13,3,"ث,ح,ص",15,0,5,0,0,0,0,0,28,4.666667,1.076923
17,43,سُبْحَـٰنَهُۥ وَتَعَـٰلَىٰ عَمَّا يَقُولُونَ عُلُوًّا كَبِيرًا,6,28,27,6,"ح,ع,ق,ه",0,0,0,0,1,0,0,1,28,4.666667,1.0
18,67,قَالَ إِنَّكَ لَن تَسْتَطِيعَ مَعِىَ صَبْرًا,6,21,21,5,"ص,ط,ع,ق",7,0,2,1,0,0,0,0,28,4.666667,1.333333
18,91,كَذَٰلِكَ وَقَدْ أَحَطْنَا بِمَا لَدَيْهِ خُبْرًا,6,23,23,6,"ح,خ,ذ,ط,ق,ه",5,1,1,0,0,0,0,0,28,4.666667,1.217391
19,92,وَمَا يَنۢبَغِى لِلرَّحْمَـٰنِ أَن يَتَّخِذَ وَلَدًا,6,24,16,4,"ح,خ,ذ,غ",11,1,3,0,1,0,1,0,28,4.666667,1.166667
23,104,تَلْفَحُ وُجُوهَهُمُ ٱلنَّارُ وَهُمْ فِيهَا كَـٰلِحُونَ,6,27,22,6,"ح,ه",6,0,2,0,0,0,0,0,28,4.666667,1.037037
37,59,إِلَّا مَوْتَتَنَا ٱلْأُولَىٰ وَمَا نَحْنُ بِمُعَذَّبِينَ,6,28,13,3,"ح,ذ,ع",14,1,4,0,1,1,0,0,28,4.666667,1.0
54,18,كَذَّبَتْ عَادٌ فَكَيْفَ كَانَ عَذَابِى وَنُذُرِ,6,23,24,5,"ذ,ع",2,1,0,0,2,1,0,1,28,4.666667,1.217391
69,6,وَأَمَّا عَادٌ فَأُهْلِكُوا۟ بِرِيحٍ صَرْصَرٍ عَاتِيَةٍ,6,27,25,6,"ح,ص,ع,ه",0,0,0,0,3,0,0,3,28,4.666667,1.037037
77,30,ٱنطَلِقُوٓا۟ إِلَىٰ ظِلٍّ ذِى ثَلَـٰثِ شُعَبٍ,6,20,25,7,"ث,ذ,ط,ظ,ع,ق",0,0,0,0,3,0,2,1,28,4.666667,1.4
9,87,رَضُوا۟ بِأَن يَكُونُوا۟ مَعَ ٱلْخَوَالِفِ وَطُبِعَ عَلَىٰ قُلُوبِهِمْ فَهُمْ لَا يَفْقَهُونَ,11,46,45,11,"خ,ض,ط,ع,ق,ه",6,0,2,0,0,0,0,0,51,4.636364,1.108696
23,70,أَمْ يَقُولُونَ بِهِۦ جِنَّةٌۢ ۚ بَلْ جَآءَهُم بِٱلْحَقِّ وَأَكْثَرُهُمْ لِلْحَقِّ كَـٰرِهُونَ,11,41,36,11,"ء,ث,ح,ق,ه",12,0,4,0,3,2,1,0,51,4.636364,1.243902
27,28,ٱذْهَب بِّكِتَـٰبِى هَـٰذَا فَأَلْقِهْ إِلَيْهِمْ ثُمَّ تَوَلَّ عَنْهُمْ فَٱنظُرْ مَاذَا يَرْجِعُونَ,11,46,43,13,"ث,ذ,ظ,ع,ق,ه",7,2,1,0,1,0,1,0,51,4.636364,1.108696
38,61,قَالُوا۟ رَبَّنَا مَن قَدَّمَ لَنَا هَـٰذَا فَزِدْهُ عَذَابًا ضِعْفًا فِى ٱلنَّارِ,11,40,36,9,"ذ,ض,ع,ق,ه",12,3,2,0,3,0,1,2,51,4.636364,1.275
43,36,وَمَن يَعْشُ عَن ذِكْرِ ٱلرَّحْمَـٰنِ نُقَيِّضْ لَهُۥ شَيْطَـٰنًا فَهُوَ لَهُۥ قَرِينٌ,11,37,43,11,"ح,ذ,ض,ط,ع,ق,ه",6,0,2,0,2,0,1,1,51,4.636364,1.378378
7,204,وَإِذَا قُرِئَ ٱلْقُرْءَانُ فَٱسْتَمِعُوا۟ لَهُۥ وَأَنصِتُوا۟ لَعَلَّكُمْ تُرْحَمُونَ,8,42,34,9,"ء,ح,ذ,ص,ع,ق,ه",3,0,1,0,0,0,0,0,37,4.625,0.880952
16,98,فَإِذَا قَرَأْتَ ٱلْقُرْءَانَ فَٱسْتَعِذْ بِٱللَّهِ مِنَ ٱلشَّيْطَـٰنِ ٱلرَّجِيمِ,8,40,29,8,"ء,ذ,ط,ع,ق,ه",8,1,2,0,0,0,0,0,37,4.625,0.925
22,51,وَٱلَّذِينَ سَعَوْا۟ فِىٓ ءَايَـٰتِنَا مُعَـٰجِزِينَ أُو۟لَـٰٓئِكَ أَصْحَـٰبُ ٱلْجَحِيمِ,8,39,34,7,"ء,ح,ذ,ص,ع",2,1,0,0,1,0,1,0,37,4.625,0.948718
23,82,قَالُوٓا۟ أَءِذَا مِتْنَا وَكُنَّا تُرَابًا وَعِظَـٰمًا أَءِنَّا لَمَبْعُوثُونَ,8,39,28,8,"ء,ث,ذ,ظ,ع,ق",7,2,1,0,2,0,1,1,37,4.625,0.948718
27,13,فَلَمَّا جَآءَتْهُمْ ءَايَـٰتُنَا مُبْصِرَةً قَالُوا۟ هَـٰذَا سِحْرٌ مُّبِينٌ,8,36,25,8,"ء,ح,ذ,ص,ق,ه",8,1,2,0,4,0,2,2,37,4.625,1.027778
38,12,كَذَّبَتْ قَبْلَهُمْ قَوْمُ نُوحٍ وَعَادٌ وَفِرْعَوْنُ ذُو ٱلْأَوْتَادِ,8,34,31,8,"ح,ذ,ع,ق,ه",3,0,1,0,3,1,0,2,37,4.625,1.088235
43,5,أَفَنَضْرِبُ عَنكُمُ ٱلذِّكْرَ صَفْحًا أَن كُنتُمْ قَوْمًا مُّسْرِفِينَ,8,35,32,6,"ح,ذ,ص,ض,ع,ق",3,0,1,0,2,1,0,1,37,4.625,1.057143
2,9,يُخَـٰدِعُونَ ٱللَّهَ وَٱلَّذِينَ ءَامَنُوا۟ وَمَا يَخْدَعُونَ إِلَّآ أَنفُسَهُمْ وَمَا يَشْعُرُونَ,10,49,37,9,"ء,خ,ذ,ع,ه",9,0,3,0,0,0,0,0,46,4.6,0.938776
8,68,لَّوْلَا كِتَـٰبٌ مِّنَ ٱللَّهِ سَبَقَ لَمَسَّكُمْ فِيمَآ أَخَذْتُمْ عَذَابٌ عَظِيمٌ,10,38,35,8,"خ,ذ,ظ,ع,ق,ه",9,3,1,0,2,0,0,2,46,4.6,1.210526
11,100,ذَٰلِكَ مِنْ أَنۢبَآءِ ٱلْقُرَىٰ نَقُصُّهُۥ عَلَيْكَ ۖ مِنْهَا قَآئِمٌ وَحَصِيدٌ,10,36,36,11,"ء,ح,ذ,ص,ع,ق,ه",6,3,0,0,4,1,2,1,46,4.6,1.277778
24,52,وَمَن يُطِعِ ٱللَّهَ وَرَسُولَهُۥ وَيَخْشَ ٱللَّهَ وَيَتَّقْهِ فَأُو۟لَـٰٓئِكَ هُمُ ٱلْفَآئِزُونَ,10,45,32,9,"خ,ط,ع,ق,ه",14,1,4,0,0,0,0,0,46,4.6,1.022222
36,53,إِن كَانَتْ إِلَّا صَيْحَةً وَٰحِدَةً فَإِذَا هُمْ جَمِيعٌ لَّدَيْنَا مُحْضَرُونَ,10,38,37,8,"ح,ذ,ص,ض,ع,ه",5,1,1,0,4,0,1,3,46,4.6,1.210526
54,24,فَقَالُوٓا۟ أَبَشَرًا مِّنَّا وَٰحِدًا نَّتَّبِعُهُۥٓ إِنَّآ إِذًا لَّفِى ضَلَـٰلٍ وَسُعُرٍ,10,39,33,7,"ح,ذ,ض,ع,ق,ه",6,0,2,0,7,0,3,4,46,4.6,1.179487
58,16,ٱتَّخَذُوٓا۟ أَيْمَـٰنَهُمْ جُنَّةً فَصَدُّوا۟ عَن سَبِيلِ ٱللَّهِ فَلَهُمْ عَذَابٌ مُّهِينٌ,10,42,36,10,"خ,ذ,ص,ع,ه",7,2,1,0,3,0,1,2,46,4.6,1.095238
7,14,قَالَ أَنظِرْنِىٓ إِلَىٰ يَوْمِ يُبْعَثُونَ,5,21,15,4,"ث,ظ,ع,ق",8,1,2,0,0,0,0,0,23,4.6,1.095238
7,174,وَكَذَٰلِكَ نُفَصِّلُ ٱلْـَٔايَـٰتِ وَلَعَلَّهُمْ يَرْجِعُونَ,5,26,22,5,"ذ,ص,ع,ه",0,0,0,0,1,1,0,0,23,4.6,0.884615
16,117,مَتَـٰعٌ قَلِيلٌ وَلَهُمْ عَذَابٌ أَلِيمٌ,5,19,18,5,"ذ,ع,ق,ه",2,1,0,0,3,0,1,2,23,4.6,1.210526
21,70,وَأَرَادُوا۟ بِهِۦ كَيْدًا فَجَعَلْنَـٰهُمُ ٱلْأَخْسَرِينَ,5,28,18,4,"خ,ع,ه",3,0,1,0,2,0,1,1,23,4.6,0.821429
23,73,وَإِنَّكَ لَتَدْعُوهُمْ إِلَىٰ صِرَٰطٍ مُّسْتَقِيمٍ,5,23,18,5,"ص,ط,ع,ق,ه",3,0,1,0,2,0,1,1,23,4.6,1.0
26,72,قَالَ هَلْ يَسْمَعُونَكُمْ إِذْ تَدْعُونَ,5,20,20,5,"ذ,ع,ق,ه",3,0,1,0,0,0,0,0,23,4.6,1.15
37,33,فَإِنَّهُمْ يَوْمَئِذٍ فِى ٱلْعَذَابِ مُشْتَرِكُونَ,5,25,17,4,"ذ,ع,ه",5,1,1,0,1,0,0,1,23,4.6,0.92
37,37,بَلْ جَآءَ بِٱلْحَقِّ وَصَدَّقَ ٱلْمُرْسَلِينَ,5,22,18,5,"ء,ح,ص,ق",3,0,1,0,2,1,1,0,23,4.6,1.045455
37,60,إِنَّ هَـٰذَا لَهُوَ ٱلْفَوْزُ ٱلْعَظِيمُ,5,19,18,5,"ذ,ظ,ع,ه",4,2,0,0,1,0,1,0,23,4.6,1.210526
37,73,فَٱنظُرْ كَيْفَ كَانَ عَـٰقِبَةُ ٱلْمُنذَرِينَ,5,23,19,4,"ذ,ظ,ع,ق",3,0,1,0,1,0,1,0,23,4.6,1.0
52,22,وَأَمْدَدْنَـٰهُم بِفَـٰكِهَةٍ وَلَحْمٍ مِّمَّا يَشْتَهُونَ,5,26,14,4,"ح,ه",6,0,2,0,3,0,1,2,23,4.6,0.884615
56,8,فَأَصْحَـٰبُ ٱلْمَيْمَنَةِ مَآ أَصْحَـٰبُ ٱلْمَيْمَنَةِ,5,25,17,4,"ح,ص",4,2,0,0,2,0,2,0,23,4.6,0.92
71,3,أَنِ ٱعْبُدُوا۟ ٱللَّهَ وَٱتَّقُوهُ وَأَطِيعُونِ,5,25,20,6,"ط,ع,ق,ه",3,0,1,0,0,0,0,0,23,4.6,0.92
74,49,فَمَا لَهُمْ عَنِ ٱلتَّذْكِرَةِ مُعْرِضِينَ,5,21,23,5,"ذ,ض,ع,ه",0,0,0,0,0,0,0,0,23,4.6,1.095238
78,30,فَذُوقُوا۟ فَلَن نَّزِيدَكُمْ إِلَّا عَذَابًا,5,23,18,4,"ذ,ع,ق",5,1,1,0,0,0,0,0,23,4.6,1.0
3,42,وَإِذْ قَالَتِ ٱلْمَلَـٰٓئِكَةُ يَـٰمَرْيَمُ إِنَّ ٱللَّهَ ٱصْطَفَىٰكِ وَطَهَّرَكِ وَٱصْطَفَىٰكِ عَلَىٰ نِسَآءِ ٱلْعَـٰلَمِينَ,12,57,44,12,"ء,ذ,ص,ط,ع,ق,ه",9,3,1,0,2,1,1,0,55,4.583333,0.964912
7,116,قَالَ أَلْقُوا۟ ۖ فَلَمَّآ أَلْقَوْا۟ سَحَرُوٓا۟ أَعْيُنَ ٱلنَّاسِ وَٱسْتَرْهَبُوهُمْ وَجَآءُو بِسِحْرٍ عَظِيمٍ,12,54,45,11,"ء,ح,ظ,ع,ق,ه",8,1,2,0,2,0,1,1,55,4.583333,1.018519
40,55,فَٱصْبِرْ إِنَّ وَعْدَ ٱللَّهِ حَقٌّ وَٱسْتَغْفِرْ لِذَنۢبِكَ وَسَبِّحْ بِحَمْدِ رَبِّكَ بِٱلْعَشِىِّ وَٱلْإِبْكَـٰرِ,12,52,47,10,"ح,ذ,ص,ع,غ,ق,ه",6,0,2,0,2,1,0,1,55,4.583333,1.057692
42,6,وَٱلَّذِينَ ٱتَّخَذُوا۟ مِن دُونِهِۦٓ أَوْلِيَآءَ ٱللَّهُ حَفِيظٌ عَلَيْهِمْ وَمَآ أَنتَ عَلَيْهِم بِوَكِيلٍ,12,53,42,12,"ء,ح,خ,ذ,ظ,ع,ه",11,1,3,0,2,0,1,1,55,4.583333,1.037736
2,15,ٱللَّهُ يَسْتَهْزِئُ بِهِمْ وَيَمُدُّهُمْ فِى طُغْيَـٰنِهِمْ يَعْمَهُونَ,7,33,26,9,"ط,ع,غ,ه",5,1,1,0,1,0,1,0,32,4.571429,0.969697
2,56,ثُمَّ بَعَثْنَـٰكُم مِّنۢ بَعْدِ مَوْتِكُمْ لَعَلَّكُمْ تَشْكُرُونَ,7,29,26,5,"ث,ع",5,1,1,0,1,0,1,0,32,4.571429,1.103448
2,242,كَذَٰلِكَ يُبَيِّنُ ٱللَّهُ لَكُمْ ءَايَـٰتِهِۦ لَعَلَّكُمْ تَعْقِلُونَ,7,31,26,7,"ء,ذ,ع,ق,ه",6,0,2,0,0,0,0,0,32,4.571429,1.032258
15,87,وَلَقَدْ ءَاتَيْنَـٰكَ سَبْعًا مِّنَ ٱلْمَثَانِى وَٱلْقُرْءَانَ ٱلْعَظِيمَ,7,37,29,8,"ء,ث,ظ,ع,ق",2,1,0,0,1,0,0,1,32,4.571429,0.864865
19,82,كَلَّا ۚ سَيَكْفُرُونَ بِعِبَادَتِهِمْ وَيَكُونُونَ عَلَيْهِمْ ضِدًّا,7,33,25,5,"ض,ع,ه",7,0,2,1,0,0,0,0,32,4.571429,0.969697
21,16,وَمَا خَلَقْنَا ٱلسَّمَآءَ وَٱلْأَرْضَ وَمَا بَيْنَهُمَا لَـٰعِبِينَ,7,34,24,6,"ء,خ,ض,ع,ق,ه",6,0,2,0,2,0,2,0,32,4.571429,0.941176
43,89,فَٱصْفَحْ عَنْهُمْ وَقُلْ سَلَـٰمٌ ۚ فَسَوْفَ يَعْلَمُونَ,7,25,29,6,"ح,ص,ع,ق,ه",3,0,1,0,0,0,0,0,32,4.571429,1.28
44,38,وَمَا خَلَقْنَا ٱلسَّمَـٰوَٰتِ وَٱلْأَرْضَ وَمَا بَيْنَهُمَا لَـٰعِبِينَ,7,34,22,5,"خ,ض,ع,ق,ه",9,0,3,0,1,0,1,0,32,4.571429,0.941176
44,48,ثُمَّ صُبُّوا۟ فَوْقَ رَأْسِهِۦ مِنْ عَذَابِ ٱلْحَمِيمِ,7,25,26,7,"ث,ح,ذ,ص,ع,ق,ه",5,1,1,0,1,0,0,1,32,4.571429,1.28
47,23,أُو۟لَـٰٓئِكَ ٱلَّذِينَ لَعَنَهُمُ ٱللَّهُ فَأَصَمَّهُمْ وَأَعْمَىٰٓ أَبْصَـٰرَهُمْ,7,36,29,9,"ذ,ص,ع,ه",3,0,1,0,0,0,0,0,32,4.571429,0.888889
72,26,عَـٰلِمُ ٱلْغَيْبِ فَلَا يُظْهِرُ عَلَىٰ غَيْبِهِۦٓ أَحَدًا,7,26,30,8,"ح,ظ,ع,غ,ه",2,1,0,0,0,0,0,0,32,4.571429,1.230769
3,127,لِيَقْطَعَ طَرَفًا مِّنَ ٱلَّذِينَ كَفَرُوٓا۟ أَوْ يَكْبِتَهُمْ فَيَنقَلِبُوا۟ خَآئِبِينَ,9,43,32,8,"خ,ذ,ط,ع,ق,ه",7,2,1,0,2,0,1,1,41,4.555556,0.953488
4,28,يُرِيدُ ٱللَّهُ أَن يُخَفِّفَ عَنكُمْ ۚ وَخُلِقَ ٱلْإِنسَـٰنُ ضَعِيفًا,9,33,36,7,"خ,ض,ع,ق,ه",5,1,1,0,0,0,0,0,41,4.555556,1.242424
13,12,هُوَ ٱلَّذِى يُرِيكُمُ ٱلْبَرْقَ خَوْفًا وَطَمَعًا وَيُنشِئُ ٱلسَّحَابَ ٱلثِّقَالَ,9,42,36,9,"ث,ح,خ,ذ,ط,ع,ق,ه",2,1,0,0,3,1,0,2,41,4.555556,0.97619
15,96,ٱلَّذِينَ يَجْعَلُونَ مَعَ ٱللَّهِ إِلَـٰهًا ءَاخَرَ ۚ فَسَوْفَ يَعْلَمُونَ,9,35,33,8,"ء,خ,ذ,ع,ه",6,0,2,0,2,0,1,1,41,4.555556,1.171429
16,5,وَٱلْأَنْعَـٰمَ خَلَقَهَا ۗ لَكُمْ فِيهَا دِفْءٌ وَمَنَـٰفِعُ وَمِنْهَا تَأْكُلُونَ,9,38,31,8,"ء,خ,ع,ق,ه",9,0,3,0,1,0,0,1,41,4.555556,1.078947
17,48,ٱنظُرْ كَيْفَ ضَرَبُوا۟ لَكَ ٱلْأَمْثَالَ فَضَلُّوا۟ فَلَا يَسْتَطِيعُونَ سَبِيلًا,9,42,34,6,"ث,ض,ط,ظ,ع",7,0,2,1,0,0,0,0,41,4.555556,0.97619
17,103,فَأَرَادَ أَن يَسْتَفِزَّهُم مِّنَ ٱلْأَرْضِ فَأَغْرَقْنَـٰهُ وَمَن مَّعَهُۥ جَمِيعًا,9,39,34,8,"ض,ع,غ,ق,ه",6,0,2,0,1,0,1,0,41,4.555556,1.051282
20,50,قَالَ رَبُّنَا ٱلَّذِىٓ أَعْطَىٰ كُلَّ شَىْءٍ خَلْقَهُۥ ثُمَّ هَدَىٰ,9,29,33,10,"ء,ث,خ,ذ,ط,ع,ق,ه",5,1,1,0,3,0,2,1,41,4.555556,1.413793
25,9,ٱنظُرْ كَيْفَ ضَرَبُوا۟ لَكَ ٱلْأَمْثَـٰلَ فَضَلُّوا۟ فَلَا يَسْتَطِيعُونَ سَبِيلًا,9,41,34,6,"ث,ض,ط,ظ,ع",7,0,2,1,0,0,0,0,41,4.555556,1.0
25,13,وَإِذَآ أُلْقُوا۟ مِنْهَا مَكَانًا ضَيِّقًا مُّقَرَّنِينَ دَعَوْا۟ هُنَالِكَ ثُبُورًا,9,42,32,9,"ث,ذ,ض,ع,ق,ه",6,0,2,0,3,0,1,2,41,4.555556,0.97619
25,36,فَقُلْنَا ٱذْهَبَآ إِلَى ٱلْقَوْمِ ٱلَّذِينَ كَذَّبُوا۟ بِـَٔايَـٰتِنَا فَدَمَّرْنَـٰهُمْ تَدْمِيرًا,9,47,22,7,"ذ,ق,ه",17,1,5,0,2,1,1,0,41,4.555556,0.87234
103,3,إِلَّا ٱلَّذِينَ ءَامَنُوا۟ وَعَمِلُوا۟ ٱلصَّـٰلِحَـٰتِ وَتَوَاصَوْا۟ بِٱلْحَقِّ وَتَوَاصَوْا۟ بِٱلصَّبْرِ,9,51,35,10,"ء,ح,ذ,ص,ع,ق",3,0,1,0,3,3,0,0,41,4.555556,0.803922
18,104,ٱلَّذِينَ ضَلَّ سَعْيُهُمْ فِى ٱلْحَيَوٰةِ ٱلدُّنْيَا وَهُمْ يَحْسَبُونَ أَنَّهُمْ يُحْسِنُونَ صُنْعًا,11,49,47,11,"ح,ذ,ص,ض,ع,ه",3,0,1,0,0,0,0,0,50,4.545455,1.020408
28,40,فَأَخَذْنَـٰهُ وَجُنُودَهُۥ فَنَبَذْنَـٰهُمْ فِى ٱلْيَمِّ ۖ فَٱنظُرْ كَيْفَ كَانَ عَـٰقِبَةُ ٱلظَّـٰلِمِينَ,11,47,41,10,"خ,ذ,ظ,ع,ق,ه",5,1,1,0,4,1,3,0,50,4.545455,1.06383
29,44,خَلَقَ ٱللَّهُ ٱلسَّمَـٰوَٰتِ وَٱلْأَرْضَ بِٱلْحَقِّ ۚ إِنَّ فِى ذَٰلِكَ لَـَٔايَةً لِّلْمُؤْمِنِينَ,11,43,30,7,"ح,خ,ذ,ض,ق,ه",18,0,6,0,2,1,0,1,50,4.545455,1.162791
33,66,يَوْمَ تُقَلَّبُ وُجُوهُهُمْ فِى ٱلنَّارِ يَقُولُونَ يَـٰلَيْتَنَآ أَطَعْنَا ٱللَّهَ وَأَطَعْنَا ٱلرَّسُولَا۠,11,54,31,9,"ط,ع,ق,ه",19,2,5,0,0,0,0,0,50,4.545455,0.925926
38,4,وَعَجِبُوٓا۟ أَن جَآءَهُم مُّنذِرٌ مِّنْهُمْ ۖ وَقَالَ ٱلْكَـٰفِرُونَ هَـٰذَا سَـٰحِرٌ كَذَّابٌ,11,42,36,10,"ء,ح,ذ,ع,ق,ه",8,1,2,0,6,1,3,2,50,4.545455,1.190476
45,27,وَلِلَّهِ مُلْكُ ٱلسَّمَـٰوَٰتِ وَٱلْأَرْضِ ۚ وَيَوْمَ تَقُومُ ٱلسَّاعَةُ يَوْمَئِذٍ يَخْسَرُ ٱلْمُبْطِلُونَ,11,50,31,7,"خ,ذ,ض,ط,ع,ق,ه",18,0,6,0,1,0,0,1,50,4.545455,1.0
8,23,وَلَوْ عَلِمَ ٱللَّهُ فِيهِمْ خَيْرًا لَّأَسْمَعَهُمْ ۖ وَلَوْ أَسْمَعَهُمْ لَتَوَلَّوا۟ وَّهُم مُّعْرِضُونَ,12,49,44,11,"خ,ض,ع,ه",9,0,3,0,1,0,0,1,54,4.5,1.102041
9,62,يَحْلِفُونَ بِٱللَّهِ لَكُمْ لِيُرْضُوكُمْ وَٱللَّهُ وَرَسُولُهُۥٓ أَحَقُّ أَن يُرْضُوهُ إِن كَانُوا۟ مُؤْمِنِينَ,12,55,38,9,"ح,ض,ق,ه",15,0,5,0,1,1,0,0,54,4.5,0.981818
50,22,لَّقَدْ كُنتَ فِى غَفْلَةٍ مِّنْ هَـٰذَا فَكَشَفْنَا عَنكَ غِطَآءَكَ فَبَصَرُكَ ٱلْيَوْمَ حَدِيدٌ,12,45,43,10,"ء,ح,ذ,ص,ط,ع,غ,ق,ه",7,2,1,0,4,0,2,2,54,4.5,1.2
31,9,خَـٰلِدِينَ فِيهَا ۖ وَعْدَ ٱللَّهِ حَقًّا ۚ وَهُوَ ٱلْعَزِيزُ ٱلْحَكِيمُ,10,34,38,9,"ح,خ,ع,ق,ه",6,0,2,0,1,1,0,0,45,4.5,1.323529
39,19,أَفَمَنْ حَقَّ عَلَيْهِ كَلِمَةُ ٱلْعَذَابِ أَفَأَنتَ تُنقِذُ مَن فِى ٱلنَّارِ,10,38,33,8,"ح,ذ,ع,ق,ه",10,2,2,0,2,1,0,1,45,4.5,1.184211
40,6,وَكَذَٰلِكَ حَقَّتْ كَلِمَتُ رَبِّكَ عَلَى ٱلَّذِينَ كَفَرُوٓا۟ أَنَّهُمْ أَصْحَـٰبُ ٱلنَّارِ,10,41,35,8,"ح,ذ,ص,ع,ق,ه",8,1,2,0,2,1,1,0,45,4.5,1.097561
41,27,فَلَنُذِيقَنَّ ٱلَّذِينَ كَفَرُوا۟ عَذَابًا شَدِيدًا وَلَنَجْزِيَنَّهُمْ أَسْوَأَ ٱلَّذِى كَانُوا۟ يَعْمَلُونَ,10,55,35,8,"ذ,ع,ق,ه",8,1,2,0,2,0,0,2,45,4.5,0.818182
2,3,ٱلَّذِينَ يُؤْمِنُونَ بِٱلْغَيْبِ وَيُقِيمُونَ ٱلصَّلَوٰةَ وَمِمَّا رَزَقْنَـٰهُمْ يُنفِقُونَ,8,46,22,7,"ذ,ص,غ,ق,ه",12,0,4,0,2,1,1,0,36,4.5,0.782609
7,182,وَٱلَّذِينَ كَذَّبُوا۟ بِـَٔايَـٰتِنَا سَنَسْتَدْرِجُهُم مِّنْ حَيْثُ لَا يَعْلَمُونَ,8,39,25,6,"ث,ح,ذ,ع,ه",9,0,3,0,2,1,0,1,36,4.5,0.923077
18,41,أَوْ يُصْبِحَ مَآؤُهَا غَوْرًا فَلَن تَسْتَطِيعَ لَهُۥ طَلَبًا,8,30,28,8,"ح,ص,ط,ع,غ,ه",7,0,2,1,1,0,0,1,36,4.5,1.2
21,48,وَلَقَدْ ءَاتَيْنَا مُوسَىٰ وَهَـٰرُونَ ٱلْفُرْقَانَ وَضِيَآءً وَذِكْرًا لِّلْمُتَّقِينَ,8,43,27,8,"ء,ذ,ض,ق,ه",6,0,2,0,3,0,1,2,36,4.5,0.837209
14,50,سَرَابِيلُهُم مِّن قَطِرَانٍ وَتَغْشَىٰ وُجُوهَهُمُ ٱلنَّارُ,6,31,18,6,"ط,غ,ق,ه",8,1,2,0,1,0,0,1,27,4.5,0.870968
18,8,وَإِنَّا لَجَـٰعِلُونَ مَا عَلَيْهَا صَعِيدًا جُرُزًا,6,26,23,5,"ص,ع,ه",2,1,0,0,2,0,1,1,27,4.5,1.038462
23,92,عَـٰلِمِ ٱلْغَيْبِ وَٱلشَّهَـٰدَةِ فَتَعَـٰلَىٰ عَمَّا يُشْرِكُونَ,6,29,24,5,"ع,غ,ه",3,0,1,0,0,0,0,0,27,4.5,0.931034
26,119,فَأَنجَيْنَـٰهُ وَمَن مَّعَهُۥ فِى ٱلْفُلْكِ ٱلْمَشْحُونِ,6,27,20,4,"ح,ع,ه",6,0,2,0,1,0,1,0,27,4.5,1.0
98,2,رَسُولٌ مِّنَ ٱللَّهِ يَتْلُوا۟ صُحُفًا مُّطَهَّرَةً,6,24,17,5,"ح,ص,ط,ه",7,2,1,0,3,1,0,2,27,4.5,1.125
12,16,وَجَآءُوٓ أَبَاهُمْ عِشَآءً يَبْكُونَ,4,19,14,4,"ء,ع,ه",0,0,0,0,4,0,3,1,18,4.5,0.947368
22,43,وَقَوْمُ إِبْرَٰهِيمَ وَقَوْمُ لُوطٍ,4,17,11,4,"ط,ق,ه",6,0,2,0,1,0,1,0,18,4.5,1.058824
26,176,كَذَّبَ أَصْحَـٰبُ لْـَٔيْكَةِ ٱلْمُرْسَلِينَ,4,19,14,3,"ح,ذ,ص",2,1,0,0,2,1,1,0,18,4.5,0.947368
37,38,إِنَّكُمْ لَذَآئِقُوا۟ ٱلْعَذَابِ ٱلْأَلِيمِ,4,23,15,4,"ذ,ع,ق",2,1,0,0,1,0,1,0,18,4.5,0.782609
37,40,إِلَّا عِبَادَ ٱللَّهِ ٱلْمُخْلَصِينَ,4,19,15,4,"خ,ص,ع,ه",3,0,1,0,0,0,0,0,18,4.5,0.947368
37,88,فَنَظَرَ نَظْرَةً فِى ٱلنُّجُومِ,4,16,11,2,ظ,6,0,2,0,1,0,0,1,18,4.5,1.125
37,93,فَرَاغَ عَلَيْهِمْ ضَرْبًۢا بِٱلْيَمِينِ,4,20,17,4,"ض,ع,غ,ه",0,0,0,0,1,0,0,1,18,4.5,0.9
37,174,فَتَوَلَّ عَنْهُمْ حَتَّىٰ حِينٍ,4,14,18,4,"ح,ع,ه",0,0,0,0,0,0,0,0,18,4.5,1.285714
38,38,وَءَاخَرِينَ مُقَرَّنِينَ فِى ٱلْأَصْفَادِ,4,22,15,4,"ء,خ,ص,ق",3,0,1,0,0,0,0,0,18,4.5,0.818182
47,6,وَيُدْخِلُهُمُ ٱلْجَنَّةَ عَرَّفَهَا لَهُمْ,4,20,18,5,"خ,ع,ه",0,0,0,0,0,0,0,0,18,4.5,0.9
53,3,وَمَا يَنطِقُ عَنِ ٱلْهَوَىٰٓ,4,14,13,4,"ط,ع,ق,ه",5,1,1,0,0,0,0,0,18,4.5,1.285714
56,83,فَلَوْلَآ إِذَا بَلَغَتِ ٱلْحُلْقُومَ,4,19,15,4,"ح,ذ,غ,ق",3,0,1,0,0,0,0,0,18,4.5,0.947368
69,5,فَأَمَّا ثَمُودُ فَأُهْلِكُوا۟ بِٱلطَّاغِيَةِ,4,23,14,4,"ث,ط,غ,ه",3,0,1,0,1,1,0,0,18,4.5,0.782609
78,19,وَفُتِحَتِ ٱلسَّمَآءُ فَكَانَتْ أَبْوَٰبًا,4,21,11,2,"ء,ح",6,0,2,0,1,0,1,0,18,4.5,0.857143
78,29,وَكُلَّ شَىْءٍ أَحْصَيْنَـٰهُ كِتَـٰبًا,4,16,15,4,"ء,ح,ص,ه",2,1,0,0,1,0,1,0,18,4.5,1.125
80,24,فَلْيَنظُرِ ٱلْإِنسَـٰنُ إِلَىٰ طَعَامِهِۦٓ,4,20,16,4,"ط,ظ,ع,ه",2,1,0,0,0,0,0,0,18,4.5,0.9
84,23,وَٱللَّهُ أَعْلَمُ بِمَا يُوعُونَ,4,17,12,3,"ع,ه",6,0,2,0,0,0,0,0,18,4.5,1.058824
95,8,أَلَيْسَ ٱللَّهُ بِأَحْكَمِ ٱلْحَـٰكِمِينَ,4,20,15,3,"ح,ه",3,0,1,0,0,0,0,0,18,4.5,0.9
96,2,خَلَقَ ٱلْإِنسَـٰنَ مِنْ عَلَقٍ,4,14,17,4,"خ,ع,ق",0,0,0,0,1,0,0,1,18,4.5,1.285714
5,9,وَعَدَ ٱللَّهُ ٱلَّذِينَ ءَامَنُوا۟ وَعَمِلُوا۟ ٱلصَّـٰلِحَـٰتِ ۙ لَهُم مَّغْفِرَةٌ وَأَجْرٌ عَظِيمٌ,11,46,41,11,"ء,ح,ذ,ص,ظ,ع,غ,ه",5,1,1,0,3,1,0,2,49,4.454545,1.065217
10,103,ثُمَّ نُنَجِّى رُسُلَنَا وَٱلَّذِينَ ءَامَنُوا۟ ۚ كَذَٰلِكَ حَقًّا عَلَيْنَا نُنجِ ٱلْمُؤْمِنِينَ,11,46,29,7,"ء,ث,ح,ذ,ع,ق",18,0,6,0,2,1,0,1,49,4.454545,1.065217
34,26,قُلْ يَجْمَعُ بَيْنَنَا رَبُّنَا ثُمَّ يَفْتَحُ بَيْنَنَا بِٱلْحَقِّ وَهُوَ ٱلْفَتَّاحُ ٱلْعَلِيمُ,11,46,39,9,"ث,ح,ع,ق,ه",9,0,3,0,1,1,0,0,49,4.454545,1.065217
49,10,إِنَّمَا ٱلْمُؤْمِنُونَ إِخْوَةٌ فَأَصْلِحُوا۟ بَيْنَ أَخَوَيْكُمْ ۚ وَٱتَّقُوا۟ ٱللَّهَ لَعَلَّكُمْ تُرْحَمُونَ,11,53,36,8,"ح,خ,ص,ع,ق,ه",12,0,4,0,1,0,0,1,49,4.454545,0.924528
5,98,ٱعْلَمُوٓا۟ أَنَّ ٱللَّهَ شَدِيدُ ٱلْعِقَابِ وَأَنَّ ٱللَّهَ غَفُورٌ رَّحِيمٌ,9,37,27,7,"ح,ع,غ,ق,ه",12,0,4,0,1,0,0,1,40,4.444444,1.081081
6,9,وَلَوْ جَعَلْنَـٰهُ مَلَكًا لَّجَعَلْنَـٰهُ رَجُلًا وَلَلَبَسْنَا عَلَيْهِم مَّا يَلْبِسُونَ,9,42,27,6,"ع,ه",9,0,3,0,4,0,2,2,40,4.444444,0.952381
6,86,وَإِسْمَـٰعِيلَ وَٱلْيَسَعَ وَيُونُسَ وَلُوطًا ۚ وَكُلًّا فَضَّلْنَا عَلَى ٱلْعَـٰلَمِينَ,9,42,34,6,"ض,ط,ع",3,0,1,0,3,1,1,1,40,4.444444,0.952381
7,140,قَالَ أَغَيْرَ ٱللَّهِ أَبْغِيكُمْ إِلَـٰهًا وَهُوَ فَضَّلَكُمْ عَلَى ٱلْعَـٰلَمِينَ,9,39,34,9,"ض,ع,غ,ق,ه",3,0,1,0,3,1,1,1,40,4.444444,1.025641
20,91,قَالُوا۟ لَن نَّبْرَحَ عَلَيْهِ عَـٰكِفِينَ حَتَّىٰ يَرْجِعَ إِلَيْنَا مُوسَىٰ,9,36,34,7,"ح,ع,ق,ه",6,0,2,0,0,0,0,0,40,4.444444,1.111111
24,1,سُورَةٌ أَنزَلْنَـٰهَا وَفَرَضْنَـٰهَا وَأَنزَلْنَا فِيهَآ ءَايَـٰتٍۭ بَيِّنَـٰتٍ لَّعَلَّكُمْ تَذَكَّرُونَ,9,48,29,7,"ء,ذ,ض,ع,ه",6,0,2,0,5,0,3,2,40,4.444444,0.833333
25,35,وَلَقَدْ ءَاتَيْنَا مُوسَى ٱلْكِتَـٰبَ وَجَعَلْنَا مَعَهُۥٓ أَخَاهُ هَـٰرُونَ وَزِيرًا,9,41,30,8,"ء,خ,ع,ق,ه",9,0,3,0,1,0,1,0,40,4.444444,0.97561
54,48,يَوْمَ يُسْحَبُونَ فِى ٱلنَّارِ عَلَىٰ وُجُوهِهِمْ ذُوقُوا۟ مَسَّ سَقَرَ,9,35,28,7,"ح,ذ,ع,ق,ه",12,0,4,0,0,0,0,0,40,4.444444,1.142857
5,10,وَٱلَّذِينَ كَفَرُوا۟ وَكَذَّبُوا۟ بِـَٔايَـٰتِنَآ أُو۟لَـٰٓئِكَ أَصْحَـٰبُ ٱلْجَحِيمِ,7,38,24,5,"ح,ذ,ص",5,1,1,0,2,1,1,0,31,4.428571,0.815789
43,47,فَلَمَّا جَآءَهُم بِـَٔايَـٰتِنَآ إِذَا هُم مِّنْهَا يَضْحَكُونَ,7,30,25,7,"ء,ح,ذ,ض,ه",5,1,1,0,1,0,1,0,31,4.428571,1.033333
3,121,وَإِذْ غَدَوْتَ مِنْ أَهْلِكَ تُبَوِّئُ ٱلْمُؤْمِنِينَ مَقَـٰعِدَ لِلْقِتَالِ ۗ وَٱللَّهُ سَمِيعٌ عَلِيمٌ,12,48,33,9,"ذ,ع,غ,ق,ه",18,0,6,0,2,0,1,1,53,4.416667,1.104167
8,56,ٱلَّذِينَ عَـٰهَدتَّ مِنْهُمْ ثُمَّ يَنقُضُونَ عَهْدَهُمْ فِى كُلِّ مَرَّةٍ وَهُمْ لَا يَتَّقُونَ,12,43,40,12,"ث,ذ,ض,ع,ق,ه",11,1,3,0,2,0,1,1,53,4.416667,1.232558
16,108,أُو۟لَـٰٓئِكَ ٱلَّذِينَ طَبَعَ ٱللَّهُ عَلَىٰ قُلُوبِهِمْ وَسَمْعِهِمْ وَأَبْصَـٰرِهِمْ ۖ وَأُو۟لَـٰٓئِكَ هُمُ ٱلْغَـٰفِلُونَ,12,54,44,13,"ذ,ص,ط,ع,غ,ق,ه",9,0,3,0,0,0,0,0,53,4.416667,0.981481
19,59,فَخَلَفَ مِنۢ بَعْدِهِمْ خَلْفٌ أَضَاعُوا۟ ٱلصَّلَوٰةَ وَٱتَّبَعُوا۟ ٱلشَّهَوَٰتِ ۖ فَسَوْفَ يَلْقَوْنَ غَيًّا,12,51,51,11,"خ,ص,ض,ع,غ,ق,ه",0,0,0,0,2,1,1,0,53,4.416667,1.039216
20,88,فَأَخْرَجَ لَهُمْ عِجْلًا جَسَدًا لَّهُۥ خُوَارٌ فَقَالُوا۟ هَـٰذَآ إِلَـٰهُكُمْ وَإِلَـٰهُ مُوسَىٰ فَنَسِىَ,12,48,41,10,"خ,ذ,ع,ق,ه",5,1,1,0,7,0,4,3,53,4.416667,1.104167
25,29,لَّقَدْ أَضَلَّنِى عَنِ ٱلذِّكْرِ بَعْدَ إِذْ جَآءَنِى ۗ وَكَانَ ٱلشَّيْطَـٰنُ لِلْإِنسَـٰنِ خَذُولًا,12,46,43,10,"ء,خ,ذ,ض,ط,ع,ق",8,1,2,0,2,1,1,0,53,4.416667,1.152174
25,63,وَعِبَادُ ٱلرَّحْمَـٰنِ ٱلَّذِينَ يَمْشُونَ عَلَى ٱلْأَرْضِ هَوْنًا وَإِذَا خَاطَبَهُمُ ٱلْجَـٰهِلُونَ قَالُوا۟ سَلَـٰمًا,12,59,47,12,"ح,خ,ذ,ض,ط,ع,ق,ه",3,0,1,0,3,0,2,1,53,4.416667,0.898305
28,5,وَنُرِيدُ أَن نَّمُنَّ عَلَى ٱلَّذِينَ ٱسْتُضْعِفُوا۟ فِى ٱلْأَرْضِ وَنَجْعَلَهُمْ أَئِمَّةً وَنَجْعَلَهُمُ ٱلْوَٰرِثِينَ,12,58,47,10,"ث,ذ,ض,ع,ه",5,1,1,0,1,0,0,1,53,4.416667,0.913793
3,71,يَـٰٓأَهْلَ ٱلْكِتَـٰبِ لِمَ تَلْبِسُونَ ٱلْحَقَّ بِٱلْبَـٰطِلِ وَتَكْتُمُونَ ٱلْحَقَّ وَأَنتُمْ تَعْلَمُونَ,10,49,29,7,"ح,ط,ع,ق,ه",12,0,4,0,3,2,1,0,44,4.4,0.897959
7,8,وَٱلْوَزْنُ يَوْمَئِذٍ ٱلْحَقُّ ۚ فَمَن ثَقُلَتْ مَوَٰزِينُهُۥ فَأُو۟لَـٰٓئِكَ هُمُ ٱلْمُفْلِحُونَ,10,44,32,8,"ث,ح,ذ,ق,ه",11,1,3,0,1,1,0,0,44,4.4,1.0
18,53,وَرَءَا ٱلْمُجْرِمُونَ ٱلنَّارَ فَظَنُّوٓا۟ أَنَّهُم مُّوَاقِعُوهَا وَلَمْ يَجِدُوا۟ عَنْهَا مَصْرِفًا,10,51,32,9,"ء,ص,ظ,ع,ق,ه",12,0,4,0,0,0,0,0,44,4.4,0.862745
19,69,ثُمَّ لَنَنزِعَنَّ مِن كُلِّ شِيعَةٍ أَيُّهُمْ أَشَدُّ عَلَى ٱلرَّحْمَـٰنِ عِتِيًّا,10,36,34,7,"ث,ح,ع,ه",9,0,3,0,1,0,1,0,44,4.4,1.222222
15,50,وَأَنَّ عَذَابِى هُوَ ٱلْعَذَابُ ٱلْأَلِيمُ,5,22,18,5,"ذ,ع,ه",4,2,0,0,0,0,0,0,22,4.4,1.0
21,107,وَمَآ أَرْسَلْنَـٰكَ إِلَّا رَحْمَةً لِّلْعَـٰلَمِينَ,5,23,12,2,"ح,ع",9,0,3,0,1,0,0,1,22,4.4,0.956522
23,2,ٱلَّذِينَ هُمْ فِى صَلَاتِهِمْ خَـٰشِعُونَ,5,20,22,6,"خ,ذ,ص,ع,ه",0,0,0,0,0,0,0,0,22,4.4,1.1
23,54,فَذَرْهُمْ فِى غَمْرَتِهِمْ حَتَّىٰ حِينٍ,5,19,22,6,"ح,ذ,غ,ه",0,0,0,0,0,0,0,0,22,4.4,1.157895
23,98,وَأَعُوذُ بِكَ رَبِّ أَن يَحْضُرُونِ,5,17,20,4,"ح,ذ,ض,ع",2,1,0,0,0,0,0,0,22,4.4,1.294118
37,75,وَلَقَدْ نَادَىٰنَا نُوحٌ فَلَنِعْمَ ٱلْمُجِيبُونَ,5,26,15,3,"ح,ع,ق",6,0,2,0,1,0,0,1,22,4.4,0.846154
38,50,جَنَّـٰتِ عَدْنٍ مُّفَتَّحَةً لَّهُمُ ٱلْأَبْوَٰبُ,5,20,14,3,"ح,ع,ه",6,0,2,0,2,0,0,2,22,4.4,1.1
38,53,هَـٰذَا مَا تُوعَدُونَ لِيَوْمِ ٱلْحِسَابِ,5,21,16,4,"ح,ذ,ع,ه",5,1,1,0,1,0,1,0,22,4.4,1.047619
43,34,وَلِبُيُوتِهِمْ أَبْوَٰبًا وَسُرُرًا عَلَيْهَا يَتَّكِـُٔونَ,5,28,11,3,"ع,ه",9,0,3,0,2,0,0,2,22,4.4,0.785714
51,55,وَذَكِّرْ فَإِنَّ ٱلذِّكْرَىٰ تَنفَعُ ٱلْمُؤْمِنِينَ,5,25,15,3,"ذ,ع",6,0,2,0,1,1,0,0,22,4.4,0.88
52,49,وَمِنَ ٱلَّيْلِ فَسَبِّحْهُ وَإِدْبَـٰرَ ٱلنُّجُومِ,5,23,10,2,"ح,ه",12,0,4,0,0,0,0,0,22,4.4,0.956522
56,27,وَأَصْحَـٰبُ ٱلْيَمِينِ مَآ أَصْحَـٰبُ ٱلْيَمِينِ,5,23,16,4,"ح,ص",4,2,0,0,2,0,2,0,22,4.4,0.956522
56,51,ثُمَّ إِنَّكُمْ أَيُّهَا ٱلضَّآلُّونَ ٱلْمُكَذِّبُونَ,5,25,16,4,"ث,ذ,ض,ه",3,0,1,0,3,2,1,0,22,4.4,0.88
71,19,وَٱللَّهُ جَعَلَ لَكُمُ ٱلْأَرْضَ بِسَاطًا,5,21,19,4,"ض,ط,ع,ه",3,0,1,0,0,0,0,0,22,4.4,1.047619
72,15,وَأَمَّا ٱلْقَـٰسِطُونَ فَكَانُوا۟ لِجَهَنَّمَ حَطَبًا,5,26,20,5,"ح,ط,ق,ه",2,1,0,0,0,0,0,0,22,4.4,0.846154
36,7,لَقَدْ حَقَّ ٱلْقَوْلُ عَلَىٰٓ أَكْثَرِهِمْ فَهُمْ لَا يُؤْمِنُونَ,8,30,28,8,"ث,ح,ع,ق,ه",6,0,2,0,1,1,0,0,35,4.375,1.166667
38,13,وَثَمُودُ وَقَوْمُ لُوطٍ وَأَصْحَـٰبُ لْـَٔيْكَةِ ۚ أُو۟لَـٰٓئِكَ ٱلْأَحْزَابُ,8,33,25,6,"ث,ح,ص,ط,ق",8,1,2,0,2,0,1,1,35,4.375,1.060606
49,8,فَضْلًا مِّنَ ٱللَّهِ وَنِعْمَةً ۚ وَٱللَّهُ عَلِيمٌ حَكِيمٌ,8,28,27,6,"ح,ض,ع,ه",6,0,2,0,2,0,0,2,35,4.375,1.25
76,11,فَوَقَىٰهُمُ ٱللَّهُ شَرَّ ذَٰلِكَ ٱلْيَوْمِ وَلَقَّىٰهُمْ نَضْرَةً وَسُرُورًا,8,36,25,7,"ذ,ض,ق,ه",6,0,2,0,4,1,2,1,35,4.375,0.972222
19,11,فَخَرَجَ عَلَىٰ قَوْمِهِۦ مِنَ ٱلْمِحْرَابِ فَأَوْحَىٰٓ إِلَيْهِمْ أَن سَبِّحُوا۟ بُكْرَةً وَعَشِيًّا,11,46,43,9,"ح,خ,ع,ق,ه",3,0,1,0,2,0,1,1,48,4.363636,1.043478
20,22,وَٱضْمُمْ يَدَكَ إِلَىٰ جَنَاحِكَ تَخْرُجْ بَيْضَآءَ مِنْ غَيْرِ سُوٓءٍ ءَايَةً أُخْرَىٰ,11,41,41,9,"ء,ح,خ,ض,غ",3,0,1,0,4,0,2,2,48,4.363636,1.170732
20,112,وَمَن يَعْمَلْ مِنَ ٱلصَّـٰلِحَـٰتِ وَهُوَ مُؤْمِنٌ فَلَا يَخَافُ ظُلْمًا وَلَا هَضْمًا,11,40,34,8,"ح,خ,ص,ض,ظ,ع,ه",11,1,3,0,3,1,0,2,48,4.363636,1.2
21,103,لَا يَحْزُنُهُمُ ٱلْفَزَعُ ٱلْأَكْبَرُ وَتَتَلَقَّىٰهُمُ ٱلْمَلَـٰٓئِكَةُ هَـٰذَا يَوْمُكُمُ ٱلَّذِى كُنتُمْ تُوعَدُونَ,11,56,37,9,"ح,ذ,ع,ق,ه",8,1,2,0,3,1,2,0,48,4.363636,0.857143
30,16,وَأَمَّا ٱلَّذِينَ كَفَرُوا۟ وَكَذَّبُوا۟ بِـَٔايَـٰتِنَا وَلِقَآئِ ٱلْـَٔاخِرَةِ فَأُو۟لَـٰٓئِكَ فِى ٱلْعَذَابِ مُحْضَرُونَ,11,57,39,8,"ح,خ,ذ,ض,ع,ق",7,2,1,0,2,1,1,0,48,4.363636,0.842105
40,75,ذَٰلِكُم بِمَا كُنتُمْ تَفْرَحُونَ فِى ٱلْأَرْضِ بِغَيْرِ ٱلْحَقِّ وَبِمَا كُنتُمْ تَمْرَحُونَ,11,46,35,7,"ح,ذ,ض,غ,ق",12,0,4,0,1,1,0,0,48,4.363636,1.043478
43,61,وَإِنَّهُۥ لَعِلْمٌ لِّلسَّاعَةِ فَلَا تَمْتَرُنَّ بِهَا وَٱتَّبِعُونِ ۚ هَـٰذَا صِرَٰطٌ مُّسْتَقِيمٌ,11,44,36,10,"ذ,ص,ط,ع,ق,ه",8,1,2,0,4,0,2,2,48,4.363636,1.090909
50,2,بَلْ عَجِبُوٓا۟ أَن جَآءَهُم مُّنذِرٌ مِّنْهُمْ فَقَالَ ٱلْكَـٰفِرُونَ هَـٰذَا شَىْءٌ عَجِيبٌ,11,43,36,10,"ء,ذ,ع,ق,ه",8,1,2,0,4,0,2,2,48,4.363636,1.116279
62,4,ذَٰلِكَ فَضْلُ ٱللَّهِ يُؤْتِيهِ مَن يَشَآءُ ۚ وَٱللَّهُ ذُو ٱلْفَضْلِ ٱلْعَظِيمِ,11,39,39,10,"ء,ذ,ض,ظ,ع,ه",8,1,2,0,1,0,1,0,48,4.363636,1.230769
2,51,وَإِذْ وَٰعَدْنَا مُوسَىٰٓ أَرْبَعِينَ لَيْلَةً ثُمَّ ٱتَّخَذْتُمُ ٱلْعِجْلَ مِنۢ بَعْدِهِۦ وَأَنتُمْ ظَـٰلِمُونَ,12,51,42,10,"ث,خ,ذ,ظ,ع,ه",8,1,2,0,2,0,1,1,52,4.333333,1.019608
11,65,فَعَقَرُوهَا فَقَالَ تَمَتَّعُوا۟ فِى دَارِكُمْ ثَلَـٰثَةَ أَيَّامٍ ۖ ذَٰلِكَ وَعْدٌ غَيْرُ مَكْذُوبٍ,12,46,44,11,"ث,ذ,ع,غ,ق,ه",6,0,2,0,2,0,1,1,52,4.333333,1.130435
41,20,حَتَّىٰٓ إِذَا مَا جَآءُوهَا شَهِدَ عَلَيْهِمْ سَمْعُهُمْ وَأَبْصَـٰرُهُمْ وَجُلُودُهُم بِمَا كَانُوا۟ يَعْمَلُونَ,12,55,45,13,"ء,ح,ذ,ص,ع,ه",6,0,2,0,1,0,1,0,52,4.333333,0.945455
3,166,وَمَآ أَصَـٰبَكُمْ يَوْمَ ٱلْتَقَى ٱلْجَمْعَانِ فَبِإِذْنِ ٱللَّهِ وَلِيَعْلَمَ ٱلْمُؤْمِنِينَ,9,46,24,6,"ذ,ص,ع,ق,ه",15,0,5,0,0,0,0,0,39,4.333333,0.847826
7,55,ٱدْعُوا۟ رَبَّكُمْ تَضَرُّعًا وَخُفْيَةً ۚ إِنَّهُۥ لَا يُحِبُّ ٱلْمُعْتَدِينَ,9,35,35,7,"ح,خ,ض,ع,ه",3,0,1,0,1,0,0,1,39,4.333333,1.114286
12,91,قَالُوا۟ تَٱللَّهِ لَقَدْ ءَاثَرَكَ ٱللَّهُ عَلَيْنَا وَإِن كُنَّا لَخَـٰطِـِٔينَ,9,38,30,9,"ء,ث,خ,ط,ع,ق,ه",8,1,2,0,1,0,1,0,39,4.333333,1.026316
21,8,وَمَا جَعَلْنَـٰهُمْ جَسَدًا لَّا يَأْكُلُونَ ٱلطَّعَامَ وَمَا كَانُوا۟ خَـٰلِدِينَ,9,40,25,5,"خ,ط,ع,ه",11,1,3,0,3,1,1,1,39,4.333333,0.975
23,66,قَدْ كَانَتْ ءَايَـٰتِى تُتْلَىٰ عَلَيْكُمْ فَكُنتُمْ عَلَىٰٓ أَعْقَـٰبِكُمْ تَنكِصُونَ,9,40,32,7,"ء,ص,ع,ق",6,0,2,0,1,0,1,0,39,4.333333,0.975
24,20,وَلَوْلَا فَضْلُ ٱللَّهِ عَلَيْكُمْ وَرَحْمَتُهُۥ وَأَنَّ ٱللَّهَ رَءُوفٌ رَّحِيمٌ,9,38,32,8,"ء,ح,ض,ع,ه",6,0,2,0,1,0,0,1,39,4.333333,1.026316
25,11,بَلْ كَذَّبُوا۟ بِٱلسَّاعَةِ ۖ وَأَعْتَدْنَا لِمَن كَذَّبَ بِٱلسَّاعَةِ سَعِيرًا,9,39,31,6,"ذ,ع",6,0,2,0,2,2,0,0,39,4.333333,1.0
25,30,وَقَالَ ٱلرَّسُولُ يَـٰرَبِّ إِنَّ قَوْمِى ٱتَّخَذُوا۟ هَـٰذَا ٱلْقُرْءَانَ مَهْجُورًا,9,41,28,9,"ء,خ,ذ,ق,ه",10,2,2,0,1,0,1,0,39,4.333333,0.95122
21,106,إِنَّ فِى هَـٰذَا لَبَلَـٰغًا لِّقَوْمٍ عَـٰبِدِينَ,6,21,17,5,"ذ,ع,غ,ق,ه",5,1,1,0,4,0,2,2,26,4.333333,1.238095
23,13,ثُمَّ جَعَلْنَـٰهُ نُطْفَةً فِى قَرَارٍ مَّكِينٍ,6,21,20,5,"ث,ط,ع,ق,ه",3,0,1,0,3,0,1,2,26,4.333333,1.238095
26,71,قَالُوا۟ نَعْبُدُ أَصْنَامًا فَنَظَلُّ لَهَا عَـٰكِفِينَ,6,27,25,6,"ص,ظ,ع,ق,ه",0,0,0,0,1,0,0,1,26,4.333333,0.962963
28,51,وَلَقَدْ وَصَّلْنَا لَهُمُ ٱلْقَوْلَ لَعَلَّهُمْ يَتَذَكَّرُونَ,6,29,22,7,"ذ,ص,ع,ق,ه",3,0,1,0,1,1,0,0,26,4.333333,0.896552
43,55,فَلَمَّآ ءَاسَفُونَا ٱنتَقَمْنَا مِنْهُمْ فَأَغْرَقْنَـٰهُمْ أَجْمَعِينَ,6,36,25,7,"ء,ع,غ,ق,ه",0,0,0,0,1,0,1,0,26,4.333333,0.722222
44,11,يَغْشَى ٱلنَّاسَ ۖ هَـٰذَا عَذَابٌ أَلِيمٌ,6,20,18,5,"ذ,ع,غ,ه",7,2,1,0,1,0,1,0,26,4.333333,1.3
50,21,وَجَآءَتْ كُلُّ نَفْسٍ مَّعَهَا سَآئِقٌ وَشَهِيدٌ,6,23,20,5,"ء,ع,ق,ه",3,0,1,0,3,0,1,2,26,4.333333,1.130435
52,14,هَـٰذِهِ ٱلنَّارُ ٱلَّتِى كُنتُم بِهَا تُكَذِّبُونَ,6,25,14,5,"ذ,ه",10,2,2,0,2,1,1,0,26,4.333333,1.04
54,50,وَمَآ أَمْرُنَآ إِلَّا وَٰحِدَةٌ كَلَمْحٍۭ بِٱلْبَصَرِ,6,25,14,3,"ح,ص",9,0,3,0,3,0,1,2,26,4.333333,1.04
55,43,هَـٰذِهِۦ جَهَنَّمُ ٱلَّتِى يُكَذِّبُ بِهَا ٱلْمُجْرِمُونَ,6,26,17,6,"ذ,ه",7,2,1,0,2,1,1,0,26,4.333333,1.0
99,7,فَمَن يَعْمَلْ مِثْقَالَ ذَرَّةٍ خَيْرًا يَرَهُۥ,6,22,22,6,"ث,خ,ذ,ع,ق,ه",2,1,0,0,2,0,0,2,26,4.333333,1.181818
6,126,وَهَـٰذَا صِرَٰطُ رَبِّكَ مُسْتَقِيمًا ۗ قَدْ فَصَّلْنَا ٱلْـَٔايَـٰتِ لِقَوْمٍ يَذَّكَّرُونَ,10,39,30,9,"ذ,ص,ط,ق,ه",8,1,2,0,5,2,2,1,43,4.3,1.102564
8,57,فَإِمَّا تَثْقَفَنَّهُمْ فِى ٱلْحَرْبِ فَشَرِّدْ بِهِم مَّنْ خَلْفَهُمْ لَعَلَّهُمْ يَذَّكَّرُونَ,10,43,39,10,"ث,ح,خ,ذ,ع,ق,ه",2,1,0,0,2,1,0,1,43,4.3,1.0
10,85,فَقَالُوا۟ عَلَى ٱللَّهِ تَوَكَّلْنَا رَبَّنَا لَا تَجْعَلْنَا فِتْنَةً لِّلْقَوْمِ ٱلظَّـٰلِمِينَ,10,47,26,6,"ظ,ع,ق,ه",15,0,5,0,2,1,0,1,43,4.3,0.914894
17,81,وَقُلْ جَآءَ ٱلْحَقُّ وَزَهَقَ ٱلْبَـٰطِلُ ۚ إِنَّ ٱلْبَـٰطِلَ كَانَ زَهُوقًا,10,34,33,10,"ء,ح,ط,ق,ه",6,0,2,0,4,1,3,0,43,4.3,1.264706
25,49,لِّنُحْـِۧىَ بِهِۦ بَلْدَةً مَّيْتًا وَنُسْقِيَهُۥ مِمَّا خَلَقْنَآ أَنْعَـٰمًا وَأَنَاسِىَّ كَثِيرًا,10,44,31,8,"ث,ح,خ,ع,ق,ه",9,0,3,0,3,0,0,3,43,4.3,0.977273
52,47,وَإِنَّ لِلَّذِينَ ظَلَمُوا۟ عَذَابًا دُونَ ذَٰلِكَ وَلَـٰكِنَّ أَكْثَرَهُمْ لَا يَعْلَمُونَ,10,42,31,8,"ث,ذ,ظ,ع,ه",11,1,3,0,1,0,0,1,43,4.3,1.02381
16,83,يَعْرِفُونَ نِعْمَتَ ٱللَّهِ ثُمَّ يُنكِرُونَهَا وَأَكْثَرُهُمُ ٱلْكَـٰفِرُونَ,7,38,27,7,"ث,ع,ه",3,0,1,0,0,0,0,0,30,4.285714,0.789474
21,95,وَحَرَٰمٌ عَلَىٰ قَرْيَةٍ أَهْلَكْنَـٰهَآ أَنَّهُمْ لَا يَرْجِعُونَ,7,30,26,7,"ح,ع,ق,ه",0,0,0,0,4,0,3,1,30,4.285714,1.0
23,47,فَقَالُوٓا۟ أَنُؤْمِنُ لِبَشَرَيْنِ مِثْلِنَا وَقَوْمُهُمَا لَنَا عَـٰبِدُونَ,7,37,18,5,"ث,ع,ق,ه",12,0,4,0,0,0,0,0,30,4.285714,0.810811
25,52,فَلَا تُطِعِ ٱلْكَـٰفِرِينَ وَجَـٰهِدْهُم بِهِۦ جِهَادًا كَبِيرًا,7,31,22,6,"ط,ع,ه",6,1,1,1,2,0,1,1,30,4.285714,0.967742
26,36,قَالُوٓا۟ أَرْجِهْ وَأَخَاهُ وَٱبْعَثْ فِى ٱلْمَدَآئِنِ حَـٰشِرِينَ,7,33,28,7,"ث,ح,خ,ع,ق,ه",2,1,0,0,0,0,0,0,30,4.285714,0.909091
28,66,فَعَمِيَتْ عَلَيْهِمُ ٱلْأَنۢبَآءُ يَوْمَئِذٍ فَهُمْ لَا يَتَسَآءَلُونَ,7,35,24,7,"ء,ذ,ع,ه",3,0,1,0,3,0,2,1,30,4.285714,0.857143
33,61,مَّلْعُونِينَ ۖ أَيْنَمَا ثُقِفُوٓا۟ أُخِذُوا۟ وَقُتِّلُوا۟ تَقْتِيلًا,7,34,26,7,"ث,خ,ذ,ع,ق",4,2,0,0,0,0,0,0,30,4.285714,0.882353
36,74,وَٱتَّخَذُوا۟ مِن دُونِ ٱللَّهِ ءَالِهَةً لَّعَلَّهُمْ يُنصَرُونَ,7,32,24,8,"ء,خ,ذ,ص,ع,ه",5,1,1,0,1,0,0,1,30,4.285714,0.9375
43,50,فَلَمَّا كَشَفْنَا عَنْهُمُ ٱلْعَذَابَ إِذَا هُمْ يَنكُثُونَ,7,30,28,7,"ث,ذ,ع,ه",2,1,0,0,0,0,0,0,30,4.285714,1.0
51,37,وَتَرَكْنَا فِيهَآ ءَايَةً لِّلَّذِينَ يَخَافُونَ ٱلْعَذَابَ ٱلْأَلِيمَ,7,37,23,6,"ء,خ,ذ,ع,ه",5,1,1,0,2,0,1,1,30,4.285714,0.810811
54,3,وَكَذَّبُوا۟ وَٱتَّبَعُوٓا۟ أَهْوَآءَهُمْ ۚ وَكُلُّ أَمْرٍ مُّسْتَقِرٌّ,7,31,20,6,"ء,ذ,ع,ق,ه",6,0,2,0,4,1,2,1,30,4.285714,0.967742
72,4,وَأَنَّهُۥ كَانَ يَقُولُ سَفِيهُنَا عَلَى ٱللَّهِ شَطَطًا,7,28,24,7,"ط,ع,ق,ه",6,0,2,0,0,0,0,0,30,4.285714,1.071429
77,27,وَجَعَلْنَا فِيهَا رَوَٰسِىَ شَـٰمِخَـٰتٍ وَأَسْقَيْنَـٰكُم مَّآءً فُرَاتًا,7,34,24,5,"ء,خ,ع,ق,ه",3,0,1,0,3,0,1,2,30,4.285714,0.882353
3,33,إِنَّ ٱللَّهَ ٱصْطَفَىٰٓ ءَادَمَ وَنُوحًا وَءَالَ إِبْرَٰهِيمَ وَءَالَ عِمْرَٰنَ عَلَى ٱلْعَـٰلَمِينَ,11,48,37,11,"ء,ح,ص,ط,ع,ه",8,1,2,0,2,0,1,1,47,4.272727,0.979167
14,14,وَلَنُسْكِنَنَّكُمُ ٱلْأَرْضَ مِنۢ بَعْدِهِمْ ۚ ذَٰلِكَ لِمَنْ خَافَ مَقَامِى وَخَافَ وَعِيدِ,11,43,40,8,"خ,ذ,ض,ع,ق,ه",6,0,2,0,1,0,0,1,47,4.272727,1.093023
36,14,إِذْ أَرْسَلْنَآ إِلَيْهِمُ ٱثْنَيْنِ فَكَذَّبُوهُمَا فَعَزَّزْنَا بِثَالِثٍ فَقَالُوٓا۟ إِنَّآ إِلَيْكُم مُّرْسَلُونَ,11,57,36,9,"ث,ذ,ع,ق,ه",9,0,3,0,2,1,0,1,47,4.272727,0.824561
43,49,وَقَالُوا۟ يَـٰٓأَيُّهَ ٱلسَّاحِرُ ٱدْعُ لَنَا رَبَّكَ بِمَا عَهِدَ عِندَكَ إِنَّنَا لَمُهْتَدُونَ,11,46,32,8,"ح,ع,ق,ه",15,0,5,0,0,0,0,0,47,4.272727,1.021739
63,3,ذَٰلِكَ بِأَنَّهُمْ ءَامَنُوا۟ ثُمَّ كَفَرُوا۟ فَطُبِعَ عَلَىٰ قُلُوبِهِمْ فَهُمْ لَا يَفْقَهُونَ,11,45,41,12,"ء,ث,ذ,ط,ع,ق,ه",6,0,2,0,0,0,0,0,47,4.272727,1.044444
4,98,إِلَّا ٱلْمُسْتَضْعَفِينَ مِنَ ٱلرِّجَالِ وَٱلنِّسَآءِ وَٱلْوِلْدَٰنِ لَا يَسْتَطِيعُونَ حِيلَةً وَلَا يَهْتَدُونَ سَبِيلًا,12,63,34,7,"ء,ح,ض,ط,ع,ه",15,1,4,1,2,0,1,1,51,4.25,0.809524
12,93,ٱذْهَبُوا۟ بِقَمِيصِى هَـٰذَا فَأَلْقُوهُ عَلَىٰ وَجْهِ أَبِى يَأْتِ بَصِيرًا وَأْتُونِى بِأَهْلِكُمْ أَجْمَعِينَ,12,56,42,13,"ذ,ص,ع,ق,ه",7,2,1,0,2,0,1,1,51,4.25,0.910714
13,28,ٱلَّذِينَ ءَامَنُوا۟ وَتَطْمَئِنُّ قُلُوبُهُم بِذِكْرِ ٱللَّهِ ۗ أَلَا بِذِكْرِ ٱللَّهِ تَطْمَئِنُّ ٱلْقُلُوبُ,12,53,31,11,"ء,ذ,ط,ق,ه",20,0,6,2,0,0,0,0,51,4.25,0.962264
17,24,وَٱخْفِضْ لَهُمَا جَنَاحَ ٱلذُّلِّ مِنَ ٱلرَّحْمَةِ وَقُل رَّبِّ ٱرْحَمْهُمَا كَمَا رَبَّيَانِى صَغِيرًا,12,51,45,11,"ح,خ,ذ,ص,ض,غ,ق,ه",5,1,1,0,1,1,0,0,51,4.25,1.0
20,135,قُلْ كُلٌّ مُّتَرَبِّصٌ فَتَرَبَّصُوا۟ ۖ فَسَتَعْلَمُونَ مَنْ أَصْحَـٰبُ ٱلصِّرَٰطِ ٱلسَّوِىِّ وَمَنِ ٱهْتَدَىٰ,12,48,35,9,"ح,ص,ط,ع,ق,ه",11,1,3,0,5,1,2,2,51,4.25,1.0625
27,14,وَجَحَدُوا۟ بِهَا وَٱسْتَيْقَنَتْهَآ أَنفُسُهُمْ ظُلْمًا وَعُلُوًّا ۚ فَٱنظُرْ كَيْفَ كَانَ عَـٰقِبَةُ ٱلْمُفْسِدِينَ,12,57,45,10,"ح,ظ,ع,ق,ه",3,0,1,0,3,0,2,1,51,4.25,0.894737
40,80,وَلَكُمْ فِيهَا مَنَـٰفِعُ وَلِتَبْلُغُوا۟ عَلَيْهَا حَاجَةً فِى صُدُورِكُمْ وَعَلَيْهَا وَعَلَى ٱلْفُلْكِ تُحْمَلُونَ,12,58,50,11,"ح,ص,ع,غ,ه",0,0,0,0,1,0,0,1,51,4.25,0.87931
2,179,وَلَكُمْ فِى ٱلْقِصَاصِ حَيَوٰةٌ يَـٰٓأُو۟لِى ٱلْأَلْبَـٰبِ لَعَلَّكُمْ تَتَّقُونَ,8,37,25,6,"ح,ص,ع,ق",8,1,2,0,1,0,0,1,34,4.25,0.918919
12,12,أَرْسِلْهُ مَعَنَا غَدًا يَرْتَعْ وَيَلْعَبْ وَإِنَّا لَهُۥ لَحَـٰفِظُونَ,8,33,33,8,"ح,ظ,ع,غ,ه",0,0,0,0,1,0,0,1,34,4.25,1.030303
16,4,خَلَقَ ٱلْإِنسَـٰنَ مِن نُّطْفَةٍ فَإِذَا هُوَ خَصِيمٌ مُّبِينٌ,8,29,27,7,"خ,ذ,ص,ط,ق,ه",5,1,1,0,2,0,0,2,34,4.25,1.172414
16,21,أَمْوَٰتٌ غَيْرُ أَحْيَآءٍ ۖ وَمَا يَشْعُرُونَ أَيَّانَ يُبْعَثُونَ,8,31,24,6,"ء,ث,ح,ع,غ",8,1,2,0,2,0,1,1,34,4.25,1.096774
19,40,إِنَّا نَحْنُ نَرِثُ ٱلْأَرْضَ وَمَنْ عَلَيْهَا وَإِلَيْنَا يُرْجَعُونَ,8,34,27,6,"ث,ح,ض,ع,ه",6,0,2,0,1,0,0,1,34,4.25,1.0
20,21,قَالَ خُذْهَا وَلَا تَخَفْ ۖ سَنُعِيدُهَا سِيرَتَهَا ٱلْأُولَىٰ,8,32,30,8,"خ,ذ,ع,ق,ه",4,2,0,0,0,0,0,0,34,4.25,1.0625
20,100,مَّنْ أَعْرَضَ عَنْهُ فَإِنَّهُۥ يَحْمِلُ يَوْمَ ٱلْقِيَـٰمَةِ وِزْرًا,8,30,30,7,"ح,ض,ع,ق,ه",3,0,1,0,1,0,1,0,34,4.25,1.133333
21,9,ثُمَّ صَدَقْنَـٰهُمُ ٱلْوَعْدَ فَأَنجَيْنَـٰهُمْ وَمَن نَّشَآءُ وَأَهْلَكْنَا ٱلْمُسْرِفِينَ,8,43,28,8,"ء,ث,ص,ع,ق,ه",3,0,1,0,3,0,3,0,34,4.25,0.790698
23,113,قَالُوا۟ لَبِثْنَا يَوْمًا أَوْ بَعْضَ يَوْمٍ فَسْـَٔلِ ٱلْعَآدِّينَ,8,32,24,5,"ث,ض,ع,ق",8,1,2,0,2,0,1,1,34,4.25,1.0625
30,11,ٱللَّهُ يَبْدَؤُا۟ ٱلْخَلْقَ ثُمَّ يُعِيدُهُۥ ثُمَّ إِلَيْهِ تُرْجَعُونَ,8,33,31,9,"ث,خ,ع,ق,ه",3,0,1,0,0,0,0,0,34,4.25,1.030303
34,49,قُلْ جَآءَ ٱلْحَقُّ وَمَا يُبْدِئُ ٱلْبَـٰطِلُ وَمَا يُعِيدُ,8,28,22,6,"ء,ح,ط,ع,ق",9,0,3,0,3,1,2,0,34,4.25,1.214286
41,19,وَيَوْمَ يُحْشَرُ أَعْدَآءُ ٱللَّهِ إِلَى ٱلنَّارِ فَهُمْ يُوزَعُونَ,8,34,24,6,"ء,ح,ع,ه",9,0,3,0,1,0,1,0,34,4.25,1.0
15,51,وَنَبِّئْهُمْ عَن ضَيْفِ إِبْرَٰهِيمَ,4,17,16,4,"ض,ع,ه",0,0,0,0,1,0,1,0,17,4.25,1.0
19,91,أَن دَعَوْا۟ لِلرَّحْمَـٰنِ وَلَدًا,4,16,10,2,"ح,ع",6,0,2,0,1,0,1,0,17,4.25,1.0625
23,4,وَٱلَّذِينَ هُمْ لِلزَّكَوٰةِ فَـٰعِلُونَ,4,19,13,3,"ذ,ع,ه",3,0,1,0,1,0,1,0,17,4.25,0.894737
25,66,إِنَّهَا سَآءَتْ مُسْتَقَرًّا وَمُقَامًا,4,20,12,4,"ء,ق,ه",3,0,1,0,2,0,1,1,17,4.25,0.85
26,57,فَأَخْرَجْنَـٰهُم مِّن جَنَّـٰتٍ وَعُيُونٍ,4,18,15,3,"خ,ع,ه",0,0,0,0,2,0,1,1,17,4.25,0.944444
26,105,كَذَّبَتْ قَوْمُ نُوحٍ ٱلْمُرْسَلِينَ,4,18,13,3,"ح,ذ,ق",3,0,1,0,1,1,0,0,17,4.25,0.944444
26,120,ثُمَّ أَغْرَقْنَا بَعْدُ ٱلْبَاقِينَ,4,18,17,5,"ث,ع,غ,ق",0,0,0,0,0,0,0,0,17,4.25,0.944444
37,134,إِذْ نَجَّيْنَـٰهُ وَأَهْلَهُۥٓ أَجْمَعِينَ,4,18,16,5,"ذ,ع,ه",0,0,0,0,1,0,1,0,17,4.25,0.944444
37,178,وَتَوَلَّ عَنْهُمْ حَتَّىٰ حِينٍ,4,14,17,4,"ح,ع,ه",0,0,0,0,0,0,0,0,17,4.25,1.214286
38,88,وَلَتَعْلَمُنَّ نَبَأَهُۥ بَعْدَ حِينٍۭ,4,17,17,4,"ح,ع,ه",0,0,0,0,0,0,0,0,17,4.25,1.0
53,22,تِلْكَ إِذًا قِسْمَةٌ ضِيزَىٰٓ,4,14,15,3,"ذ,ض,ق",0,0,0,0,2,0,0,2,17,4.25,1.214286
54,1,ٱقْتَرَبَتِ ٱلسَّاعَةُ وَٱنشَقَّ ٱلْقَمَرُ,4,22,16,4,"ع,ق",0,0,0,0,1,1,0,0,17,4.25,0.772727
54,16,فَكَيْفَ كَانَ عَذَابِى وَنُذُرِ,4,16,15,3,"ذ,ع",2,1,0,0,0,0,0,0,17,4.25,1.0625
55,31,سَنَفْرُغُ لَكُمْ أَيُّهَ ٱلثَّقَلَانِ,4,18,14,4,"ث,غ,ق,ه",2,1,0,0,1,1,0,0,17,4.25,0.944444
56,17,يَطُوفُ عَلَيْهِمْ وِلْدَٰنٌ مُّخَلَّدُونَ,4,19,16,4,"خ,ط,ع,ه",0,0,0,0,1,0,0,1,17,4.25,0.894737
56,54,فَشَـٰرِبُونَ عَلَيْهِ مِنَ ٱلْحَمِيمِ,4,18,14,3,"ح,ع,ه",3,0,1,0,0,0,0,0,17,4.25,0.944444
68,25,وَغَدَوْا۟ عَلَىٰ حَرْدٍ قَـٰدِرِينَ,4,16,16,4,"ح,ع,غ,ق",0,0,0,0,1,0,0,1,17,4.25,1.0625
69,21,فَهُوَ فِى عِيشَةٍ رَّاضِيَةٍ,4,14,16,3,"ض,ع,ه",0,0,0,0,1,0,0,1,17,4.25,1.214286
78,15,لِّنُخْرِجَ بِهِۦ حَبًّا وَنَبَاتًا,4,16,13,3,"ح,خ,ه",3,0,1,0,1,0,0,1,17,4.25,1.0625
80,18,مِنْ أَىِّ شَىْءٍ خَلَقَهُۥ,4,11,13,4,"ء,خ,ق,ه",3,0,1,0,1,0,0,1,17,4.25,1.545455
84,8,فَسَوْفَ يُحَاسَبُ حِسَابًا يَسِيرًا,4,19,16,2,ح,0,0,0,0,1,0,0,1,17,4.25,0.894737
86,5,فَلْيَنظُرِ ٱلْإِنسَـٰنُ مِمَّ خُلِقَ,4,17,14,3,"خ,ظ,ق",3,0,1,0,0,0,0,0,17,4.25,1.0
106,2,إِۦلَـٰفِهِمْ رِحْلَةَ ٱلشِّتَآءِ وَٱلصَّيْفِ,4,21,15,4,"ء,ح,ص,ه",0,0,0,0,2,1,1,0,17,4.25,0.809524
3,88,خَـٰلِدِينَ فِيهَا لَا يُخَفَّفُ عَنْهُمُ ٱلْعَذَابُ وَلَا هُمْ يُنظَرُونَ,9,36,36,9,"خ,ذ,ظ,ع,ه",2,1,0,0,0,0,0,0,38,4.222222,1.055556
4,158,بَل رَّفَعَهُ ٱللَّهُ إِلَيْهِ ۚ وَكَانَ ٱللَّهُ عَزِيزًا حَكِيمًا,9,32,28,7,"ح,ع,ه",9,0,3,0,1,0,0,1,38,4.222222,1.1875
12,58,وَجَآءَ إِخْوَةُ يُوسُفَ فَدَخَلُوا۟ عَلَيْهِ فَعَرَفَهُمْ وَهُمْ لَهُۥ مُنكِرُونَ,9,39,37,9,"ء,خ,ع,ه",0,0,0,0,1,0,1,0,38,4.222222,0.974359
24,9,وَٱلْخَـٰمِسَةَ أَنَّ غَضَبَ ٱللَّهِ عَلَيْهَآ إِن كَانَ مِنَ ٱلصَّـٰدِقِينَ,9,35,31,8,"خ,ص,ض,ع,غ,ق,ه",5,1,1,0,2,1,1,0,38,4.222222,1.085714
26,183,وَلَا تَبْخَسُوا۟ ٱلنَّاسَ أَشْيَآءَهُمْ وَلَا تَعْثَوْا۟ فِى ٱلْأَرْضِ مُفْسِدِينَ,9,42,29,6,"ء,ث,خ,ض,ع,ه",8,1,2,0,1,0,1,0,38,4.222222,0.904762
28,3,نَتْلُوا۟ عَلَيْكَ مِن نَّبَإِ مُوسَىٰ وَفِرْعَوْنَ بِٱلْحَقِّ لِقَوْمٍ يُؤْمِنُونَ,9,39,24,5,"ح,ع,ق",12,0,4,0,2,1,0,1,38,4.222222,0.974359
46,6,وَإِذَا حُشِرَ ٱلنَّاسُ كَانُوا۟ لَهُمْ أَعْدَآءً وَكَانُوا۟ بِعِبَادَتِهِمْ كَـٰفِرِينَ,9,44,30,7,"ء,ح,ذ,ع,ه",6,0,2,0,2,0,1,1,38,4.222222,0.863636
51,23,فَوَرَبِّ ٱلسَّمَآءِ وَٱلْأَرْضِ إِنَّهُۥ لَحَقٌّ مِّثْلَ مَآ أَنَّكُمْ تَنطِقُونَ,9,37,30,8,"ء,ث,ح,ض,ط,ق,ه",5,1,1,0,3,1,1,1,38,4.222222,1.027027
6,66,وَكَذَّبَ بِهِۦ قَوْمُكَ وَهُوَ ٱلْحَقُّ ۚ قُل لَّسْتُ عَلَيْكُم بِوَكِيلٍ,10,32,31,8,"ح,ذ,ع,ق,ه",9,0,3,0,2,2,0,0,42,4.2,1.3125
6,87,وَمِنْ ءَابَآئِهِمْ وَذُرِّيَّـٰتِهِمْ وَإِخْوَٰنِهِمْ ۖ وَٱجْتَبَيْنَـٰهُمْ وَهَدَيْنَـٰهُمْ إِلَىٰ صِرَٰطٍ مُّسْتَقِيمٍ,10,52,33,12,"ء,خ,ذ,ص,ط,ق,ه",3,0,1,0,6,0,4,2,42,4.2,0.807692
23,53,فَتَقَطَّعُوٓا۟ أَمْرَهُم بَيْنَهُمْ زُبُرًا ۖ كُلُّ حِزْبٍۭ بِمَا لَدَيْهِمْ فَرِحُونَ,10,39,32,8,"ح,ط,ع,ق,ه",7,2,1,0,3,1,1,1,42,4.2,1.076923
34,20,وَلَقَدْ صَدَّقَ عَلَيْهِمْ إِبْلِيسُ ظَنَّهُۥ فَٱتَّبَعُوهُ إِلَّا فَرِيقًا مِّنَ ٱلْمُؤْمِنِينَ,10,45,35,10,"ص,ظ,ع,ق,ه",6,0,2,0,1,0,0,1,42,4.2,0.933333
38,43,وَوَهَبْنَا لَهُۥٓ أَهْلَهُۥ وَمِثْلَهُم مَّعَهُمْ رَحْمَةً مِّنَّا وَذِكْرَىٰ لِأُو۟لِى ٱلْأَلْبَـٰبِ,10,45,29,10,"ث,ح,ذ,ع,ه",12,0,4,0,1,0,0,1,42,4.2,0.933333
39,25,كَذَّبَ ٱلَّذِينَ مِن قَبْلِهِمْ فَأَتَىٰهُمُ ٱلْعَذَابُ مِنْ حَيْثُ لَا يَشْعُرُونَ,10,40,37,10,"ث,ح,ذ,ع,ق,ه",2,1,0,0,3,1,1,1,42,4.2,1.05
42,37,وَٱلَّذِينَ يَجْتَنِبُونَ كَبَـٰٓئِرَ ٱلْإِثْمِ وَٱلْفَوَٰحِشَ وَإِذَا مَا غَضِبُوا۟ هُمْ يَغْفِرُونَ,10,48,33,8,"ث,ح,ذ,ض,غ,ه",8,1,2,0,1,0,1,0,42,4.2,0.875
47,33,يَـٰٓأَيُّهَا ٱلَّذِينَ ءَامَنُوٓا۟ أَطِيعُوا۟ ٱللَّهَ وَأَطِيعُوا۟ ٱلرَّسُولَ وَلَا تُبْطِلُوٓا۟ أَعْمَـٰلَكُمْ,10,54,35,10,"ء,ذ,ط,ع,ه",6,0,2,0,1,0,1,0,42,4.2,0.777778
7,21,وَقَاسَمَهُمَآ إِنِّى لَكُمَا لَمِنَ ٱلنَّـٰصِحِينَ,5,25,15,4,"ح,ص,ق,ه",5,1,1,0,1,0,1,0,21,4.2,0.84
18,103,قُلْ هَلْ نُنَبِّئُكُم بِٱلْأَخْسَرِينَ أَعْمَـٰلًا,5,24,17,4,"خ,ع,ق,ه",3,0,1,0,1,0,1,0,21,4.2,0.875
23,16,ثُمَّ إِنَّكُمْ يَوْمَ ٱلْقِيَـٰمَةِ تُبْعَثُونَ,5,21,15,4,"ث,ع,ق",5,1,1,0,1,0,1,0,21,4.2,1.0
26,85,وَٱجْعَلْنِى مِن وَرَثَةِ جَنَّةِ ٱلنَّعِيمِ,5,22,15,3,"ث,ع",6,0,2,0,0,0,0,0,21,4.2,0.954545
36,63,هَـٰذِهِۦ جَهَنَّمُ ٱلَّتِى كُنتُمْ تُوعَدُونَ,5,21,16,5,"ذ,ع,ه",4,2,0,0,1,0,1,0,21,4.2,1.0
37,9,دُحُورًا ۖ وَلَهُمْ عَذَابٌ وَاصِبٌ,5,17,18,5,"ح,ذ,ص,ع,ه",2,1,0,0,1,0,0,1,21,4.2,1.235294
38,47,وَإِنَّهُمْ عِندَنَا لَمِنَ ٱلْمُصْطَفَيْنَ ٱلْأَخْيَارِ,5,28,19,5,"خ,ص,ط,ع,ه",2,1,0,0,0,0,0,0,21,4.2,0.75
44,58,فَإِنَّمَا يَسَّرْنَـٰهُ بِلِسَانِكَ لَعَلَّهُمْ يَتَذَكَّرُونَ,5,28,17,4,"ذ,ع,ه",3,0,1,0,1,0,1,0,21,4.2,0.75
48,8,إِنَّآ أَرْسَلْنَـٰكَ شَـٰهِدًا وَمُبَشِّرًا وَنَذِيرًا,5,25,9,2,"ذ,ه",9,0,3,0,3,0,1,2,21,4.2,0.84
53,2,مَا ضَلَّ صَاحِبُكُمْ وَمَا غَوَىٰ,5,16,18,4,"ح,ص,ض,غ",3,0,1,0,0,0,0,0,21,4.2,1.3125
53,45,وَأَنَّهُۥ خَلَقَ ٱلزَّوْجَيْنِ ٱلذَّكَرَ وَٱلْأُنثَىٰ,5,26,19,5,"ث,خ,ذ,ق,ه",0,0,0,0,2,1,1,0,21,4.2,0.807692
54,41,وَلَقَدْ جَآءَ ءَالَ فِرْعَوْنَ ٱلنُّذُرُ,5,20,17,5,"ء,ذ,ع,ق",3,0,1,0,1,0,1,0,21,4.2,1.05
55,60,هَلْ جَزَآءُ ٱلْإِحْسَـٰنِ إِلَّا ٱلْإِحْسَـٰنُ,5,21,18,4,"ء,ح,ه",0,0,0,0,3,0,3,0,21,4.2,1.0
56,64,ءَأَنتُمْ تَزْرَعُونَهُۥٓ أَمْ نَحْنُ ٱلزَّٰرِعُونَ,5,24,21,5,"ء,ح,ع,ه",0,0,0,0,0,0,0,0,21,4.2,0.875
69,16,وَٱنشَقَّتِ ٱلسَّمَآءُ فَهِىَ يَوْمَئِذٍ وَاهِيَةٌ,5,25,15,5,"ء,ذ,ق,ه",3,0,1,0,3,1,1,1,21,4.2,0.84
83,6,يَوْمَ يَقُومُ ٱلنَّاسُ لِرَبِّ ٱلْعَـٰلَمِينَ,5,22,9,2,"ع,ق",12,0,4,0,0,0,0,0,21,4.2,0.954545
87,18,إِنَّ هَـٰذَا لَفِى ٱلصُّحُفِ ٱلْأُولَىٰ,5,19,15,4,"ح,ذ,ص,ه",4,2,0,0,2,1,1,0,21,4.2,1.105263
89,28,ٱرْجِعِىٓ إِلَىٰ رَبِّكِ رَاضِيَةً مَّرْضِيَّةً,5,21,19,3,"ض,ع",0,0,0,0,2,0,1,1,21,4.2,1.0
110,1,إِذَا جَآءَ نَصْرُ ٱللَّهِ وَٱلْفَتْحُ,5,19,17,5,"ء,ح,ذ,ص,ه",3,0,1,0,1,0,1,0,21,4.2,1.105263
2,100,أَوَكُلَّمَا عَـٰهَدُوا۟ عَهْدًا نَّبَذَهُۥ فَرِيقٌ مِّنْهُم ۚ بَلْ أَكْثَرُهُمْ لَا يُؤْمِنُونَ,11,43,32,10,"ث,ذ,ع,ق,ه",11,1,3,0,3,0,1,2,46,4.181818,1.069767
14,48,يَوْمَ تُبَدَّلُ ٱلْأَرْضُ غَيْرَ ٱلْأَرْضِ وَٱلسَّمَـٰوَٰتُ ۖ وَبَرَزُوا۟ لِلَّهِ ٱلْوَٰحِدِ ٱلْقَهَّارِ,11,47,29,7,"ح,ض,غ,ق,ه",15,0,5,0,2,1,1,0,46,4.181818,0.978723
16,85,وَإِذَا رَءَا ٱلَّذِينَ ظَلَمُوا۟ ٱلْعَذَابَ فَلَا يُخَفَّفُ عَنْهُمْ وَلَا هُمْ يُنظَرُونَ,11,45,41,11,"ء,خ,ذ,ظ,ع,ه",5,1,1,0,0,0,0,0,46,4.181818,1.022222
24,48,وَإِذَا دُعُوٓا۟ إِلَى ٱللَّهِ وَرَسُولِهِۦ لِيَحْكُمَ بَيْنَهُمْ إِذَا فَرِيقٌ مِّنْهُم مُّعْرِضُونَ,11,48,41,11,"ح,ذ,ض,ع,ق,ه",3,0,1,0,2,0,1,1,46,4.181818,0.958333
26,5,وَمَا يَأْتِيهِم مِّن ذِكْرٍ مِّنَ ٱلرَّحْمَـٰنِ مُحْدَثٍ إِلَّا كَانُوا۟ عَنْهُ مُعْرِضِينَ,11,43,38,9,"ث,ح,ذ,ض,ع,ه",6,0,2,0,2,0,1,1,46,4.181818,1.069767
28,42,وَأَتْبَعْنَـٰهُمْ فِى هَـٰذِهِ ٱلدُّنْيَا لَعْنَةً ۖ وَيَوْمَ ٱلْقِيَـٰمَةِ هُم مِّنَ ٱلْمَقْبُوحِينَ,11,46,33,10,"ح,ذ,ع,ق,ه",10,2,2,0,3,0,3,0,46,4.181818,1.0
39,27,وَلَقَدْ ضَرَبْنَا لِلنَّاسِ فِى هَـٰذَا ٱلْقُرْءَانِ مِن كُلِّ مَثَلٍ لَّعَلَّهُمْ يَتَذَكَّرُونَ,11,45,36,10,"ء,ث,ذ,ض,ع,ق,ه",8,1,2,0,2,0,1,1,46,4.181818,1.022222
19,32,وَبَرًّۢا بِوَٰلِدَتِى وَلَمْ يَجْعَلْنِى جَبَّارًا شَقِيًّا,6,28,11,2,"ع,ق",12,0,4,0,2,0,0,2,25,4.166667,0.892857
20,119,وَأَنَّكَ لَا تَظْمَؤُا۟ فِيهَا وَلَا تَضْحَىٰ,6,22,19,4,"ح,ض,ظ,ه",5,1,1,0,1,0,1,0,25,4.166667,1.136364
23,31,ثُمَّ أَنشَأْنَا مِنۢ بَعْدِهِمْ قَرْنًا ءَاخَرِينَ,6,25,21,6,"ء,ث,خ,ع,ق,ه",3,0,1,0,1,0,0,1,25,4.166667,1.0
23,102,فَمَن ثَقُلَتْ مَوَٰزِينُهُۥ فَأُو۟لَـٰٓئِكَ هُمُ ٱلْمُفْلِحُونَ,6,29,20,5,"ث,ح,ق,ه",5,1,1,0,0,0,0,0,25,4.166667,0.862069
25,76,خَـٰلِدِينَ فِيهَا ۚ حَسُنَتْ مُسْتَقَرًّا وَمُقَامًا,6,25,21,5,"ح,خ,ق,ه",3,0,1,0,1,0,0,1,25,4.166667,1.0
36,61,وَأَنِ ٱعْبُدُونِى ۚ هَـٰذَا صِرَٰطٌ مُّسْتَقِيمٌ,6,22,20,6,"ذ,ص,ط,ع,ق,ه",2,1,0,0,3,0,2,1,25,4.166667,1.136364
37,144,لَلَبِثَ فِى بَطْنِهِۦٓ إِلَىٰ يَوْمِ يُبْعَثُونَ,6,22,17,5,"ث,ط,ع,ه",8,1,2,0,0,0,0,0,25,4.166667,1.136364
47,17,وَٱلَّذِينَ ٱهْتَدَوْا۟ زَادَهُمْ هُدًى وَءَاتَىٰهُمْ تَقْوَىٰهُمْ,6,33,19,8,"ء,ذ,ق,ه",3,0,1,0,3,0,2,1,25,4.166667,0.757576
50,32,هَـٰذَا مَا تُوعَدُونَ لِكُلِّ أَوَّابٍ حَفِيظٍ,6,22,21,5,"ح,ذ,ظ,ع,ه",2,1,0,0,2,0,1,1,25,4.166667,1.136364
54,46,بَلِ ٱلسَّاعَةُ مَوْعِدُهُمْ وَٱلسَّاعَةُ أَدْهَىٰ وَأَمَرُّ,6,29,21,5,"ع,ه",3,0,1,0,1,0,1,0,25,4.166667,0.862069
69,14,وَحُمِلَتِ ٱلْأَرْضُ وَٱلْجِبَالُ فَدُكَّتَا دَكَّةً وَٰحِدَةً,6,29,20,3,"ح,ض",3,0,1,0,2,0,1,1,25,4.166667,0.862069
83,34,فَٱلْيَوْمَ ٱلَّذِينَ ءَامَنُوا۟ مِنَ ٱلْكُفَّارِ يَضْحَكُونَ,6,31,20,4,"ء,ح,ذ,ض",5,1,1,0,0,0,0,0,25,4.166667,0.806452
96,19,كَلَّا لَا تُطِعْهُ وَٱسْجُدْ وَٱقْتَرِب ۩,6,20,16,4,"ط,ع,ق,ه",9,1,2,1,0,0,0,0,25,4.166667,1.25
3,43,يَـٰمَرْيَمُ ٱقْنُتِى لِرَبِّكِ وَٱسْجُدِى وَٱرْكَعِى مَعَ ٱلرَّٰكِعِينَ,7,35,23,4,"ع,ق",6,0,2,0,0,0,0,0,29,4.142857,0.828571
21,68,قَالُوا۟ حَرِّقُوهُ وَٱنصُرُوٓا۟ ءَالِهَتَكُمْ إِن كُنتُمْ فَـٰعِلِينَ,7,35,28,8,"ء,ح,ص,ع,ق,ه",0,0,0,0,1,0,1,0,29,4.142857,0.828571
26,142,إِذْ قَالَ لَهُمْ أَخُوهُمْ صَـٰلِحٌ أَلَا تَتَّقُونَ,7,24,26,8,"ح,خ,ذ,ص,ق,ه",3,0,1,0,0,0,0,0,29,4.142857,1.208333
26,216,فَإِنْ عَصَوْكَ فَقُلْ إِنِّى بَرِىٓءٌ مِّمَّا تَعْمَلُونَ,7,26,21,5,"ء,ص,ع,ق",5,1,1,0,3,0,1,2,29,4.142857,1.115385
29,35,وَلَقَد تَّرَكْنَا مِنْهَآ ءَايَةًۢ بَيِّنَةً لِّقَوْمٍ يَعْقِلُونَ,7,31,19,6,"ء,ع,ق,ه",6,0,2,0,4,0,1,3,29,4.142857,0.935484
37,21,هَـٰذَا يَوْمُ ٱلْفَصْلِ ٱلَّذِى كُنتُم بِهِۦ تُكَذِّبُونَ,7,27,19,6,"ذ,ص,ه",8,1,2,0,2,1,1,0,29,4.142857,1.074074
37,22,ٱحْشُرُوا۟ ٱلَّذِينَ ظَلَمُوا۟ وَأَزْوَٰجَهُمْ وَمَا كَانُوا۟ يَعْبُدُونَ,7,37,23,5,"ح,ذ,ظ,ع,ه",6,0,2,0,0,0,0,0,29,4.142857,0.783784
38,9,أَمْ عِندَهُمْ خَزَآئِنُ رَحْمَةِ رَبِّكَ ٱلْعَزِيزِ ٱلْوَهَّابِ,7,31,28,6,"ح,خ,ع,ه",0,0,0,0,1,1,0,0,29,4.142857,0.935484
40,24,إِلَىٰ فِرْعَوْنَ وَهَـٰمَـٰنَ وَقَـٰرُونَ فَقَالُوا۟ سَـٰحِرٌ كَذَّابٌ,7,30,25,6,"ح,ذ,ع,ق,ه",0,0,0,0,4,1,2,1,29,4.142857,0.966667
43,37,وَإِنَّهُمْ لَيَصُدُّونَهُمْ عَنِ ٱلسَّبِيلِ وَيَحْسَبُونَ أَنَّهُم مُّهْتَدُونَ,7,38,23,7,"ح,ص,ع,ه",6,0,2,0,0,0,0,0,29,4.142857,0.763158
43,42,أَوْ نُرِيَنَّكَ ٱلَّذِى وَعَدْنَـٰهُمْ فَإِنَّا عَلَيْهِم مُّقْتَدِرُونَ,7,33,22,6,"ذ,ع,ق,ه",6,0,2,0,1,0,1,0,29,4.142857,0.878788
47,27,فَكَيْفَ إِذَا تَوَفَّتْهُمُ ٱلْمَلَـٰٓئِكَةُ يَضْرِبُونَ وُجُوهَهُمْ وَأَدْبَـٰرَهُمْ,7,39,23,6,"ذ,ض,ه",6,0,2,0,0,0,0,0,29,4.142857,0.74359
51,14,ذُوقُوا۟ فِتْنَتَكُمْ هَـٰذَا ٱلَّذِى كُنتُم بِهِۦ تَسْتَعْجِلُونَ,7,32,26,7,"ذ,ع,ق,ه",2,1,0,0,1,0,1,0,29,4.142857,0.90625
76,7,يُوفُونَ بِٱلنَّذْرِ وَيَخَافُونَ يَوْمًا كَانَ شَرُّهُۥ مُسْتَطِيرًا,7,35,18,4,"خ,ذ,ط,ه",10,0,3,1,1,0,0,1,29,4.142857,0.828571
6,49,وَٱلَّذِينَ كَذَّبُوا۟ بِـَٔايَـٰتِنَا يَمَسُّهُمُ ٱلْعَذَابُ بِمَا كَانُوا۟ يَفْسُقُونَ,8,42,24,6,"ذ,ع,ق,ه",8,1,2,0,1,1,0,0,33,4.125,0.785714
6,105,وَكَذَٰلِكَ نُصَرِّفُ ٱلْـَٔايَـٰتِ وَلِيَقُولُوا۟ دَرَسْتَ وَلِنُبَيِّنَهُۥ لِقَوْمٍ يَعْلَمُونَ,8,43,23,6,"ذ,ص,ع,ق,ه",9,0,3,0,1,0,0,1,33,4.125,0.767442
13,29,ٱلَّذِينَ ءَامَنُوا۟ وَعَمِلُوا۟ ٱلصَّـٰلِحَـٰتِ طُوبَىٰ لَهُمْ وَحُسْنُ مَـَٔابٍ,8,37,29,8,"ء,ح,ذ,ص,ط,ع,ه",3,0,1,0,1,1,0,0,33,4.125,0.891892
19,12,يَـٰيَحْيَىٰ خُذِ ٱلْكِتَـٰبَ بِقُوَّةٍ ۖ وَءَاتَيْنَـٰهُ ٱلْحُكْمَ صَبِيًّا,8,32,30,8,"ء,ح,خ,ذ,ص,ق,ه",2,1,0,0,1,0,1,0,33,4.125,1.03125
20,78,فَأَتْبَعَهُمْ فِرْعَوْنُ بِجُنُودِهِۦ فَغَشِيَهُم مِّنَ ٱلْيَمِّ مَا غَشِيَهُمْ,8,37,30,8,"ع,غ,ه",3,0,1,0,0,0,0,0,33,4.125,0.891892
22,50,فَٱلَّذِينَ ءَامَنُوا۟ وَعَمِلُوا۟ ٱلصَّـٰلِحَـٰتِ لَهُم مَّغْفِرَةٌ وَرِزْقٌ كَرِيمٌ,8,40,30,8,"ء,ح,ذ,ص,ع,غ,ق,ه",0,0,0,0,3,1,0,2,33,4.125,0.825
23,115,أَفَحَسِبْتُمْ أَنَّمَا خَلَقْنَـٰكُمْ عَبَثًا وَأَنَّكُمْ إِلَيْنَا لَا تُرْجَعُونَ,8,39,31,6,"ث,ح,خ,ع,ق",0,0,0,0,2,0,1,1,33,4.125,0.846154
26,45,فَأَلْقَىٰ مُوسَىٰ عَصَاهُ فَإِذَا هِىَ تَلْقَفُ مَا يَأْفِكُونَ,8,31,27,7,"ذ,ص,ع,ق,ه",5,1,1,0,1,0,1,0,33,4.125,1.064516
27,79,فَتَوَكَّلْ عَلَى ٱللَّهِ ۖ إِنَّكَ عَلَى ٱلْحَقِّ ٱلْمُبِينِ,8,28,23,5,"ح,ع,ق,ه",9,0,3,0,1,1,0,0,33,4.125,1.178571
38,16,وَقَالُوا۟ رَبَّنَا عَجِّل لَّنَا قِطَّنَا قَبْلَ يَوْمِ ٱلْحِسَابِ,8,32,24,6,"ح,ط,ع,ق",8,1,2,0,1,1,0,0,33,4.125,1.03125
44,17,وَلَقَدْ فَتَنَّا قَبْلَهُمْ قَوْمَ فِرْعَوْنَ وَجَآءَهُمْ رَسُولٌ كَرِيمٌ,8,35,25,7,"ء,ع,ق,ه",6,0,2,0,2,0,1,1,33,4.125,0.942857
47,1,ٱلَّذِينَ كَفَرُوا۟ وَصَدُّوا۟ عَن سَبِيلِ ٱللَّهِ أَضَلَّ أَعْمَـٰلَهُمْ,8,34,29,7,"ذ,ص,ض,ع,ه",3,0,1,0,1,0,1,0,33,4.125,0.970588
50,17,إِذْ يَتَلَقَّى ٱلْمُتَلَقِّيَانِ عَنِ ٱلْيَمِينِ وَعَنِ ٱلشِّمَالِ قَعِيدٌ,8,37,28,7,"ذ,ع,ق",3,0,1,0,2,2,0,0,33,4.125,0.891892
7,84,وَأَمْطَرْنَا عَلَيْهِم مَّطَرًا ۖ فَٱنظُرْ كَيْفَ كَانَ عَـٰقِبَةُ ٱلْمُجْرِمِينَ,9,39,30,7,"ط,ظ,ع,ق,ه",6,0,2,0,1,0,1,0,37,4.111111,0.948718
15,29,فَإِذَا سَوَّيْتُهُۥ وَنَفَخْتُ فِيهِ مِن رُّوحِى فَقَعُوا۟ لَهُۥ سَـٰجِدِينَ,9,35,34,8,"ح,خ,ذ,ع,ق,ه",3,0,1,0,0,0,0,0,37,4.111111,1.057143
19,6,يَرِثُنِى وَيَرِثُ مِنْ ءَالِ يَعْقُوبَ ۖ وَٱجْعَلْهُ رَبِّ رَضِيًّا,9,31,30,8,"ء,ث,ض,ع,ق,ه",6,0,2,0,1,0,0,1,37,4.111111,1.193548
19,74,وَكَمْ أَهْلَكْنَا قَبْلَهُم مِّن قَرْنٍ هُمْ أَحْسَنُ أَثَـٰثًا وَرِءْيًا,9,34,28,9,"ء,ث,ح,ق,ه",6,0,2,0,3,0,1,2,37,4.111111,1.088235
19,96,إِنَّ ٱلَّذِينَ ءَامَنُوا۟ وَعَمِلُوا۟ ٱلصَّـٰلِحَـٰتِ سَيَجْعَلُ لَهُمُ ٱلرَّحْمَـٰنُ وُدًّا,9,42,32,8,"ء,ح,ذ,ص,ع,ه",3,0,1,0,2,1,1,0,37,4.111111,0.880952
24,10,وَلَوْلَا فَضْلُ ٱللَّهِ عَلَيْكُمْ وَرَحْمَتُهُۥ وَأَنَّ ٱللَّهَ تَوَّابٌ حَكِيمٌ,9,38,30,7,"ح,ض,ع,ه",6,0,2,0,1,0,0,1,37,4.111111,0.973684
25,23,وَقَدِمْنَآ إِلَىٰ مَا عَمِلُوا۟ مِنْ عَمَلٍ فَجَعَلْنَـٰهُ هَبَآءً مَّنثُورًا,9,37,29,8,"ء,ث,ع,ق,ه",3,0,1,0,5,0,2,3,37,4.111111,1.0
26,136,قَالُوا۟ سَوَآءٌ عَلَيْنَآ أَوَعَظْتَ أَمْ لَمْ تَكُن مِّنَ ٱلْوَٰعِظِينَ,9,35,30,7,"ء,ظ,ع,ق",4,2,0,0,3,0,2,1,37,4.111111,1.057143
26,155,قَالَ هَـٰذِهِۦ نَاقَةٌ لَّهَا شِرْبٌ وَلَكُمْ شِرْبُ يَوْمٍ مَّعْلُومٍ,9,31,23,7,"ذ,ع,ق,ه",10,2,2,0,4,0,1,3,37,4.111111,1.193548
36,66,وَلَوْ نَشَآءُ لَطَمَسْنَا عَلَىٰٓ أَعْيُنِهِمْ فَٱسْتَبَقُوا۟ ٱلصِّرَٰطَ فَأَنَّىٰ يُبْصِرُونَ,9,45,34,9,"ء,ص,ط,ع,ق,ه",0,0,0,0,3,1,2,0,37,4.111111,0.822222
62,3,وَءَاخَرِينَ مِنْهُمْ لَمَّا يَلْحَقُوا۟ بِهِمْ ۚ وَهُوَ ٱلْعَزِيزُ ٱلْحَكِيمُ,9,38,34,9,"ء,ح,خ,ع,ق,ه",3,0,1,0,0,0,0,0,37,4.111111,0.973684
68,42,يَوْمَ يُكْشَفُ عَن سَاقٍ وَيُدْعَوْنَ إِلَى ٱلسُّجُودِ فَلَا يَسْتَطِيعُونَ,9,38,29,5,"ط,ع,ق",7,0,2,1,1,0,0,1,37,4.111111,0.973684
72,7,وَأَنَّهُمْ ظَنُّوا۟ كَمَا ظَنَنتُمْ أَن لَّن يَبْعَثَ ٱللَّهُ أَحَدًا,9,33,26,7,"ث,ح,ظ,ع,ه",11,1,3,0,0,0,0,0,37,4.111111,1.121212
18,64,قَالَ ذَٰلِكَ مَا كُنَّا نَبْغِ ۚ فَٱرْتَدَّا عَلَىٰٓ ءَاثَارِهِمَا قَصَصًا,10,35,33,10,"ء,ث,ذ,ص,ع,غ,ق,ه",8,1,2,0,0,0,0,0,41,4.1,1.171429
21,11,وَكَمْ قَصَمْنَا مِن قَرْيَةٍ كَانَتْ ظَالِمَةً وَأَنشَأْنَا بَعْدَهَا قَوْمًا ءَاخَرِينَ,10,45,33,9,"ء,خ,ص,ظ,ع,ق,ه",5,1,1,0,3,0,0,3,41,4.1,0.911111
22,74,مَا قَدَرُوا۟ ٱللَّهَ حَقَّ قَدْرِهِۦٓ ۗ إِنَّ ٱللَّهَ لَقَوِىٌّ عَزِيزٌ,10,31,30,9,"ح,ع,ق,ه",9,0,3,0,2,1,0,1,41,4.1,1.322581
30,7,يَعْلَمُونَ ظَـٰهِرًا مِّنَ ٱلْحَيَوٰةِ ٱلدُّنْيَا وَهُمْ عَنِ ٱلْـَٔاخِرَةِ هُمْ غَـٰفِلُونَ,10,42,34,9,"ح,خ,ظ,ع,غ,ه",5,1,1,0,2,0,1,1,41,4.1,0.97619
47,22,فَهَلْ عَسَيْتُمْ إِن تَوَلَّيْتُمْ أَن تُفْسِدُوا۟ فِى ٱلْأَرْضِ وَتُقَطِّعُوٓا۟ أَرْحَامَكُمْ,10,45,35,7,"ح,ض,ط,ع,ق,ه",4,2,0,0,2,1,1,0,41,4.1,0.911111
50,4,قَدْ عَلِمْنَا مَا تَنقُصُ ٱلْأَرْضُ مِنْهُمْ ۖ وَعِندَنَا كِتَـٰبٌ حَفِيظٌۢ,10,35,38,9,"ح,ص,ض,ظ,ع,ق,ه",2,1,0,0,1,0,0,1,41,4.1,1.171429
69,17,وَٱلْمَلَكُ عَلَىٰٓ أَرْجَآئِهَا ۚ وَيَحْمِلُ عَرْشَ رَبِّكَ فَوْقَهُمْ يَوْمَئِذٍ ثَمَـٰنِيَةٌ,10,42,33,8,"ث,ح,ذ,ع,ق,ه",6,0,2,0,2,0,1,1,41,4.1,0.97619
76,2,إِنَّا خَلَقْنَا ٱلْإِنسَـٰنَ مِن نُّطْفَةٍ أَمْشَاجٍ نَّبْتَلِيهِ فَجَعَلْنَـٰهُ سَمِيعًۢا بَصِيرًا,10,47,35,8,"خ,ص,ط,ع,ق,ه",3,0,1,0,3,0,1,2,41,4.1,0.87234
2,92,وَلَقَدْ جَآءَكُم مُّوسَىٰ بِٱلْبَيِّنَـٰتِ ثُمَّ ٱتَّخَذْتُمُ ٱلْعِجْلَ مِنۢ بَعْدِهِۦ وَأَنتُمْ ظَـٰلِمُونَ,11,49,36,9,"ء,ث,خ,ذ,ظ,ع,ق,ه",8,1,2,0,1,0,1,0,45,4.090909,0.918367
2,119,إِنَّآ أَرْسَلْنَـٰكَ بِٱلْحَقِّ بَشِيرًا وَنَذِيرًا ۖ وَلَا تُسْـَٔلُ عَنْ أَصْحَـٰبِ ٱلْجَحِيمِ,11,43,34,7,"ح,ذ,ص,ع,ق",8,1,2,0,3,1,1,1,45,4.090909,1.046512
5,50,أَفَحُكْمَ ٱلْجَـٰهِلِيَّةِ يَبْغُونَ ۚ وَمَنْ أَحْسَنُ مِنَ ٱللَّهِ حُكْمًا لِّقَوْمٍ يُوقِنُونَ,11,44,33,8,"ح,غ,ق,ه",9,0,3,0,3,0,1,2,45,4.090909,1.022727
7,200,وَإِمَّا يَنزَغَنَّكَ مِنَ ٱلشَّيْطَـٰنِ نَزْغٌ فَٱسْتَعِذْ بِٱللَّهِ ۚ إِنَّهُۥ سَمِيعٌ عَلِيمٌ,11,43,38,9,"ذ,ط,ع,غ,ه",5,1,1,0,2,0,0,2,45,4.090909,1.046512
11,74,فَلَمَّا ذَهَبَ عَنْ إِبْرَٰهِيمَ ٱلرَّوْعُ وَجَآءَتْهُ ٱلْبُشْرَىٰ يُجَـٰدِلُنَا فِى قَوْمِ لُوطٍ,11,46,32,9,"ء,ذ,ط,ع,ق,ه",11,1,3,0,2,0,2,0,45,4.090909,0.978261
21,112,قَـٰلَ رَبِّ ٱحْكُم بِٱلْحَقِّ ۗ وَرَبُّنَا ٱلرَّحْمَـٰنُ ٱلْمُسْتَعَانُ عَلَىٰ مَا تَصِفُونَ,11,42,37,8,"ح,ص,ع,ق",6,0,2,0,2,1,1,0,45,4.090909,1.071429
25,41,وَإِذَا رَأَوْكَ إِن يَتَّخِذُونَكَ إِلَّا هُزُوًا أَهَـٰذَا ٱلَّذِى بَعَثَ ٱللَّهُ رَسُولًا,11,44,35,10,"ث,خ,ذ,ع,ه",9,3,1,0,1,0,1,0,45,4.090909,1.022727
41,26,وَقَالَ ٱلَّذِينَ كَفَرُوا۟ لَا تَسْمَعُوا۟ لِهَـٰذَا ٱلْقُرْءَانِ وَٱلْغَوْا۟ فِيهِ لَعَلَّكُمْ تَغْلِبُونَ,11,53,39,11,"ء,ذ,ع,غ,ق,ه",5,1,1,0,1,0,1,0,45,4.090909,0.849057
42,38,وَٱلَّذِينَ ٱسْتَجَابُوا۟ لِرَبِّهِمْ وَأَقَامُوا۟ ٱلصَّلَوٰةَ وَأَمْرُهُمْ شُورَىٰ بَيْنَهُمْ وَمِمَّا رَزَقْنَـٰهُمْ يُنفِقُونَ,11,63,28,9,"ذ,ص,ق,ه",15,0,5,0,2,1,1,0,45,4.090909,0.714286
3,108,تِلْكَ ءَايَـٰتُ ٱللَّهِ نَتْلُوهَا عَلَيْكَ بِٱلْحَقِّ ۗ وَمَا ٱللَّهُ يُرِيدُ ظُلْمًا لِّلْعَـٰلَمِينَ,12,48,32,9,"ء,ح,ظ,ع,ق,ه",15,0,5,0,2,1,0,1,49,4.083333,1.020833
23,77,حَتَّىٰٓ إِذَا فَتَحْنَا عَلَيْهِم بَابًا ذَا عَذَابٍ شَدِيدٍ إِذَا هُمْ فِيهِ مُبْلِسُونَ,12,44,42,11,"ح,ذ,ع,ه",5,1,1,0,2,0,0,2,49,4.083333,1.113636
27,76,إِنَّ هَـٰذَا ٱلْقُرْءَانَ يَقُصُّ عَلَىٰ بَنِىٓ إِسْرَٰٓءِيلَ أَكْثَرَ ٱلَّذِى هُمْ فِيهِ يَخْتَلِفُونَ,12,47,42,13,"ء,ث,خ,ذ,ص,ع,ق,ه",4,2,0,0,3,1,2,0,49,4.083333,1.042553
36,78,وَضَرَبَ لَنَا مَثَلًا وَنَسِىَ خَلْقَهُۥ ۖ قَالَ مَن يُحْىِ ٱلْعِظَـٰمَ وَهِىَ رَمِيمٌ,12,39,39,10,"ث,ح,خ,ض,ظ,ع,ق,ه",8,1,2,0,2,0,1,1,49,4.083333,1.25641
40,57,لَخَلْقُ ٱلسَّمَـٰوَٰتِ وَٱلْأَرْضِ أَكْبَرُ مِنْ خَلْقِ ٱلنَّاسِ وَلَـٰكِنَّ أَكْثَرَ ٱلنَّاسِ لَا يَعْلَمُونَ,12,51,36,7,"ث,خ,ض,ع,ق",12,0,4,0,1,0,0,1,49,4.083333,0.960784
45,29,هَـٰذَا كِتَـٰبُنَا يَنطِقُ عَلَيْكُم بِٱلْحَقِّ ۚ إِنَّا كُنَّا نَسْتَنسِخُ مَا كُنتُمْ تَعْمَلُونَ,12,46,40,9,"ح,خ,ذ,ط,ع,ق,ه",7,2,1,0,2,1,1,0,49,4.083333,1.065217
68,43,خَـٰشِعَةً أَبْصَـٰرُهُمْ تَرْهَقُهُمْ ذِلَّةٌ ۖ وَقَدْ كَانُوا۟ يُدْعَوْنَ إِلَى ٱلسُّجُودِ وَهُمْ سَـٰلِمُونَ,12,49,40,11,"خ,ذ,ص,ع,ق,ه",9,0,3,0,0,0,0,0,49,4.083333,1.0
2,166,إِذْ تَبَرَّأَ ٱلَّذِينَ ٱتُّبِعُوا۟ مِنَ ٱلَّذِينَ ٱتَّبَعُوا۟ وَرَأَوُا۟ ٱلْعَذَابَ وَتَقَطَّعَتْ بِهِمُ ٱلْأَسْبَابُ,12,57,41,11,"ذ,ط,ع,ق,ه",6,3,0,0,1,1,0,0,48,4.0,0.842105
6,22,وَيَوْمَ نَحْشُرُهُمْ جَمِيعًا ثُمَّ نَقُولُ لِلَّذِينَ أَشْرَكُوٓا۟ أَيْنَ شُرَكَآؤُكُمُ ٱلَّذِينَ كُنتُمْ تَزْعُمُونَ,12,57,38,8,"ث,ح,ذ,ع,ق,ه",9,0,3,0,1,0,0,1,48,4.0,0.842105
18,13,نَّحْنُ نَقُصُّ عَلَيْكَ نَبَأَهُم بِٱلْحَقِّ ۚ إِنَّهُمْ فِتْيَةٌ ءَامَنُوا۟ بِرَبِّهِمْ وَزِدْنَـٰهُمْ هُدًى,12,48,39,12,"ء,ح,ص,ع,ق,ه",5,1,1,0,4,2,1,1,48,4.0,1.0
31,28,مَّا خَلْقُكُمْ وَلَا بَعْثُكُمْ إِلَّا كَنَفْسٍ وَٰحِدَةٍ ۗ إِنَّ ٱللَّهَ سَمِيعٌۢ بَصِيرٌ,12,40,37,8,"ث,ح,خ,ص,ع,ق,ه",8,1,2,0,3,0,1,2,48,4.0,1.2
3,171,يَسْتَبْشِرُونَ بِنِعْمَةٍ مِّنَ ٱللَّهِ وَفَضْلٍ وَأَنَّ ٱللَّهَ لَا يُضِيعُ أَجْرَ ٱلْمُؤْمِنِينَ,11,47,30,6,"ض,ع,ه",12,0,4,0,2,0,0,2,44,4.0,0.93617
3,175,إِنَّمَا ذَٰلِكُمُ ٱلشَّيْطَـٰنُ يُخَوِّفُ أَوْلِيَآءَهُۥ فَلَا تَخَافُوهُمْ وَخَافُونِ إِن كُنتُم مُّؤْمِنِينَ,11,53,34,8,"ء,خ,ذ,ط,ه",9,0,3,0,1,0,1,0,44,4.0,0.830189
4,167,إِنَّ ٱلَّذِينَ كَفَرُوا۟ وَصَدُّوا۟ عَن سَبِيلِ ٱللَّهِ قَدْ ضَلُّوا۟ ضَلَـٰلًۢا بَعِيدًا,11,42,36,8,"ذ,ص,ض,ع,ق,ه",6,0,2,0,2,0,1,1,44,4.0,1.047619
6,36,إِنَّمَا يَسْتَجِيبُ ٱلَّذِينَ يَسْمَعُونَ ۘ وَٱلْمَوْتَىٰ يَبْعَثُهُمُ ٱللَّهُ ثُمَّ إِلَيْهِ يُرْجَعُونَ,11,50,34,9,"ث,ذ,ع,ه",10,2,2,0,0,0,0,0,44,4.0,0.88
12,49,ثُمَّ يَأْتِى مِنۢ بَعْدِ ذَٰلِكَ عَامٌ فِيهِ يُغَاثُ ٱلنَّاسُ وَفِيهِ يَعْصِرُونَ,11,39,38,10,"ث,ذ,ص,ع,غ,ه",5,1,1,0,1,0,0,1,44,4.0,1.128205
17,72,وَمَن كَانَ فِى هَـٰذِهِۦٓ أَعْمَىٰ فَهُوَ فِى ٱلْـَٔاخِرَةِ أَعْمَىٰ وَأَضَلُّ سَبِيلًا,11,39,35,8,"خ,ذ,ض,ع,ه",7,2,1,0,2,0,2,0,44,4.0,1.128205
61,13,وَأُخْرَىٰ تُحِبُّونَهَا ۖ نَصْرٌ مِّنَ ٱللَّهِ وَفَتْحٌ قَرِيبٌ ۗ وَبَشِّرِ ٱلْمُؤْمِنِينَ,11,41,27,7,"ح,خ,ص,ق,ه",15,0,5,0,2,0,0,2,44,4.0,1.073171
3,107,وَأَمَّا ٱلَّذِينَ ٱبْيَضَّتْ وُجُوهُهُمْ فَفِى رَحْمَةِ ٱللَّهِ هُمْ فِيهَا خَـٰلِدُونَ,10,42,33,9,"ح,خ,ذ,ض,ه",6,0,2,0,1,1,0,0,40,4.0,0.952381
4,71,يَـٰٓأَيُّهَا ٱلَّذِينَ ءَامَنُوا۟ خُذُوا۟ حِذْرَكُمْ فَٱنفِرُوا۟ ثُبَاتٍ أَوِ ٱنفِرُوا۟ جَمِيعًا,10,49,36,9,"ء,ث,ح,خ,ذ,ع,ه",4,2,0,0,0,0,0,0,40,4.0,0.816327
8,28,وَٱعْلَمُوٓا۟ أَنَّمَآ أَمْوَٰلُكُمْ وَأَوْلَـٰدُكُمْ فِتْنَةٌ وَأَنَّ ٱللَّهَ عِندَهُۥٓ أَجْرٌ عَظِيمٌ,10,46,27,6,"ظ,ع,ه",11,1,3,0,2,0,0,2,40,4.0,0.869565
20,111,وَعَنَتِ ٱلْوُجُوهُ لِلْحَىِّ ٱلْقَيُّومِ ۖ وَقَدْ خَابَ مَنْ حَمَلَ ظُلْمًا,10,35,33,8,"ح,خ,ظ,ع,ق,ه",6,0,2,0,1,0,0,1,40,4.0,1.142857
21,26,وَقَالُوا۟ ٱتَّخَذَ ٱلرَّحْمَـٰنُ وَلَدًا ۗ سُبْحَـٰنَهُۥ ۚ بَلْ عِبَادٌ مُّكْرَمُونَ,10,37,30,7,"ح,خ,ذ,ع,ق,ه",8,1,2,0,2,0,1,1,40,4.0,1.081081
23,103,وَمَنْ خَفَّتْ مَوَٰزِينُهُۥ فَأُو۟لَـٰٓئِكَ ٱلَّذِينَ خَسِرُوٓا۟ أَنفُسَهُمْ فِى جَهَنَّمَ خَـٰلِدُونَ,10,45,33,7,"خ,ذ,ه",6,0,2,0,1,0,0,1,40,4.0,0.888889
34,30,قُل لَّكُم مِّيعَادُ يَوْمٍ لَّا تَسْتَـْٔخِرُونَ عَنْهُ سَاعَةً وَلَا تَسْتَقْدِمُونَ,10,40,32,7,"خ,ع,ق,ه",6,0,2,0,2,0,0,2,40,4.0,1.0
34,40,وَيَوْمَ يَحْشُرُهُمْ جَمِيعًا ثُمَّ يَقُولُ لِلْمَلَـٰٓئِكَةِ أَهَـٰٓؤُلَآءِ إِيَّاكُمْ كَانُوا۟ يَعْبُدُونَ,10,50,32,8,"ء,ث,ح,ع,ق,ه",6,0,2,0,2,0,1,1,40,4.0,0.8
36,33,وَءَايَةٌ لَّهُمُ ٱلْأَرْضُ ٱلْمَيْتَةُ أَحْيَيْنَـٰهَا وَأَخْرَجْنَا مِنْهَا حَبًّا فَمِنْهُ يَأْكُلُونَ,10,50,34,9,"ء,ح,خ,ض,ه",3,0,1,0,3,0,1,2,40,4.0,0.8
36,34,وَجَعَلْنَا فِيهَا جَنَّـٰتٍ مِّن نَّخِيلٍ وَأَعْنَـٰبٍ وَفَجَّرْنَا فِيهَا مِنَ ٱلْعُيُونِ,10,42,30,6,"خ,ع,ه",6,0,2,0,4,0,1,3,40,4.0,0.952381
39,2,إِنَّآ أَنزَلْنَآ إِلَيْكَ ٱلْكِتَـٰبَ بِٱلْحَقِّ فَٱعْبُدِ ٱللَّهَ مُخْلِصًا لَّهُ ٱلدِّينَ,10,44,29,7,"ح,خ,ص,ع,ق,ه",9,0,3,0,2,1,0,1,40,4.0,0.909091
40,30,وَقَالَ ٱلَّذِىٓ ءَامَنَ يَـٰقَوْمِ إِنِّىٓ أَخَافُ عَلَيْكُم مِّثْلَ يَوْمِ ٱلْأَحْزَابِ,10,41,32,8,"ء,ث,ح,خ,ذ,ع,ق",6,0,2,0,2,0,2,0,40,4.0,0.97561
43,59,إِنْ هُوَ إِلَّا عَبْدٌ أَنْعَمْنَا عَلَيْهِ وَجَعَلْنَـٰهُ مَثَلًا لِّبَنِىٓ إِسْرَٰٓءِيلَ,10,40,33,9,"ء,ث,ع,ه",3,0,1,0,4,0,2,2,40,4.0,1.0
68,33,كَذَٰلِكَ ٱلْعَذَابُ ۖ وَلَعَذَابُ ٱلْـَٔاخِرَةِ أَكْبَرُ ۚ لَوْ كَانُوا۟ يَعْلَمُونَ,10,39,33,7,"خ,ذ,ع",7,2,1,0,0,0,0,0,40,4.0,1.025641
7,109,قَالَ ٱلْمَلَأُ مِن قَوْمِ فِرْعَوْنَ إِنَّ هَـٰذَا لَسَـٰحِرٌ عَلِيمٌ,9,31,28,7,"ح,ذ,ع,ق,ه",5,1,1,0,3,0,2,1,36,4.0,1.16129
7,177,سَآءَ مَثَلًا ٱلْقَوْمُ ٱلَّذِينَ كَذَّبُوا۟ بِـَٔايَـٰتِنَا وَأَنفُسَهُمْ كَانُوا۟ يَظْلِمُونَ,9,46,25,7,"ء,ث,ذ,ظ,ق,ه",9,0,3,0,2,1,1,0,36,4.0,0.782609
16,58,وَإِذَا بُشِّرَ أَحَدُهُم بِٱلْأُنثَىٰ ظَلَّ وَجْهُهُۥ مُسْوَدًّا وَهُوَ كَظِيمٌ,9,37,31,9,"ث,ح,ذ,ظ,ه",3,0,1,0,2,0,1,1,36,4.0,0.972973
19,15,وَسَلَـٰمٌ عَلَيْهِ يَوْمَ وُلِدَ وَيَوْمَ يَمُوتُ وَيَوْمَ يُبْعَثُ حَيًّا,9,33,21,5,"ث,ح,ع,ه",14,1,4,0,1,0,0,1,36,4.0,1.090909
19,33,وَٱلسَّلَـٰمُ عَلَىَّ يَوْمَ وُلِدتُّ وَيَوْمَ أَمُوتُ وَيَوْمَ أُبْعَثُ حَيًّا,9,35,19,4,"ث,ح,ع",17,1,5,0,0,0,0,0,36,4.0,1.028571
19,50,وَوَهَبْنَا لَهُم مِّن رَّحْمَتِنَا وَجَعَلْنَا لَهُمْ لِسَانَ صِدْقٍ عَلِيًّا,9,37,29,8,"ح,ص,ع,ق,ه",6,0,2,0,1,0,0,1,36,4.0,0.972973
21,65,ثُمَّ نُكِسُوا۟ عَلَىٰ رُءُوسِهِمْ لَقَدْ عَلِمْتَ مَا هَـٰٓؤُلَآءِ يَنطِقُونَ,9,36,33,10,"ء,ث,ط,ع,ق,ه",2,1,0,0,1,0,1,0,36,4.0,1.0
27,78,إِنَّ رَبَّكَ يَقْضِى بَيْنَهُم بِحُكْمِهِۦ ۚ وَهُوَ ٱلْعَزِيزُ ٱلْعَلِيمُ,9,34,34,8,"ح,ض,ع,ق,ه",2,1,0,0,0,0,0,0,36,4.0,1.058824
30,15,فَأَمَّا ٱلَّذِينَ ءَامَنُوا۟ وَعَمِلُوا۟ ٱلصَّـٰلِحَـٰتِ فَهُمْ فِى رَوْضَةٍ يُحْبَرُونَ,9,42,34,8,"ء,ح,ذ,ص,ض,ع,ه",0,0,0,0,2,1,0,1,36,4.0,0.857143
38,5,أَجَعَلَ ٱلْـَٔالِهَةَ إِلَـٰهًا وَٰحِدًا ۖ إِنَّ هَـٰذَا لَشَىْءٌ عُجَابٌ,9,31,29,8,"ء,ح,ذ,ع,ه",2,1,0,0,5,0,3,2,36,4.0,1.16129
41,23,وَذَٰلِكُمْ ظَنُّكُمُ ٱلَّذِى ظَنَنتُم بِرَبِّكُمْ أَرْدَىٰكُمْ فَأَصْبَحْتُم مِّنَ ٱلْخَـٰسِرِينَ,9,45,33,7,"ح,خ,ذ,ص,ظ",3,0,1,0,0,0,0,0,36,4.0,0.8
46,14,أُو۟لَـٰٓئِكَ أَصْحَـٰبُ ٱلْجَنَّةِ خَـٰلِدِينَ فِيهَا جَزَآءًۢ بِمَا كَانُوا۟ يَعْمَلُونَ,9,41,28,6,"ء,ح,خ,ص,ع,ه",5,1,1,0,3,0,2,1,36,4.0,0.878049
48,7,وَلِلَّهِ جُنُودُ ٱلسَّمَـٰوَٰتِ وَٱلْأَرْضِ ۚ وَكَانَ ٱللَّهُ عَزِيزًا حَكِيمًا,9,38,26,5,"ح,ض,ع,ه",9,0,3,0,1,0,0,1,36,4.0,0.947368
54,12,وَفَجَّرْنَا ٱلْأَرْضَ عُيُونًا فَٱلْتَقَى ٱلْمَآءُ عَلَىٰٓ أَمْرٍ قَدْ قُدِرَ,9,38,30,7,"ء,ض,ع,ق",3,0,1,0,3,0,1,2,36,4.0,0.947368
54,19,إِنَّآ أَرْسَلْنَا عَلَيْهِمْ رِيحًا صَرْصَرًا فِى يَوْمِ نَحْسٍ مُّسْتَمِرٍّ,9,36,27,6,"ح,ص,ع,ه",6,0,2,0,3,0,0,3,36,4.0,1.0
55,56,فِيهِنَّ قَـٰصِرَٰتُ ٱلطَّرْفِ لَمْ يَطْمِثْهُنَّ إِنسٌ قَبْلَهُمْ وَلَا جَآنٌّ,9,35,28,9,"ث,ص,ط,ق,ه",4,2,0,0,4,1,2,1,36,4.0,1.028571
2,52,ثُمَّ عَفَوْنَا عَنكُم مِّنۢ بَعْدِ ذَٰلِكَ لَعَلَّكُمْ تَشْكُرُونَ,8,30,32,6,"ث,ذ,ع",0,0,0,0,0,0,0,0,32,4.0,1.066667
8,64,يَـٰٓأَيُّهَا ٱلنَّبِىُّ حَسْبُكَ ٱللَّهُ وَمَنِ ٱتَّبَعَكَ مِنَ ٱلْمُؤْمِنِينَ,8,36,17,4,"ح,ع,ه",15,0,5,0,0,0,0,0,32,4.0,0.888889
21,92,إِنَّ هَـٰذِهِۦٓ أُمَّتُكُمْ أُمَّةً وَٰحِدَةً وَأَنَا۠ رَبُّكُمْ فَٱعْبُدُونِ,8,32,20,5,"ح,ذ,ع,ه",7,2,1,0,5,0,3,2,32,4.0,1.0
26,29,قَالَ لَئِنِ ٱتَّخَذْتَ إِلَـٰهًا غَيْرِى لَأَجْعَلَنَّكَ مِنَ ٱلْمَسْجُونِينَ,8,37,25,6,"خ,ذ,ع,غ,ق,ه",5,1,1,0,2,0,1,1,32,4.0,0.864865
36,70,لِّيُنذِرَ مَن كَانَ حَيًّا وَيَحِقَّ ٱلْقَوْلُ عَلَى ٱلْكَـٰفِرِينَ,8,32,27,6,"ح,ذ,ع,ق",3,0,1,0,2,1,0,1,32,4.0,1.0
47,9,ذَٰلِكَ بِأَنَّهُمْ كَرِهُوا۟ مَآ أَنزَلَ ٱللَّهُ فَأَحْبَطَ أَعْمَـٰلَهُمْ,8,34,28,8,"ح,ذ,ط,ع,ه",3,0,1,0,1,0,1,0,32,4.0,0.941176
52,20,مُتَّكِـِٔينَ عَلَىٰ سُرُرٍ مَّصْفُوفَةٍ ۖ وَزَوَّجْنَـٰهُم بِحُورٍ عِينٍ,8,31,26,5,"ح,ص,ع,ه",3,0,1,0,3,0,1,2,32,4.0,1.032258
54,7,خُشَّعًا أَبْصَـٰرُهُمْ يَخْرُجُونَ مِنَ ٱلْأَجْدَاثِ كَأَنَّهُمْ جَرَادٌ مُّنتَشِرٌ,8,39,31,7,"ث,خ,ص,ع,ه",0,0,0,0,1,0,0,1,32,4.0,0.820513
71,15,أَلَمْ تَرَوْا۟ كَيْفَ خَلَقَ ٱللَّهُ سَبْعَ سَمَـٰوَٰتٍ طِبَاقًا,8,29,25,6,"خ,ط,ع,ق,ه",6,0,2,0,1,0,0,1,32,4.0,1.103448
7,25,قَالَ فِيهَا تَحْيَوْنَ وَفِيهَا تَمُوتُونَ وَمِنْهَا تُخْرَجُونَ,7,34,22,6,"ح,خ,ق,ه",6,0,2,0,0,0,0,0,28,4.0,0.823529
15,18,إِلَّا مَنِ ٱسْتَرَقَ ٱلسَّمْعَ فَأَتْبَعَهُۥ شِهَابٌ مُّبِينٌ,7,29,21,5,"ع,ق,ه",6,0,2,0,1,0,0,1,28,4.0,0.965517
15,55,قَالُوا۟ بَشَّرْنَـٰكَ بِٱلْحَقِّ فَلَا تَكُن مِّنَ ٱلْقَـٰنِطِينَ,7,30,21,5,"ح,ط,ق",6,0,2,0,1,1,0,0,28,4.0,0.933333
15,97,وَلَقَدْ نَعْلَمُ أَنَّكَ يَضِيقُ صَدْرُكَ بِمَا يَقُولُونَ,7,28,25,6,"ص,ض,ع,ق",3,0,1,0,0,0,0,0,28,4.0,1.0
21,75,وَأَدْخَلْنَـٰهُ فِى رَحْمَتِنَآ ۖ إِنَّهُۥ مِنَ ٱلصَّـٰلِحِينَ,7,27,23,6,"ح,خ,ص,ه",3,0,1,0,2,1,1,0,28,4.0,1.037037
21,86,وَأَدْخَلْنَـٰهُمْ فِى رَحْمَتِنَآ ۖ إِنَّهُم مِّنَ ٱلصَّـٰلِحِينَ,7,29,23,6,"ح,خ,ص,ه",3,0,1,0,2,1,1,0,28,4.0,0.965517
21,93,وَتَقَطَّعُوٓا۟ أَمْرَهُم بَيْنَهُمْ ۖ كُلٌّ إِلَيْنَا رَٰجِعُونَ,7,29,22,6,"ط,ع,ق,ه",4,2,0,0,2,1,1,0,28,4.0,0.965517
25,25,وَيَوْمَ تَشَقَّقُ ٱلسَّمَآءُ بِٱلْغَمَـٰمِ وَنُزِّلَ ٱلْمَلَـٰٓئِكَةُ تَنزِيلًا,7,37,16,4,"ء,غ,ق",9,0,3,0,3,1,2,0,28,4.0,0.756757
36,50,فَلَا يَسْتَطِيعُونَ تَوْصِيَةً وَلَآ إِلَىٰٓ أَهْلِهِمْ يَرْجِعُونَ,7,33,23,6,"ص,ط,ع,ه",4,0,1,1,1,0,0,1,28,4.0,0.848485
37,31,فَحَقَّ عَلَيْنَا قَوْلُ رَبِّنَآ ۖ إِنَّا لَذَآئِقُونَ,7,25,23,6,"ح,ذ,ع,ق",3,0,1,0,2,1,1,0,28,4.0,1.12
39,31,ثُمَّ إِنَّكُمْ يَوْمَ ٱلْقِيَـٰمَةِ عِندَ رَبِّكُمْ تَخْتَصِمُونَ,7,29,21,5,"ث,خ,ص,ع,ق",6,0,2,0,1,0,1,0,28,4.0,0.965517
51,45,فَمَا ٱسْتَطَـٰعُوا۟ مِن قِيَامٍ وَمَا كَانُوا۟ مُنتَصِرِينَ,7,31,17,4,"ص,ط,ع,ق",9,1,2,1,2,0,1,1,28,4.0,0.903226
51,49,وَمِن كُلِّ شَىْءٍ خَلَقْنَا زَوْجَيْنِ لَعَلَّكُمْ تَذَكَّرُونَ,7,29,24,5,"ء,خ,ذ,ع,ق",3,0,1,0,1,0,0,1,28,4.0,0.965517
67,14,أَلَا يَعْلَمُ مَنْ خَلَقَ وَهُوَ ٱللَّطِيفُ ٱلْخَبِيرُ,7,27,24,6,"خ,ط,ع,ق,ه",3,0,1,0,1,0,0,1,28,4.0,1.037037
83,17,ثُمَّ يُقَالُ هَـٰذَا ٱلَّذِى كُنتُم بِهِۦ تُكَذِّبُونَ,7,25,21,7,"ث,ذ,ق,ه",5,1,1,0,2,1,1,0,28,4.0,1.12
12,95,قَالُوا۟ تَٱللَّهِ إِنَّكَ لَفِى ضَلَـٰلِكَ ٱلْقَدِيمِ,6,26,17,4,"ض,ق,ه",6,0,2,0,1,0,1,0,24,4.0,0.923077
15,36,قَالَ رَبِّ فَأَنظِرْنِىٓ إِلَىٰ يَوْمِ يُبْعَثُونَ,6,24,16,4,"ث,ظ,ع,ق",8,1,2,0,0,0,0,0,24,4.0,1.0
18,4,وَيُنذِرَ ٱلَّذِينَ قَالُوا۟ ٱتَّخَذَ ٱللَّهُ وَلَدًا,6,27,19,6,"خ,ذ,ق,ه",5,1,1,0,0,0,0,0,24,4.0,0.888889
21,62,قَالُوٓا۟ ءَأَنتَ فَعَلْتَ هَـٰذَا بِـَٔالِهَتِنَا يَـٰٓإِبْرَٰهِيمُ,6,30,20,7,"ء,ذ,ع,ق,ه",2,1,0,0,2,0,2,0,24,4.0,0.8
26,20,قَالَ فَعَلْتُهَآ إِذًا وَأَنَا۠ مِنَ ٱلضَّآلِّينَ,6,25,20,5,"ذ,ض,ع,ق,ه",0,0,0,0,4,1,2,1,24,4.0,0.96
27,9,يَـٰمُوسَىٰٓ إِنَّهُۥٓ أَنَا ٱللَّهُ ٱلْعَزِيزُ ٱلْحَكِيمُ,6,27,18,4,"ح,ع,ه",6,0,2,0,0,0,0,0,24,4.0,0.888889
29,11,وَلَيَعْلَمَنَّ ٱللَّهُ ٱلَّذِينَ ءَامَنُوا۟ وَلَيَعْلَمَنَّ ٱلْمُنَـٰفِقِينَ,6,37,21,6,"ء,ذ,ع,ق,ه",3,0,1,0,0,0,0,0,24,4.0,0.648649
37,85,إِذْ قَالَ لِأَبِيهِ وَقَوْمِهِۦ مَاذَا تَعْبُدُونَ,6,25,21,7,"ذ,ع,ق,ه",3,0,1,0,0,0,0,0,24,4.0,0.96
39,14,قُلِ ٱللَّهَ أَعْبُدُ مُخْلِصًا لَّهُۥ دِينِى,6,21,20,6,"خ,ص,ع,ق,ه",3,0,1,0,1,0,0,1,24,4.0,1.142857
44,12,رَّبَّنَا ٱكْشِفْ عَنَّا ٱلْعَذَابَ إِنَّا مُؤْمِنُونَ,6,26,16,3,"ذ,ع",8,1,2,0,0,0,0,0,24,4.0,0.923077
44,22,فَدَعَا رَبَّهُۥٓ أَنَّ هَـٰٓؤُلَآءِ قَوْمٌ مُّجْرِمُونَ,6,23,16,5,"ء,ع,ق,ه",6,0,2,0,2,0,1,1,24,4.0,1.043478
74,24,فَقَالَ إِنْ هَـٰذَآ إِلَّا سِحْرٌ يُؤْثَرُ,6,19,18,5,"ث,ح,ذ,ق,ه",2,1,0,0,4,0,2,2,24,4.0,1.263158
88,6,لَّيْسَ لَهُمْ طَعَامٌ إِلَّا مِن ضَرِيعٍ,6,19,22,5,"ض,ط,ع,ه",2,1,0,0,0,0,0,0,24,4.0,1.263158
90,5,أَيَحْسَبُ أَن لَّن يَقْدِرَ عَلَيْهِ أَحَدٌ,6,20,21,5,"ح,ع,ق,ه",3,0,1,0,0,0,0,0,24,4.0,1.2
90,14,أَوْ إِطْعَـٰمٌ فِى يَوْمٍ ذِى مَسْغَبَةٍ,6,18,16,4,"ذ,ط,ع,غ",5,1,1,0,3,0,1,2,24,4.0,1.333333
92,19,وَمَا لِأَحَدٍ عِندَهُۥ مِن نِّعْمَةٍ تُجْزَىٰٓ,6,21,19,4,"ح,ع,ه",3,0,1,0,2,0,0,2,24,4.0,1.142857
99,6,يَوْمَئِذٍ يَصْدُرُ ٱلنَّاسُ أَشْتَاتًا لِّيُرَوْا۟ أَعْمَـٰلَهُمْ,6,31,15,4,"ذ,ص,ع,ه",6,0,2,0,3,0,1,2,24,4.0,0.774194
99,8,وَمَن يَعْمَلْ مِثْقَالَ ذَرَّةٍ شَرًّا يَرَهُۥ,6,21,17,5,"ث,ذ,ع,ق,ه",5,1,1,0,2,0,0,2,24,4.0,1.142857
12,71,قَالُوا۟ وَأَقْبَلُوا۟ عَلَيْهِم مَّاذَا تَفْقِدُونَ,5,27,20,6,"ذ,ع,ق,ه",0,0,0,0,0,0,0,0,20,4.0,0.740741
13,9,عَـٰلِمُ ٱلْغَيْبِ وَٱلشَّهَـٰدَةِ ٱلْكَبِيرُ ٱلْمُتَعَالِ,5,28,17,4,"ع,غ,ه",3,0,1,0,0,0,0,0,20,4.0,0.714286
14,15,وَٱسْتَفْتَحُوا۟ وَخَابَ كُلُّ جَبَّارٍ عَنِيدٍ,5,23,19,3,"ح,خ,ع",0,0,0,0,1,0,0,1,20,4.0,0.869565
15,17,وَحَفِظْنَـٰهَا مِن كُلِّ شَيْطَـٰنٍ رَّجِيمٍ,5,19,18,4,"ح,ط,ظ,ه",0,0,0,0,2,0,1,1,20,4.0,1.052632
15,72,لَعَمْرُكَ إِنَّهُمْ لَفِى سَكْرَتِهِمْ يَعْمَهُونَ,5,24,20,5,"ع,ه",0,0,0,0,0,0,0,0,20,4.0,0.833333
16,16,وَعَلَـٰمَـٰتٍ ۚ وَبِٱلنَّجْمِ هُمْ يَهْتَدُونَ,5,20,10,3,"ع,ه",9,0,3,0,1,0,1,0,20,4.0,1.0
20,2,مَآ أَنزَلْنَا عَلَيْكَ ٱلْقُرْءَانَ لِتَشْقَىٰٓ,5,24,16,4,"ء,ع,ق",3,0,1,0,1,0,1,0,20,4.0,0.833333
23,26,قَالَ رَبِّ ٱنصُرْنِى بِمَا كَذَّبُونِ,5,19,10,3,"ذ,ص,ق",9,0,3,0,1,1,0,0,20,4.0,1.052632
23,40,قَالَ عَمَّا قَلِيلٍ لَّيُصْبِحُنَّ نَـٰدِمِينَ,5,21,19,5,"ح,ص,ع,ق",0,0,0,0,1,0,0,1,20,4.0,0.952381
30,12,وَيَوْمَ تَقُومُ ٱلسَّاعَةُ يُبْلِسُ ٱلْمُجْرِمُونَ,5,26,11,2,"ع,ق",9,0,3,0,0,0,0,0,20,4.0,0.769231
37,68,ثُمَّ إِنَّ مَرْجِعَهُمْ لَإِلَى ٱلْجَحِيمِ,5,20,17,4,"ث,ح,ع,ه",3,0,1,0,0,0,0,0,20,4.0,1.0
37,76,وَنَجَّيْنَـٰهُ وَأَهْلَهُۥ مِنَ ٱلْكَرْبِ ٱلْعَظِيمِ,5,24,17,5,"ظ,ع,ه",2,1,0,0,1,0,1,0,20,4.0,0.833333
37,98,فَأَرَادُوا۟ بِهِۦ كَيْدًا فَجَعَلْنَـٰهُمُ ٱلْأَسْفَلِينَ,5,28,15,3,"ع,ه",3,0,1,0,2,0,1,1,20,4.0,0.714286
37,124,إِذْ قَالَ لِقَوْمِهِۦٓ أَلَا تَتَّقُونَ,5,18,14,5,"ذ,ق,ه",6,0,2,0,0,0,0,0,20,4.0,1.111111
53,10,فَأَوْحَىٰٓ إِلَىٰ عَبْدِهِۦ مَآ أَوْحَىٰ,5,18,18,4,"ح,ع,ه",0,0,0,0,2,0,2,0,20,4.0,1.111111
55,11,فِيهَا فَـٰكِهَةٌ وَٱلنَّخْلُ ذَاتُ ٱلْأَكْمَامِ,5,24,16,4,"خ,ذ,ه",3,0,1,0,1,0,0,1,20,4.0,0.833333
69,20,إِنِّى ظَنَنتُ أَنِّى مُلَـٰقٍ حِسَابِيَهْ,5,19,15,4,"ح,ظ,ق,ه",3,0,1,0,2,0,1,1,20,4.0,1.052632
69,35,فَلَيْسَ لَهُ ٱلْيَوْمَ هَـٰهُنَا حَمِيمٌ,5,19,13,4,"ح,ه",6,0,2,0,1,0,1,0,20,4.0,1.052632
75,39,فَجَعَلَ مِنْهُ ٱلزَّوْجَيْنِ ٱلذَّكَرَ وَٱلْأُنثَىٰٓ,5,26,18,4,"ث,ذ,ع,ه",0,0,0,0,2,1,1,0,20,4.0,0.769231
76,16,قَوَارِيرَا۟ مِن فِضَّةٍ قَدَّرُوهَا تَقْدِيرًا,5,24,18,5,"ض,ق,ه",0,0,0,0,2,1,0,1,20,4.0,0.833333
101,4,يَوْمَ يَكُونُ ٱلنَّاسُ كَٱلْفَرَاشِ ٱلْمَبْثُوثِ,5,26,11,2,ث,9,0,3,0,0,0,0,0,20,4.0,0.769231
15,40,إِلَّا عِبَادَكَ مِنْهُمُ ٱلْمُخْلَصِينَ,4,20,16,4,"خ,ص,ع,ه",0,0,0,0,0,0,0,0,16,4.0,0.8
20,95,قَالَ فَمَا خَطْبُكَ يَـٰسَـٰمِرِىُّ,4,15,14,3,"خ,ط,ق",2,1,0,0,0,0,0,0,16,4.0,1.066667
22,21,وَلَهُم مَّقَـٰمِعُ مِنْ حَدِيدٍ,4,14,15,4,"ح,ع,ق,ه",0,0,0,0,1,0,0,1,16,4.0,1.142857
23,48,فَكَذَّبُوهُمَا فَكَانُوا۟ مِنَ ٱلْمُهْلَكِينَ,4,24,12,3,"ذ,ه",3,0,1,0,1,1,0,0,16,4.0,0.666667
26,78,ٱلَّذِى خَلَقَنِى فَهُوَ يَهْدِينِ,4,17,16,5,"خ,ذ,ق,ه",0,0,0,0,0,0,0,0,16,4.0,0.941176
26,99,وَمَآ أَضَلَّنَآ إِلَّا ٱلْمُجْرِمُونَ,4,19,7,1,ض,9,0,3,0,0,0,0,0,16,4.0,0.842105
37,41,أُو۟لَـٰٓئِكَ لَهُمْ رِزْقٌ مَّعْلُومٌ,4,16,12,3,"ع,ق,ه",3,0,1,0,1,0,0,1,16,4.0,1.0
37,116,وَنَصَرْنَـٰهُمْ فَكَانُوا۟ هُمُ ٱلْغَـٰلِبِينَ,4,22,12,4,"ص,غ,ه",3,0,1,0,1,0,1,0,16,4.0,0.727273
37,137,وَإِنَّكُمْ لَتَمُرُّونَ عَلَيْهِم مُّصْبِحِينَ,4,22,16,4,"ح,ص,ع,ه",0,0,0,0,0,0,0,0,16,4.0,0.727273
38,37,وَٱلشَّيَـٰطِينَ كُلَّ بَنَّآءٍ وَغَوَّاصٍ,4,19,13,4,"ء,ص,ط,غ",0,0,0,0,3,0,2,1,16,4.0,0.842105
51,34,مُّسَوَّمَةً عِندَ رَبِّكَ لِلْمُسْرِفِينَ,4,19,9,1,ع,6,0,2,0,1,0,0,1,16,4.0,0.842105
53,47,وَأَنَّ عَلَيْهِ ٱلنَّشْأَةَ ٱلْأُخْرَىٰ,4,19,13,3,"خ,ع,ه",3,0,1,0,0,0,0,0,16,4.0,0.842105
56,87,تَرْجِعُونَهَآ إِن كُنتُمْ صَـٰدِقِينَ,4,19,15,4,"ص,ع,ق,ه",0,0,0,0,1,0,1,0,16,4.0,0.842105
68,13,عُتُلٍّۭ بَعْدَ ذَٰلِكَ زَنِيمٍ,4,13,15,3,"ذ,ع",0,0,0,0,1,0,0,1,16,4.0,1.230769
69,50,وَإِنَّهُۥ لَحَسْرَةٌ عَلَى ٱلْكَـٰفِرِينَ,4,19,15,3,"ح,ع,ه",0,0,0,0,1,0,0,1,16,4.0,0.842105
70,19,إِنَّ ٱلْإِنسَـٰنَ خُلِقَ هَلُوعًا,4,16,16,4,"خ,ع,ق,ه",0,0,0,0,0,0,0,0,16,4.0,1.0
70,21,وَإِذَا مَسَّهُ ٱلْخَيْرُ مَنُوعًا,4,17,16,4,"خ,ذ,ع,ه",0,0,0,0,0,0,0,0,16,4.0,0.941176
77,32,إِنَّهَا تَرْمِى بِشَرَرٍ كَٱلْقَصْرِ,4,18,10,3,"ص,ق,ه",5,1,1,0,1,0,0,1,16,4.0,0.888889
78,12,وَبَنَيْنَا فَوْقَكُمْ سَبْعًا شِدَادًا,4,20,12,2,"ع,ق",3,0,1,0,1,0,0,1,16,4.0,0.8
82,16,وَمَا هُمْ عَنْهَا بِغَآئِبِينَ,4,16,12,4,"ع,غ,ه",3,0,1,0,1,0,1,0,16,4.0,1.0
86,6,خُلِقَ مِن مَّآءٍ دَافِقٍ,4,12,14,4,"ء,خ,ق",0,0,0,0,2,0,1,1,16,4.0,1.333333
87,9,فَذَكِّرْ إِن نَّفَعَتِ ٱلذِّكْرَىٰ,4,16,15,3,"ذ,ع",0,0,0,0,1,1,0,0,16,4.0,1.0
88,26,ثُمَّ إِنَّ عَلَيْنَا حِسَابَهُم,4,15,16,4,"ث,ح,ع,ه",0,0,0,0,0,0,0,0,16,4.0,1.066667
92,5,فَأَمَّا مَنْ أَعْطَىٰ وَٱتَّقَىٰ,4,15,12,3,"ط,ع,ق",2,1,0,0,2,0,2,0,16,4.0,1.066667
100,10,وَحُصِّلَ مَا فِى ٱلصُّدُورِ,4,14,12,3,"ح,ص",2,1,0,0,2,2,0,0,16,4.0,1.142857
12,84,وَتَوَلَّىٰ عَنْهُمْ وَقَالَ يَـٰٓأَسَفَىٰ عَلَىٰ يُوسُفَ وَٱبْيَضَّتْ عَيْنَاهُ مِنَ ٱلْحُزْنِ فَهُوَ كَظِيمٌ,12,50,46,10,"ح,ض,ظ,ع,ق,ه",0,0,0,0,1,1,0,0,47,3.916667,0.94
13,15,وَلِلَّهِ يَسْجُدُ مَن فِى ٱلسَّمَـٰوَٰتِ وَٱلْأَرْضِ طَوْعًا وَكَرْهًا وَظِلَـٰلُهُم بِٱلْغُدُوِّ وَٱلْـَٔاصَالِ ۩,12,52,35,9,"ص,ض,ط,ظ,ع,غ,ه",9,0,3,0,3,0,1,2,47,3.916667,0.903846
14,47,فَلَا تَحْسَبَنَّ ٱللَّهَ مُخْلِفَ وَعْدِهِۦ رُسُلَهُۥٓ ۗ إِنَّ ٱللَّهَ عَزِيزٌ ذُو ٱنتِقَامٍ,12,42,40,10,"ح,خ,ذ,ع,ق,ه",6,0,2,0,1,0,0,1,47,3.916667,1.119048
17,19,وَمَنْ أَرَادَ ٱلْـَٔاخِرَةَ وَسَعَىٰ لَهَا سَعْيَهَا وَهُوَ مُؤْمِنٌ فَأُو۟لَـٰٓئِكَ كَانَ سَعْيُهُم مَّشْكُورًا,12,52,36,8,"خ,ع,ه",9,0,3,0,2,0,1,1,47,3.916667,0.903846
27,93,وَقُلِ ٱلْحَمْدُ لِلَّهِ سَيُرِيكُمْ ءَايَـٰتِهِۦ فَتَعْرِفُونَهَا ۚ وَمَا رَبُّكَ بِغَـٰفِلٍ عَمَّا تَعْمَلُونَ,12,50,40,10,"ء,ح,ع,غ,ق,ه",6,0,2,0,1,0,0,1,47,3.916667,0.94
31,19,وَٱقْصِدْ فِى مَشْيِكَ وَٱغْضُضْ مِن صَوْتِكَ ۚ إِنَّ أَنكَرَ ٱلْأَصْوَٰتِ لَصَوْتُ ٱلْحَمِيرِ,12,44,40,9,"ح,ص,ض,غ,ق",6,3,0,0,1,0,1,0,47,3.916667,1.068182
42,25,وَهُوَ ٱلَّذِى يَقْبَلُ ٱلتَّوْبَةَ عَنْ عِبَادِهِۦ وَيَعْفُوا۟ عَنِ ٱلسَّيِّـَٔاتِ وَيَعْلَمُ مَا تَفْعَلُونَ,12,51,43,10,"ذ,ع,ق,ه",3,0,1,0,1,0,0,1,47,3.916667,0.921569
2,21,يَـٰٓأَيُّهَا ٱلنَّاسُ ٱعْبُدُوا۟ رَبَّكُمُ ٱلَّذِى خَلَقَكُمْ وَٱلَّذِينَ مِن قَبْلِكُمْ لَعَلَّكُمْ تَتَّقُونَ,11,52,37,9,"خ,ذ,ع,ق,ه",6,0,2,0,0,0,0,0,43,3.909091,0.826923
2,47,يَـٰبَنِىٓ إِسْرَٰٓءِيلَ ٱذْكُرُوا۟ نِعْمَتِىَ ٱلَّتِىٓ أَنْعَمْتُ عَلَيْكُمْ وَأَنِّى فَضَّلْتُكُمْ عَلَى ٱلْعَـٰلَمِينَ,11,55,41,8,"ء,ذ,ض,ع",0,0,0,0,2,1,1,0,43,3.909091,0.781818
4,99,فَأُو۟لَـٰٓئِكَ عَسَى ٱللَّهُ أَن يَعْفُوَ عَنْهُمْ ۚ وَكَانَ ٱللَّهُ عَفُوًّا غَفُورًا,11,40,36,8,"ع,غ,ه",6,0,2,0,1,0,0,1,43,3.909091,1.075
7,186,مَن يُضْلِلِ ٱللَّهُ فَلَا هَادِىَ لَهُۥ ۚ وَيَذَرُهُمْ فِى طُغْيَـٰنِهِمْ يَعْمَهُونَ,11,39,34,11,"ذ,ض,ط,ع,غ,ه",8,1,2,0,1,0,1,0,43,3.909091,1.102564
12,105,وَكَأَيِّن مِّنْ ءَايَةٍ فِى ٱلسَّمَـٰوَٰتِ وَٱلْأَرْضِ يَمُرُّونَ عَلَيْهَا وَهُمْ عَنْهَا مُعْرِضُونَ,11,48,38,9,"ء,ض,ع,ه",3,0,1,0,2,0,0,2,43,3.909091,0.895833
16,18,وَإِن تَعُدُّوا۟ نِعْمَةَ ٱللَّهِ لَا تُحْصُوهَآ ۗ إِنَّ ٱللَّهَ لَغَفُورٌ رَّحِيمٌ,11,39,33,9,"ح,ص,ع,غ,ه",8,1,2,0,2,0,1,1,43,3.909091,1.102564
22,4,كُتِبَ عَلَيْهِ أَنَّهُۥ مَن تَوَلَّاهُ فَأَنَّهُۥ يُضِلُّهُۥ وَيَهْدِيهِ إِلَىٰ عَذَابِ ٱلسَّعِيرِ,11,44,41,12,"ذ,ض,ع,ه",2,1,0,0,0,0,0,0,43,3.909091,0.977273
23,75,وَلَوْ رَحِمْنَـٰهُمْ وَكَشَفْنَا مَا بِهِم مِّن ضُرٍّ لَّلَجُّوا۟ فِى طُغْيَـٰنِهِمْ يَعْمَهُونَ,11,43,35,9,"ح,ض,ط,ع,غ,ه",5,1,1,0,3,0,2,1,43,3.909091,1.0
32,7,ٱلَّذِىٓ أَحْسَنَ كُلَّ شَىْءٍ خَلَقَهُۥ ۖ وَبَدَأَ خَلْقَ ٱلْإِنسَـٰنِ مِن طِينٍ,11,35,35,9,"ء,ح,خ,ذ,ط,ق,ه",6,0,2,0,2,0,1,1,43,3.909091,1.228571
44,56,لَا يَذُوقُونَ فِيهَا ٱلْمَوْتَ إِلَّا ٱلْمَوْتَةَ ٱلْأُولَىٰ ۖ وَوَقَىٰهُمْ عَذَابَ ٱلْجَحِيمِ,11,48,28,8,"ح,ذ,ع,ق,ه",14,1,4,0,1,0,1,0,43,3.909091,0.895833
52,48,وَٱصْبِرْ لِحُكْمِ رَبِّكَ فَإِنَّكَ بِأَعْيُنِنَا ۖ وَسَبِّحْ بِحَمْدِ رَبِّكَ حِينَ تَقُومُ,11,41,37,7,"ح,ص,ع,ق",6,0,2,0,0,0,0,0,43,3.909091,1.04878
59,20,لَا يَسْتَوِىٓ أَصْحَـٰبُ ٱلنَّارِ وَأَصْحَـٰبُ ٱلْجَنَّةِ ۚ أَصْحَـٰبُ ٱلْجَنَّةِ هُمُ ٱلْفَآئِزُونَ,11,45,31,7,"ح,ص,ه",9,3,1,0,3,0,3,0,43,3.909091,0.955556
72,12,وَأَنَّا ظَنَنَّآ أَن لَّن نُّعْجِزَ ٱللَّهَ فِى ٱلْأَرْضِ وَلَن نُّعْجِزَهُۥ هَرَبًا,11,39,31,7,"ض,ظ,ع,ه",12,0,4,0,0,0,0,0,43,3.909091,1.102564
10,29,فَكَفَىٰ بِٱللَّهِ شَهِيدًۢا بَيْنَنَا وَبَيْنَكُمْ إِن كُنَّا عَنْ عِبَادَتِكُمْ لَغَـٰفِلِينَ,10,45,25,5,"ع,غ,ه",12,0,4,0,2,0,0,2,39,3.9,0.866667
20,75,وَمَن يَأْتِهِۦ مُؤْمِنًا قَدْ عَمِلَ ٱلصَّـٰلِحَـٰتِ فَأُو۟لَـٰٓئِكَ لَهُمُ ٱلدَّرَجَـٰتُ ٱلْعُلَىٰ,10,43,28,7,"ح,ص,ع,ق,ه",9,0,3,0,2,1,0,1,39,3.9,0.906977
30,44,مَن كَفَرَ فَعَلَيْهِ كُفْرُهُۥ ۖ وَمَنْ عَمِلَ صَـٰلِحًا فَلِأَنفُسِهِمْ يَمْهَدُونَ,10,38,34,8,"ح,ص,ع,ه",3,0,1,0,2,0,0,2,39,3.9,1.026316
38,7,مَا سَمِعْنَا بِهَـٰذَا فِى ٱلْمِلَّةِ ٱلْـَٔاخِرَةِ إِنْ هَـٰذَآ إِلَّا ٱخْتِلَـٰقٌ,10,37,30,8,"خ,ذ,ع,ق,ه",4,2,0,0,5,0,4,1,39,3.9,1.054054
40,70,ٱلَّذِينَ كَذَّبُوا۟ بِٱلْكِتَـٰبِ وَبِمَآ أَرْسَلْنَا بِهِۦ رُسُلَنَا ۖ فَسَوْفَ يَعْلَمُونَ,10,43,20,4,"ذ,ع,ه",18,0,6,0,1,1,0,0,39,3.9,0.906977
68,17,إِنَّا بَلَوْنَـٰهُمْ كَمَا بَلَوْنَآ أَصْحَـٰبَ ٱلْجَنَّةِ إِذْ أَقْسَمُوا۟ لَيَصْرِمُنَّهَا مُصْبِحِينَ,10,48,32,9,"ح,ذ,ص,ق,ه",5,1,1,0,2,0,2,0,39,3.9,0.8125
68,49,لَّوْلَآ أَن تَدَٰرَكَهُۥ نِعْمَةٌ مِّن رَّبِّهِۦ لَنُبِذَ بِٱلْعَرَآءِ وَهُوَ مَذْمُومٌ,10,39,25,8,"ء,ذ,ع,ه",12,0,4,0,2,0,1,1,39,3.9,1.0
2,244,وَقَـٰتِلُوا۟ فِى سَبِيلِ ٱللَّهِ وَٱعْلَمُوٓا۟ أَنَّ ٱللَّهَ سَمِيعٌ عَلِيمٌ,9,37,25,6,"ع,ق,ه",9,0,3,0,1,0,0,1,35,3.888889,0.945946
9,76,فَلَمَّآ ءَاتَىٰهُم مِّن فَضْلِهِۦ بَخِلُوا۟ بِهِۦ وَتَوَلَّوا۟ وَّهُم مُّعْرِضُونَ,9,38,34,9,"ء,خ,ض,ع,ه",0,0,0,0,1,0,1,0,35,3.888889,0.921053
12,14,قَالُوا۟ لَئِنْ أَكَلَهُ ٱلذِّئْبُ وَنَحْنُ عُصْبَةٌ إِنَّآ إِذًا لَّخَـٰسِرُونَ,9,37,31,8,"ح,خ,ذ,ص,ع,ق,ه",2,1,0,0,2,1,0,1,35,3.888889,0.945946
21,63,قَالَ بَلْ فَعَلَهُۥ كَبِيرُهُمْ هَـٰذَا فَسْـَٔلُوهُمْ إِن كَانُوا۟ يَنطِقُونَ,9,37,30,9,"ذ,ط,ع,ق,ه",4,2,0,0,1,0,1,0,35,3.888889,0.945946
25,43,أَرَءَيْتَ مَنِ ٱتَّخَذَ إِلَـٰهَهُۥ هَوَىٰهُ أَفَأَنتَ تَكُونُ عَلَيْهِ وَكِيلًا,9,37,28,9,"ء,خ,ذ,ع,ه",5,1,1,0,2,0,2,0,35,3.888889,0.945946
27,72,قُلْ عَسَىٰٓ أَن يَكُونَ رَدِفَ لَكُم بَعْضُ ٱلَّذِى تَسْتَعْجِلُونَ,9,32,33,6,"ذ,ض,ع,ق",2,1,0,0,0,0,0,0,35,3.888889,1.09375
43,39,وَلَن يَنفَعَكُمُ ٱلْيَوْمَ إِذ ظَّلَمْتُمْ أَنَّكُمْ فِى ٱلْعَذَابِ مُشْتَرِكُونَ,9,40,26,5,"ذ,ظ,ع",8,1,2,0,1,1,0,0,35,3.888889,0.875
50,5,بَلْ كَذَّبُوا۟ بِٱلْحَقِّ لَمَّا جَآءَهُمْ فَهُمْ فِىٓ أَمْرٍ مَّرِيجٍ,9,32,22,6,"ء,ح,ذ,ق,ه",9,0,3,0,4,2,1,1,35,3.888889,1.09375
6,18,وَهُوَ ٱلْقَاهِرُ فَوْقَ عِبَادِهِۦ ۚ وَهُوَ ٱلْحَكِيمُ ٱلْخَبِيرُ,8,32,31,9,"ح,خ,ع,ق,ه",0,0,0,0,0,0,0,0,31,3.875,0.96875
13,24,سَلَـٰمٌ عَلَيْكُم بِمَا صَبَرْتُمْ ۚ فَنِعْمَ عُقْبَى ٱلدَّارِ,8,29,24,5,"ص,ع,ق",6,0,2,0,1,0,0,1,31,3.875,1.068966
15,44,لَهَا سَبْعَةُ أَبْوَٰبٍ لِّكُلِّ بَابٍ مِّنْهُمْ جُزْءٌ مَّقْسُومٌ,8,29,19,5,"ء,ع,ق,ه",9,0,3,0,3,0,0,3,31,3.875,1.068966
16,121,شَاكِرًا لِّأَنْعُمِهِ ۚ ٱجْتَبَىٰهُ وَهَدَىٰهُ إِلَىٰ صِرَٰطٍ مُّسْتَقِيمٍ,8,34,26,8,"ص,ط,ع,ق,ه",0,0,0,0,5,0,3,2,31,3.875,0.911765
18,72,قَالَ أَلَمْ أَقُلْ إِنَّكَ لَن تَسْتَطِيعَ مَعِىَ صَبْرًا,8,27,24,6,"ص,ط,ع,ق",7,0,2,1,0,0,0,0,31,3.875,1.148148
23,74,وَإِنَّ ٱلَّذِينَ لَا يُؤْمِنُونَ بِٱلْـَٔاخِرَةِ عَنِ ٱلصِّرَٰطِ لَنَـٰكِبُونَ,8,36,20,5,"خ,ذ,ص,ط,ع",9,0,3,0,2,1,1,0,31,3.875,0.861111
23,99,حَتَّىٰٓ إِذَا جَآءَ أَحَدَهُمُ ٱلْمَوْتُ قَالَ رَبِّ ٱرْجِعُونِ,8,30,27,7,"ء,ح,ذ,ع,ق,ه",3,0,1,0,1,0,1,0,31,3.875,1.033333
29,56,يَـٰعِبَادِىَ ٱلَّذِينَ ءَامَنُوٓا۟ إِنَّ أَرْضِى وَٰسِعَةٌ فَإِيَّـٰىَ فَٱعْبُدُونِ,8,38,29,6,"ء,ذ,ض,ع",0,0,0,0,2,0,1,1,31,3.875,0.815789
36,29,إِن كَانَتْ إِلَّا صَيْحَةً وَٰحِدَةً فَإِذَا هُمْ خَـٰمِدُونَ,8,28,25,6,"ح,خ,ذ,ص,ه",3,0,1,0,3,0,1,2,31,3.875,1.107143
43,25,فَٱنتَقَمْنَا مِنْهُمْ ۖ فَٱنظُرْ كَيْفَ كَانَ عَـٰقِبَةُ ٱلْمُكَذِّبِينَ,8,35,26,6,"ذ,ظ,ع,ق,ه",3,0,1,0,2,1,1,0,31,3.875,0.885714
43,82,سُبْحَـٰنَ رَبِّ ٱلسَّمَـٰوَٰتِ وَٱلْأَرْضِ رَبِّ ٱلْعَرْشِ عَمَّا يَصِفُونَ,8,33,28,5,"ح,ص,ض,ع",3,0,1,0,0,0,0,0,31,3.875,0.939394
70,41,عَلَىٰٓ أَن نُّبَدِّلَ خَيْرًا مِّنْهُمْ وَمَا نَحْنُ بِمَسْبُوقِينَ,8,31,21,5,"ح,خ,ع,ق,ه",9,0,3,0,1,0,0,1,31,3.875,1.0
72,18,وَأَنَّ ٱلْمَسَـٰجِدَ لِلَّهِ فَلَا تَدْعُوا۟ مَعَ ٱللَّهِ أَحَدًا,8,30,22,5,"ح,ع,ه",9,0,3,0,0,0,0,0,31,3.875,1.033333
11,115,وَٱصْبِرْ فَإِنَّ ٱللَّهَ لَا يُضِيعُ أَجْرَ ٱلْمُحْسِنِينَ,7,29,24,5,"ح,ص,ض,ع,ه",3,0,1,0,0,0,0,0,27,3.857143,0.931034
15,24,وَلَقَدْ عَلِمْنَا ٱلْمُسْتَقْدِمِينَ مِنكُمْ وَلَقَدْ عَلِمْنَا ٱلْمُسْتَـْٔخِرِينَ,7,41,27,6,"خ,ع,ق",0,0,0,0,0,0,0,0,27,3.857143,0.658537
16,6,وَلَكُمْ فِيهَا جَمَالٌ حِينَ تُرِيحُونَ وَحِينَ تَسْرَحُونَ,7,31,26,5,"ح,ه",0,0,0,0,1,0,0,1,27,3.857143,0.870968
20,57,قَالَ أَجِئْتَنَا لِتُخْرِجَنَا مِنْ أَرْضِنَا بِسِحْرِكَ يَـٰمُوسَىٰ,7,33,24,4,"ح,خ,ض,ق",3,0,1,0,0,0,0,0,27,3.857143,0.818182
23,34,وَلَئِنْ أَطَعْتُم بَشَرًا مِّثْلَكُمْ إِنَّكُمْ إِذًا لَّخَـٰسِرُونَ,7,31,23,5,"ث,خ,ذ,ط,ع",2,1,0,0,2,0,0,2,27,3.857143,0.870968
23,46,إِلَىٰ فِرْعَوْنَ وَمَلَإِي۟هِۦ فَٱسْتَكْبَرُوا۟ وَكَانُوا۟ قَوْمًا عَالِينَ,7,38,20,4,"ع,ق,ه",6,0,2,0,1,0,0,1,27,3.857143,0.710526
24,49,وَإِن يَكُن لَّهُمُ ٱلْحَقُّ يَأْتُوٓا۟ إِلَيْهِ مُذْعِنِينَ,7,28,21,6,"ح,ذ,ع,ق,ه",5,1,1,0,1,1,0,0,27,3.857143,0.964286
26,173,وَأَمْطَرْنَا عَلَيْهِم مَّطَرًا ۖ فَسَآءَ مَطَرُ ٱلْمُنذَرِينَ,7,31,23,7,"ء,ذ,ط,ع,ه",3,0,1,0,1,0,1,0,27,3.857143,0.870968
30,34,لِيَكْفُرُوا۟ بِمَآ ءَاتَيْنَـٰهُمْ ۚ فَتَمَتَّعُوا۟ فَسَوْفَ تَعْلَمُونَ,7,34,20,4,"ء,ع,ه",6,0,2,0,1,0,1,0,27,3.857143,0.794118
38,66,رَبُّ ٱلسَّمَـٰوَٰتِ وَٱلْأَرْضِ وَمَا بَيْنَهُمَا ٱلْعَزِيزُ ٱلْغَفَّـٰرُ,7,34,20,4,"ض,ع,غ,ه",6,0,2,0,1,0,1,0,27,3.857143,0.794118
43,16,أَمِ ٱتَّخَذَ مِمَّا يَخْلُقُ بَنَاتٍ وَأَصْفَىٰكُم بِٱلْبَنِينَ,7,31,21,5,"خ,ذ,ص,ق",5,1,1,0,1,0,0,1,27,3.857143,0.870968
47,24,أَفَلَا يَتَدَبَّرُونَ ٱلْقُرْءَانَ أَمْ عَلَىٰ قُلُوبٍ أَقْفَالُهَآ,7,34,20,6,"ء,ع,ق,ه",6,0,2,0,1,0,1,0,27,3.857143,0.794118
50,33,مَّنْ خَشِىَ ٱلرَّحْمَـٰنَ بِٱلْغَيْبِ وَجَآءَ بِقَلْبٍ مُّنِيبٍ,7,29,20,5,"ء,ح,خ,غ,ق",3,0,1,0,4,0,2,2,27,3.857143,0.931034
51,40,فَأَخَذْنَـٰهُ وَجُنُودَهُۥ فَنَبَذْنَـٰهُمْ فِى ٱلْيَمِّ وَهُوَ مُلِيمٌ,7,32,23,7,"خ,ذ,ه",2,1,0,0,2,0,2,0,27,3.857143,0.84375
91,13,فَقَالَ لَهُمْ رَسُولُ ٱللَّهِ نَاقَةَ ٱللَّهِ وَسُقْيَـٰهَا,7,29,20,7,"ق,ه",6,0,2,0,1,0,1,0,27,3.857143,0.931034
2,175,أُو۟لَـٰٓئِكَ ٱلَّذِينَ ٱشْتَرَوُا۟ ٱلضَّلَـٰلَةَ بِٱلْهُدَىٰ وَٱلْعَذَابَ بِٱلْمَغْفِرَةِ ۚ فَمَآ أَصْبَرَهُمْ عَلَى ٱلنَّارِ,12,60,36,9,"ذ,ص,ض,ع,غ,ه",8,1,2,0,2,1,1,0,46,3.833333,0.766667
7,36,وَٱلَّذِينَ كَذَّبُوا۟ بِـَٔايَـٰتِنَا وَٱسْتَكْبَرُوا۟ عَنْهَآ أُو۟لَـٰٓئِكَ أَصْحَـٰبُ ٱلنَّارِ ۖ هُمْ فِيهَا خَـٰلِدُونَ,12,55,35,9,"ح,خ,ذ,ص,ع,ه",8,1,2,0,3,1,2,0,46,3.833333,0.836364
8,4,أُو۟لَـٰٓئِكَ هُمُ ٱلْمُؤْمِنُونَ حَقًّا ۚ لَّهُمْ دَرَجَـٰتٌ عِندَ رَبِّهِمْ وَمَغْفِرَةٌ وَرِزْقٌ كَرِيمٌ,12,46,30,8,"ح,ع,غ,ق,ه",12,0,4,0,4,1,0,3,46,3.833333,1.0
12,29,يُوسُفُ أَعْرِضْ عَنْ هَـٰذَا ۚ وَٱسْتَغْفِرِى لِذَنۢبِكِ ۖ إِنَّكِ كُنتِ مِنَ ٱلْخَاطِـِٔينَ,12,41,42,9,"خ,ذ,ض,ط,ع,غ,ه",2,1,0,0,2,0,1,1,46,3.833333,1.121951
20,109,يَوْمَئِذٍ لَّا تَنفَعُ ٱلشَّفَـٰعَةُ إِلَّا مَنْ أَذِنَ لَهُ ٱلرَّحْمَـٰنُ وَرَضِىَ لَهُۥ قَوْلًا,12,43,37,9,"ح,ذ,ض,ع,ق,ه",6,0,2,0,3,0,2,1,46,3.833333,1.069767
21,105,وَلَقَدْ كَتَبْنَا فِى ٱلزَّبُورِ مِنۢ بَعْدِ ٱلذِّكْرِ أَنَّ ٱلْأَرْضَ يَرِثُهَا عِبَادِىَ ٱلصَّـٰلِحُونَ,12,51,39,9,"ث,ح,ذ,ص,ض,ع,ق,ه",5,1,1,0,2,2,0,0,46,3.833333,0.901961
26,158,فَأَخَذَهُمُ ٱلْعَذَابُ ۗ إِنَّ فِى ذَٰلِكَ لَـَٔايَةً ۖ وَمَا كَانَ أَكْثَرُهُم مُّؤْمِنِينَ,12,41,31,8,"ث,خ,ذ,ع,ه",15,3,3,0,0,0,0,0,46,3.833333,1.121951
33,58,وَٱلَّذِينَ يُؤْذُونَ ٱلْمُؤْمِنِينَ وَٱلْمُؤْمِنَـٰتِ بِغَيْرِ مَا ٱكْتَسَبُوا۟ فَقَدِ ٱحْتَمَلُوا۟ بُهْتَـٰنًا وَإِثْمًا مُّبِينًا,12,65,25,7,"ث,ح,ذ,غ,ق,ه",18,0,6,0,3,0,1,2,46,3.833333,0.707692
41,36,وَإِمَّا يَنزَغَنَّكَ مِنَ ٱلشَّيْطَـٰنِ نَزْغٌ فَٱسْتَعِذْ بِٱللَّهِ ۖ إِنَّهُۥ هُوَ ٱلسَّمِيعُ ٱلْعَلِيمُ,12,49,40,10,"ذ,ط,ع,غ,ه",5,1,1,0,1,0,0,1,46,3.833333,0.938776
50,39,فَٱصْبِرْ عَلَىٰ مَا يَقُولُونَ وَسَبِّحْ بِحَمْدِ رَبِّكَ قَبْلَ طُلُوعِ ٱلشَّمْسِ وَقَبْلَ ٱلْغُرُوبِ,12,49,43,10,"ح,ص,ط,ع,غ,ق",3,0,1,0,0,0,0,0,46,3.833333,0.938776
10,79,وَقَالَ فِرْعَوْنُ ٱئْتُونِى بِكُلِّ سَـٰحِرٍ عَلِيمٍ,6,25,21,4,"ح,ع,ق",0,0,0,0,2,0,1,1,23,3.833333,0.92
12,61,قَالُوا۟ سَنُرَٰوِدُ عَنْهُ أَبَاهُ وَإِنَّا لَفَـٰعِلُونَ,6,27,19,5,"ع,ق,ه",3,0,1,0,1,0,1,0,23,3.833333,0.851852
18,108,خَـٰلِدِينَ فِيهَا لَا يَبْغُونَ عَنْهَا حِوَلًا,6,24,23,6,"ح,خ,ع,غ,ه",0,0,0,0,0,0,0,0,23,3.833333,0.958333
37,15,وَقَالُوٓا۟ إِنْ هَـٰذَآ إِلَّا سِحْرٌ مُّبِينٌ,6,21,14,4,"ح,ذ,ق,ه",5,1,1,0,4,0,2,2,23,3.833333,1.095238
70,14,وَمَن فِى ٱلْأَرْضِ جَمِيعًا ثُمَّ يُنجِيهِ,6,22,19,4,"ث,ض,ع,ه",3,0,1,0,1,0,0,1,23,3.833333,1.045455
70,27,وَٱلَّذِينَ هُم مِّنْ عَذَابِ رَبِّهِم مُّشْفِقُونَ,6,24,20,6,"ذ,ع,ق,ه",2,1,0,0,1,0,0,1,23,3.833333,0.958333
70,39,كَلَّآ ۖ إِنَّا خَلَقْنَـٰهُم مِّمَّا يَعْلَمُونَ,6,21,16,4,"خ,ع,ق,ه",6,0,2,0,1,0,1,0,23,3.833333,1.095238
75,13,يُنَبَّؤُا۟ ٱلْإِنسَـٰنُ يَوْمَئِذٍۭ بِمَا قَدَّمَ وَأَخَّرَ,6,26,12,3,"خ,ذ,ق",9,0,3,0,2,1,0,1,23,3.833333,0.884615
77,38,هَـٰذَا يَوْمُ ٱلْفَصْلِ ۖ جَمَعْنَـٰكُمْ وَٱلْأَوَّلِينَ,6,25,16,4,"ذ,ص,ع,ه",5,1,1,0,2,0,2,0,23,3.833333,0.92
83,31,وَإِذَا ٱنقَلَبُوٓا۟ إِلَىٰٓ أَهْلِهِمُ ٱنقَلَبُوا۟ فَكِهِينَ,6,31,17,6,"ذ,ق,ه",6,0,2,0,0,0,0,0,23,3.833333,0.741935
2,8,وَمِنَ ٱلنَّاسِ مَن يَقُولُ ءَامَنَّا بِٱللَّهِ وَبِٱلْيَوْمِ ٱلْـَٔاخِرِ وَمَا هُم بِمُؤْمِنِينَ,11,48,15,5,"ء,خ,ق,ه",27,0,9,0,0,0,0,0,42,3.818182,0.875
2,82,وَٱلَّذِينَ ءَامَنُوا۟ وَعَمِلُوا۟ ٱلصَّـٰلِحَـٰتِ أُو۟لَـٰٓئِكَ أَصْحَـٰبُ ٱلْجَنَّةِ ۖ هُمْ فِيهَا خَـٰلِدُونَ,11,49,38,10,"ء,ح,خ,ذ,ص,ع,ه",2,1,0,0,2,1,1,0,42,3.818182,0.857143
3,148,فَـَٔاتَىٰهُمُ ٱللَّهُ ثَوَابَ ٱلدُّنْيَا وَحُسْنَ ثَوَابِ ٱلْـَٔاخِرَةِ ۗ وَٱللَّهُ يُحِبُّ ٱلْمُحْسِنِينَ,11,50,35,9,"ث,ح,خ,ه",6,0,2,0,1,0,1,0,42,3.818182,0.84
7,9,وَمَنْ خَفَّتْ مَوَٰزِينُهُۥ فَأُو۟لَـٰٓئِكَ ٱلَّذِينَ خَسِرُوٓا۟ أَنفُسَهُم بِمَا كَانُوا۟ بِـَٔايَـٰتِنَا يَظْلِمُونَ,11,54,29,6,"خ,ذ,ظ,ه",12,0,4,0,1,0,0,1,42,3.818182,0.777778
7,166,فَلَمَّا عَتَوْا۟ عَن مَّا نُهُوا۟ عَنْهُ قُلْنَا لَهُمْ كُونُوا۟ قِرَدَةً خَـٰسِـِٔينَ,11,39,35,9,"خ,ع,ق,ه",6,0,2,0,1,0,0,1,42,3.818182,1.076923
9,78,أَلَمْ يَعْلَمُوٓا۟ أَنَّ ٱللَّهَ يَعْلَمُ سِرَّهُمْ وَنَجْوَىٰهُمْ وَأَنَّ ٱللَّهَ عَلَّـٰمُ ٱلْغُيُوبِ,11,46,28,8,"ع,غ,ه",12,0,4,0,2,0,2,0,42,3.818182,0.913043
18,7,إِنَّا جَعَلْنَا مَا عَلَى ٱلْأَرْضِ زِينَةً لَّهَا لِنَبْلُوَهُمْ أَيُّهُمْ أَحْسَنُ عَمَلًا,11,44,35,8,"ح,ض,ع,ه",6,0,2,0,1,0,0,1,42,3.818182,0.954545
19,17,فَٱتَّخَذَتْ مِن دُونِهِمْ حِجَابًا فَأَرْسَلْنَآ إِلَيْهَا رُوحَنَا فَتَمَثَّلَ لَهَا بَشَرًا سَوِيًّا,11,51,34,8,"ث,ح,خ,ذ,ه",5,1,1,0,3,1,0,2,42,3.818182,0.823529
28,11,وَقَالَتْ لِأُخْتِهِۦ قُصِّيهِ ۖ فَبَصُرَتْ بِهِۦ عَن جُنُبٍ وَهُمْ لَا يَشْعُرُونَ,11,37,38,11,"خ,ص,ع,ق,ه",2,1,0,0,2,1,0,1,42,3.818182,1.135135
38,32,فَقَالَ إِنِّىٓ أَحْبَبْتُ حُبَّ ٱلْخَيْرِ عَن ذِكْرِ رَبِّى حَتَّىٰ تَوَارَتْ بِٱلْحِجَابِ,11,42,39,8,"ح,خ,ذ,ع,ق",3,0,1,0,0,0,0,0,42,3.818182,1.0
40,45,فَوَقَىٰهُ ٱللَّهُ سَيِّـَٔاتِ مَا مَكَرُوا۟ ۖ وَحَاقَ بِـَٔالِ فِرْعَوْنَ سُوٓءُ ٱلْعَذَابِ,11,41,35,9,"ء,ح,ذ,ع,ق,ه",5,1,1,0,2,0,2,0,42,3.818182,1.02439
40,52,يَوْمَ لَا يَنفَعُ ٱلظَّـٰلِمِينَ مَعْذِرَتُهُمْ ۖ وَلَهُمُ ٱللَّعْنَةُ وَلَهُمْ سُوٓءُ ٱلدَّارِ,11,45,32,9,"ء,ذ,ظ,ع,ه",8,1,2,0,2,1,1,0,42,3.818182,0.933333
43,10,ٱلَّذِى جَعَلَ لَكُمُ ٱلْأَرْضَ مَهْدًا وَجَعَلَ لَكُمْ فِيهَا سُبُلًا لَّعَلَّكُمْ تَهْتَدُونَ,11,45,37,8,"ذ,ض,ع,ه",3,0,1,0,2,0,0,2,42,3.818182,0.933333
2,162,خَـٰلِدِينَ فِيهَا ۖ لَا يُخَفَّفُ عَنْهُمُ ٱلْعَذَابُ وَلَا هُمْ يُنظَرُونَ,10,36,36,9,"خ,ذ,ظ,ع,ه",2,1,0,0,0,0,0,0,38,3.8,1.055556
3,115,وَمَا يَفْعَلُوا۟ مِنْ خَيْرٍ فَلَن يُكْفَرُوهُ ۗ وَٱللَّهُ عَلِيمٌۢ بِٱلْمُتَّقِينَ,10,40,26,6,"خ,ع,ق,ه",9,0,3,0,3,0,0,3,38,3.8,0.95
6,11,قُلْ سِيرُوا۟ فِى ٱلْأَرْضِ ثُمَّ ٱنظُرُوا۟ كَيْفَ كَانَ عَـٰقِبَةُ ٱلْمُكَذِّبِينَ,10,40,33,7,"ث,ذ,ض,ظ,ع,ق",3,0,1,0,2,1,1,0,38,3.8,0.95
6,16,مَّن يُصْرَفْ عَنْهُ يَوْمَئِذٍ فَقَدْ رَحِمَهُۥ ۚ وَذَٰلِكَ ٱلْفَوْزُ ٱلْمُبِينُ,10,36,31,8,"ح,ذ,ص,ع,ق,ه",6,0,2,0,1,0,0,1,38,3.8,1.055556
7,45,ٱلَّذِينَ يَصُدُّونَ عَن سَبِيلِ ٱللَّهِ وَيَبْغُونَهَا عِوَجًا وَهُم بِٱلْـَٔاخِرَةِ كَـٰفِرُونَ,10,47,34,9,"خ,ذ,ص,ع,غ,ه",3,0,1,0,1,0,0,1,38,3.8,0.808511
10,33,كَذَٰلِكَ حَقَّتْ كَلِمَتُ رَبِّكَ عَلَى ٱلَّذِينَ فَسَقُوٓا۟ أَنَّهُمْ لَا يُؤْمِنُونَ,10,39,30,7,"ح,ذ,ع,ق,ه",6,0,2,0,2,1,1,0,38,3.8,0.974359
23,37,إِنْ هِىَ إِلَّا حَيَاتُنَا ٱلدُّنْيَا نَمُوتُ وَنَحْيَا وَمَا نَحْنُ بِمَبْعُوثِينَ,10,42,25,6,"ث,ح,ع,ه",12,0,4,0,1,0,0,1,38,3.8,0.904762
39,39,قُلْ يَـٰقَوْمِ ٱعْمَلُوا۟ عَلَىٰ مَكَانَتِكُمْ إِنِّى عَـٰمِلٌ ۖ فَسَوْفَ تَعْلَمُونَ,10,38,31,6,"ع,ق",6,0,2,0,1,0,1,0,38,3.8,1.0
43,31,وَقَالُوا۟ لَوْلَا نُزِّلَ هَـٰذَا ٱلْقُرْءَانُ عَلَىٰ رَجُلٍ مِّنَ ٱلْقَرْيَتَيْنِ عَظِيمٍ,10,43,32,9,"ء,ذ,ظ,ع,ق,ه",4,2,0,0,2,0,1,1,38,3.8,0.883721
3,131,وَٱتَّقُوا۟ ٱلنَّارَ ٱلَّتِىٓ أُعِدَّتْ لِلْكَـٰفِرِينَ,5,26,10,2,"ع,ق",9,0,3,0,0,0,0,0,19,3.8,0.730769
15,70,قَالُوٓا۟ أَوَلَمْ نَنْهَكَ عَنِ ٱلْعَـٰلَمِينَ,5,22,16,4,"ع,ق,ه",3,0,1,0,0,0,0,0,19,3.8,0.863636
19,2,ذِكْرُ رَحْمَتِ رَبِّكَ عَبْدَهُۥ زَكَرِيَّآ,5,19,19,4,"ح,ذ,ع,ه",0,0,0,0,0,0,0,0,19,3.8,1.0
20,13,وَأَنَا ٱخْتَرْتُكَ فَٱسْتَمِعْ لِمَا يُوحَىٰٓ,5,23,18,3,"ح,خ,ع",0,0,0,0,1,0,1,0,19,3.8,0.826087
20,67,فَأَوْجَسَ فِى نَفْسِهِۦ خِيفَةً مُّوسَىٰ,5,19,15,2,"خ,ه",3,0,1,0,1,0,0,1,19,3.8,1.0
20,93,أَلَّا تَتَّبِعَنِ ۖ أَفَعَصَيْتَ أَمْرِى,5,18,14,3,"ص,ع",5,1,1,0,0,0,0,0,19,3.8,1.055556
26,132,وَٱتَّقُوا۟ ٱلَّذِىٓ أَمَدَّكُم بِمَا تَعْلَمُونَ,5,24,12,3,"ذ,ع,ق",6,0,2,0,1,0,1,0,19,3.8,0.791667
36,24,إِنِّىٓ إِذًا لَّفِى ضَلَـٰلٍ مُّبِينٍ,5,16,10,2,"ذ,ض",6,0,2,0,3,0,1,2,19,3.8,1.1875
37,45,يُطَافُ عَلَيْهِم بِكَأْسٍ مِّن مَّعِينٍۭ,5,19,18,4,"ط,ع,ه",0,0,0,0,1,0,0,1,19,3.8,1.0
37,79,سَلَـٰمٌ عَلَىٰ نُوحٍ فِى ٱلْعَـٰلَمِينَ,5,18,17,3,"ح,ع",0,0,0,0,2,0,0,2,19,3.8,1.055556
53,17,مَا زَاغَ ٱلْبَصَرُ وَمَا طَغَىٰ,5,16,13,4,"ص,ط,غ",5,1,1,0,1,0,1,0,19,3.8,1.1875
54,10,فَدَعَا رَبَّهُۥٓ أَنِّى مَغْلُوبٌ فَٱنتَصِرْ,5,21,15,4,"ص,ع,غ,ه",3,0,1,0,1,0,0,1,19,3.8,0.904762
54,26,سَيَعْلَمُونَ غَدًا مَّنِ ٱلْكَذَّابُ ٱلْأَشِرُ,5,23,14,3,"ذ,ع,غ",3,0,1,0,2,1,0,1,19,3.8,0.826087
54,36,وَلَقَدْ أَنذَرَهُم بَطْشَتَنَا فَتَمَارَوْا۟ بِٱلنُّذُرِ,5,29,16,5,"ذ,ط,ق,ه",3,0,1,0,0,0,0,0,19,3.8,0.655172
54,47,إِنَّ ٱلْمُجْرِمِينَ فِى ضَلَـٰلٍ وَسُعُرٍ,5,19,14,2,"ض,ع",3,0,1,0,2,0,1,1,19,3.8,1.0
54,49,إِنَّا كُلَّ شَىْءٍ خَلَقْنَـٰهُ بِقَدَرٍ,5,17,17,5,"ء,خ,ق,ه",0,0,0,0,2,0,1,1,19,3.8,1.117647
73,3,نِّصْفَهُۥٓ أَوِ ٱنقُصْ مِنْهُ قَلِيلًا,5,18,17,6,"ص,ق,ه",2,1,0,0,0,0,0,0,19,3.8,1.055556
75,33,ثُمَّ ذَهَبَ إِلَىٰٓ أَهْلِهِۦ يَتَمَطَّىٰٓ,5,17,15,6,"ث,ذ,ط,ه",2,1,0,0,2,1,1,0,19,3.8,1.117647
81,24,وَمَا هُوَ عَلَى ٱلْغَيْبِ بِضَنِينٍ,5,18,16,4,"ض,ع,غ,ه",3,0,1,0,0,0,0,0,19,3.8,1.055556
97,5,سَلَـٰمٌ هِىَ حَتَّىٰ مَطْلَعِ ٱلْفَجْرِ,5,17,18,4,"ح,ط,ع,ه",0,0,0,0,1,0,0,1,19,3.8,1.117647
113,5,وَمِن شَرِّ حَاسِدٍ إِذَا حَسَدَ,5,15,16,3,"ح,ذ",3,0,1,0,0,0,0,0,19,3.8,1.266667
3,51,إِنَّ ٱللَّهَ رَبِّى وَرَبُّكُمْ فَٱعْبُدُوهُ ۗ هَـٰذَا صِرَٰطٌ مُّسْتَقِيمٌ,9,33,26,8,"ذ,ص,ط,ع,ق,ه",5,1,1,0,3,0,2,1,34,3.777778,1.030303
5,74,أَفَلَا يَتُوبُونَ إِلَى ٱللَّهِ وَيَسْتَغْفِرُونَهُۥ ۚ وَٱللَّهُ غَفُورٌ رَّحِيمٌ,9,40,21,6,"ح,غ,ه",12,0,4,0,1,0,0,1,34,3.777778,0.85
9,22,خَـٰلِدِينَ فِيهَآ أَبَدًا ۚ إِنَّ ٱللَّهَ عِندَهُۥٓ أَجْرٌ عَظِيمٌ,9,30,27,7,"خ,ظ,ع,ه",5,1,1,0,2,0,1,1,34,3.777778,1.133333
12,20,وَشَرَوْهُ بِثَمَنٍۭ بَخْسٍ دَرَٰهِمَ مَعْدُودَةٍ وَكَانُوا۟ فِيهِ مِنَ ٱلزَّٰهِدِينَ,9,40,26,7,"ث,خ,ع,ه",3,0,1,0,5,0,2,3,34,3.777778,0.85
19,36,وَإِنَّ ٱللَّهَ رَبِّى وَرَبُّكُمْ فَٱعْبُدُوهُ ۚ هَـٰذَا صِرَٰطٌ مُّسْتَقِيمٌ,9,34,26,8,"ذ,ص,ط,ع,ق,ه",5,1,1,0,3,0,2,1,34,3.777778,1.0
19,90,تَكَادُ ٱلسَّمَـٰوَٰتُ يَتَفَطَّرْنَ مِنْهُ وَتَنشَقُّ ٱلْأَرْضُ وَتَخِرُّ ٱلْجِبَالُ هَدًّا,9,42,26,6,"خ,ض,ط,ق,ه",6,0,2,0,2,2,0,0,34,3.777778,0.809524
24,17,يَعِظُكُمُ ٱللَّهُ أَن تَعُودُوا۟ لِمِثْلِهِۦٓ أَبَدًا إِن كُنتُم مُّؤْمِنِينَ,9,38,23,6,"ث,ظ,ع,ه",11,1,3,0,0,0,0,0,34,3.777778,0.894737
26,118,فَٱفْتَحْ بَيْنِى وَبَيْنَهُمْ فَتْحًا وَنَجِّنِى وَمَن مَّعِىَ مِنَ ٱلْمُؤْمِنِينَ,9,40,21,4,"ح,ع,ه",12,0,4,0,1,0,0,1,34,3.777778,0.85
28,17,قَالَ رَبِّ بِمَآ أَنْعَمْتَ عَلَىَّ فَلَنْ أَكُونَ ظَهِيرًا لِّلْمُجْرِمِينَ,9,36,22,5,"ظ,ع,ق,ه",11,1,3,0,1,0,0,1,34,3.777778,0.944444
40,36,وَقَالَ فِرْعَوْنُ يَـٰهَـٰمَـٰنُ ٱبْنِ لِى صَرْحًا لَّعَلِّىٓ أَبْلُغُ ٱلْأَسْبَـٰبَ,9,36,28,7,"ح,ص,ع,غ,ق,ه",3,0,1,0,3,0,2,1,34,3.777778,0.944444
43,26,وَإِذْ قَالَ إِبْرَٰهِيمُ لِأَبِيهِ وَقَوْمِهِۦٓ إِنَّنِى بَرَآءٌ مِّمَّا تَعْبُدُونَ,9,39,22,8,"ء,ذ,ع,ق,ه",9,0,3,0,3,0,2,1,34,3.777778,0.871795
48,13,وَمَن لَّمْ يُؤْمِنۢ بِٱللَّهِ وَرَسُولِهِۦ فَإِنَّآ أَعْتَدْنَا لِلْكَـٰفِرِينَ سَعِيرًا,9,42,19,4,"ع,ه",15,0,5,0,0,0,0,0,34,3.777778,0.809524
52,32,أَمْ تَأْمُرُهُمْ أَحْلَـٰمُهُم بِهَـٰذَآ ۚ أَمْ هُمْ قَوْمٌ طَاغُونَ,9,30,25,9,"ح,ذ,ط,غ,ق,ه",5,1,1,0,4,0,3,1,34,3.777778,1.133333
56,47,وَكَانُوا۟ يَقُولُونَ أَئِذَا مِتْنَا وَكُنَّا تُرَابًا وَعِظَـٰمًا أَءِنَّا لَمَبْعُوثُونَ,9,46,27,7,"ء,ث,ذ,ظ,ع,ق",5,1,1,0,2,0,1,1,34,3.777778,0.73913
70,43,يَوْمَ يَخْرُجُونَ مِنَ ٱلْأَجْدَاثِ سِرَاعًا كَأَنَّهُمْ إِلَىٰ نُصُبٍ يُوفِضُونَ,9,40,29,6,"ث,خ,ص,ض,ع,ه",3,0,1,0,2,0,0,2,34,3.777778,0.85
76,19,وَيَطُوفُ عَلَيْهِمْ وِلْدَٰنٌ مُّخَلَّدُونَ إِذَا رَأَيْتَهُمْ حَسِبْتَهُمْ لُؤْلُؤًا مَّنثُورًا,9,46,32,9,"ث,ح,خ,ذ,ط,ع,ه",0,0,0,0,2,0,0,2,34,3.777778,0.73913
76,24,فَٱصْبِرْ لِحُكْمِ رَبِّكَ وَلَا تُطِعْ مِنْهُمْ ءَاثِمًا أَوْ كَفُورًا,9,34,28,7,"ء,ث,ح,ص,ط,ع,ه",6,1,1,1,0,0,0,0,34,3.777778,1.0
79,46,كَأَنَّهُمْ يَوْمَ يَرَوْنَهَا لَمْ يَلْبَثُوٓا۟ إِلَّا عَشِيَّةً أَوْ ضُحَىٰهَا,9,36,27,7,"ث,ح,ض,ع,ه",5,1,1,0,2,0,2,0,34,3.777778,0.944444
2,65,وَلَقَدْ عَلِمْتُمُ ٱلَّذِينَ ٱعْتَدَوْا۟ مِنكُمْ فِى ٱلسَّبْتِ فَقُلْنَا لَهُمْ كُونُوا۟ قِرَدَةً خَـٰسِـِٔينَ,12,52,35,8,"خ,ذ,ع,ق,ه",9,0,3,0,1,0,0,1,45,3.75,0.865385
2,276,يَمْحَقُ ٱللَّهُ ٱلرِّبَوٰا۟ وَيُرْبِى ٱلصَّدَقَـٰتِ ۗ وَٱللَّهُ لَا يُحِبُّ كُلَّ كَفَّارٍ أَثِيمٍ,12,45,29,8,"ث,ح,ص,ق,ه",15,0,5,0,1,1,0,0,45,3.75,1.0
8,45,يَـٰٓأَيُّهَا ٱلَّذِينَ ءَامَنُوٓا۟ إِذَا لَقِيتُمْ فِئَةً فَٱثْبُتُوا۟ وَٱذْكُرُوا۟ ٱللَّهَ كَثِيرًا لَّعَلَّكُمْ تُفْلِحُونَ,12,61,40,11,"ء,ث,ح,ذ,ع,ق,ه",3,0,1,0,2,0,0,2,45,3.75,0.737705
17,28,وَإِمَّا تُعْرِضَنَّ عَنْهُمُ ٱبْتِغَآءَ رَحْمَةٍ مِّن رَّبِّكَ تَرْجُوهَا فَقُل لَّهُمْ قَوْلًا مَّيْسُورًا,12,50,42,11,"ء,ح,ض,ع,غ,ق,ه",0,0,0,0,3,0,1,2,45,3.75,0.9
22,22,كُلَّمَآ أَرَادُوٓا۟ أَن يَخْرُجُوا۟ مِنْهَا مِنْ غَمٍّ أُعِيدُوا۟ فِيهَا وَذُوقُوا۟ عَذَابَ ٱلْحَرِيقِ,12,52,42,11,"ح,خ,ذ,ع,غ,ق,ه",2,1,0,0,1,0,0,1,45,3.75,0.865385
24,8,وَيَدْرَؤُا۟ عَنْهَا ٱلْعَذَابَ أَن تَشْهَدَ أَرْبَعَ شَهَـٰدَٰتٍۭ بِٱللَّهِ ۙ إِنَّهُۥ لَمِنَ ٱلْكَـٰذِبِينَ,12,48,34,10,"ذ,ع,ه",8,1,2,0,3,0,2,1,45,3.75,0.9375
30,6,وَعْدَ ٱللَّهِ ۖ لَا يُخْلِفُ ٱللَّهُ وَعْدَهُۥ وَلَـٰكِنَّ أَكْثَرَ ٱلنَّاسِ لَا يَعْلَمُونَ,12,42,33,8,"ث,خ,ع,ه",12,0,4,0,0,0,0,0,45,3.75,1.071429
39,35,لِيُكَفِّرَ ٱللَّهُ عَنْهُمْ أَسْوَأَ ٱلَّذِى عَمِلُوا۟ وَيَجْزِيَهُمْ أَجْرَهُم بِأَحْسَنِ ٱلَّذِى كَانُوا۟ يَعْمَلُونَ,12,58,42,10,"ح,ذ,ع,ه",3,0,1,0,0,0,0,0,45,3.75,0.775862
45,9,وَإِذَا عَلِمَ مِنْ ءَايَـٰتِنَا شَيْـًٔا ٱتَّخَذَهَا هُزُوًا ۚ أُو۟لَـٰٓئِكَ لَهُمْ عَذَابٌ مُّهِينٌ,12,44,37,11,"ء,خ,ذ,ع,ه",6,3,0,0,2,0,0,2,45,3.75,1.022727
63,11,وَلَن يُؤَخِّرَ ٱللَّهُ نَفْسًا إِذَا جَآءَ أَجَلُهَا ۚ وَٱللَّهُ خَبِيرٌۢ بِمَا تَعْمَلُونَ,12,44,30,8,"ء,خ,ذ,ع,ه",12,0,4,0,3,1,1,1,45,3.75,1.022727
64,2,هُوَ ٱلَّذِى خَلَقَكُمْ فَمِنكُمْ كَافِرٌ وَمِنكُم مُّؤْمِنٌ ۚ وَٱللَّهُ بِمَا تَعْمَلُونَ بَصِيرٌ,12,47,29,7,"خ,ذ,ص,ع,ق,ه",15,0,5,0,1,0,0,1,45,3.75,0.957447
67,2,ٱلَّذِى خَلَقَ ٱلْمَوْتَ وَٱلْحَيَوٰةَ لِيَبْلُوَكُمْ أَيُّكُمْ أَحْسَنُ عَمَلًا ۚ وَهُوَ ٱلْعَزِيزُ ٱلْغَفُورُ,12,53,42,9,"ح,خ,ذ,ع,غ,ق,ه",3,0,1,0,0,0,0,0,45,3.75,0.849057
21,61,قَالُوا۟ فَأْتُوا۟ بِهِۦ عَلَىٰٓ أَعْيُنِ ٱلنَّاسِ لَعَلَّهُمْ يَشْهَدُونَ,8,35,27,7,"ع,ق,ه",3,0,1,0,0,0,0,0,30,3.75,0.857143
22,57,وَٱلَّذِينَ كَفَرُوا۟ وَكَذَّبُوا۟ بِـَٔايَـٰتِنَا فَأُو۟لَـٰٓئِكَ لَهُمْ عَذَابٌ مُّهِينٌ,8,40,23,6,"ذ,ع,ه",5,1,1,0,2,1,0,1,30,3.75,0.75
23,52,وَإِنَّ هَـٰذِهِۦٓ أُمَّتُكُمْ أُمَّةً وَٰحِدَةً وَأَنَا۠ رَبُّكُمْ فَٱتَّقُونِ,8,32,18,5,"ح,ذ,ق,ه",7,2,1,0,5,0,3,2,30,3.75,0.9375
23,86,قُلْ مَن رَّبُّ ٱلسَّمَـٰوَٰتِ ٱلسَّبْعِ وَرَبُّ ٱلْعَرْشِ ٱلْعَظِيمِ,8,31,25,5,"ظ,ع,ق",5,1,1,0,0,0,0,0,30,3.75,0.967742
23,106,قَالُوا۟ رَبَّنَا غَلَبَتْ عَلَيْنَا شِقْوَتُنَا وَكُنَّا قَوْمًا ضَآلِّينَ,8,37,25,6,"ض,ع,غ,ق",3,0,1,0,2,0,1,1,30,3.75,0.810811
26,82,وَٱلَّذِىٓ أَطْمَعُ أَن يَغْفِرَ لِى خَطِيٓـَٔتِى يَوْمَ ٱلدِّينِ,8,30,23,6,"خ,ذ,ط,ع,غ",5,1,1,0,2,0,2,0,30,3.75,1.0
31,8,إِنَّ ٱلَّذِينَ ءَامَنُوا۟ وَعَمِلُوا۟ ٱلصَّـٰلِحَـٰتِ لَهُمْ جَنَّـٰتُ ٱلنَّعِيمِ,8,37,26,7,"ء,ح,ذ,ص,ع,ه",3,0,1,0,1,1,0,0,30,3.75,0.810811
51,43,وَفِى ثَمُودَ إِذْ قِيلَ لَهُمْ تَمَتَّعُوا۟ حَتَّىٰ حِينٍ,8,27,27,7,"ث,ح,ذ,ع,ق,ه",3,0,1,0,0,0,0,0,30,3.75,1.111111
67,6,وَلِلَّذِينَ كَفَرُوا۟ بِرَبِّهِمْ عَذَابُ جَهَنَّمَ ۖ وَبِئْسَ ٱلْمَصِيرُ,8,34,22,6,"ذ,ص,ع,ه",8,1,2,0,0,0,0,0,30,3.75,0.882353
1,2,ٱلْحَمْدُ لِلَّهِ رَبِّ ٱلْعَـٰلَمِينَ,4,17,12,3,"ح,ع,ه",3,0,1,0,0,0,0,0,15,3.75,0.882353
7,112,يَأْتُوكَ بِكُلِّ سَـٰحِرٍ عَلِيمٍ,4,15,13,2,"ح,ع",0,0,0,0,2,0,1,1,15,3.75,1.0
20,9,وَهَلْ أَتَىٰكَ حَدِيثُ مُوسَىٰٓ,4,15,12,3,"ث,ح,ه",3,0,1,0,0,0,0,0,15,3.75,1.0
26,37,يَأْتُوكَ بِكُلِّ سَحَّارٍ عَلِيمٍ,4,16,13,2,"ح,ع",0,0,0,0,2,1,0,1,15,3.75,0.9375
26,59,كَذَٰلِكَ وَأَوْرَثْنَـٰهَا بَنِىٓ إِسْرَٰٓءِيلَ,4,21,13,4,"ء,ث,ذ,ه",0,0,0,0,2,0,2,0,15,3.75,0.714286
26,151,وَلَا تُطِيعُوٓا۟ أَمْرَ ٱلْمُسْرِفِينَ,4,20,10,2,"ط,ع",4,0,1,1,1,0,1,0,15,3.75,0.75
26,160,كَذَّبَتْ قَوْمُ لُوطٍ ٱلْمُرْسَلِينَ,4,18,11,3,"ذ,ط,ق",3,0,1,0,1,1,0,0,15,3.75,0.833333
26,203,فَيَقُولُوا۟ هَلْ نَحْنُ مُنظَرُونَ,4,18,15,4,"ح,ظ,ق,ه",0,0,0,0,0,0,0,0,15,3.75,0.833333
26,218,ٱلَّذِى يَرَىٰكَ حِينَ تَقُومُ,4,15,12,3,"ح,ذ,ق",3,0,1,0,0,0,0,0,15,3.75,1.0
26,220,إِنَّهُۥ هُوَ ٱلسَّمِيعُ ٱلْعَلِيمُ,4,17,15,4,"ع,ه",0,0,0,0,0,0,0,0,15,3.75,0.882353
37,138,وَبِٱلَّيْلِ ۗ أَفَلَا تَعْقِلُونَ,4,16,9,2,"ع,ق",6,0,2,0,0,0,0,0,15,3.75,0.9375
37,148,فَـَٔامَنُوا۟ فَمَتَّعْنَـٰهُمْ إِلَىٰ حِينٍ,4,19,14,3,"ح,ع,ه",0,0,0,0,1,0,1,0,15,3.75,0.789474
37,152,وَلَدَ ٱللَّهُ وَإِنَّهُمْ لَكَـٰذِبُونَ,4,18,8,3,"ذ,ه",6,0,2,0,1,0,1,0,15,3.75,0.833333
37,182,وَٱلْحَمْدُ لِلَّهِ رَبِّ ٱلْعَـٰلَمِينَ,4,18,12,3,"ح,ع,ه",3,0,1,0,0,0,0,0,15,3.75,0.833333
56,21,وَلَحْمِ طَيْرٍ مِّمَّا يَشْتَهُونَ,4,16,11,3,"ح,ط,ه",3,0,1,0,1,0,0,1,15,3.75,0.9375
56,24,جَزَآءًۢ بِمَا كَانُوا۟ يَعْمَلُونَ,4,18,10,2,"ء,ع",3,0,1,0,2,0,1,1,15,3.75,0.833333
68,40,سَلْهُمْ أَيُّهُم بِذَٰلِكَ زَعِيمٌ,4,16,15,4,"ذ,ع,ه",0,0,0,0,0,0,0,0,15,3.75,0.9375
75,20,كَلَّا بَلْ تُحِبُّونَ ٱلْعَاجِلَةَ,4,17,12,2,"ح,ع",3,0,1,0,0,0,0,0,15,3.75,0.882353
79,13,فَإِنَّمَا هِىَ زَجْرَةٌ وَٰحِدَةٌ,4,15,10,2,"ح,ه",3,0,1,0,2,0,1,1,15,3.75,1.0
79,15,هَلْ أَتَىٰكَ حَدِيثُ مُوسَىٰٓ,4,14,12,3,"ث,ح,ه",3,0,1,0,0,0,0,0,15,3.75,1.071429
83,28,عَيْنًا يَشْرَبُ بِهَا ٱلْمُقَرَّبُونَ,4,19,11,3,"ع,ق,ه",3,0,1,0,1,0,0,1,15,3.75,0.789474
85,20,وَٱللَّهُ مِن وَرَآئِهِم مُّحِيطٌۢ,4,17,12,4,"ح,ط,ه",3,0,1,0,0,0,0,0,15,3.75,0.882353
88,1,هَلْ أَتَىٰكَ حَدِيثُ ٱلْغَـٰشِيَةِ,4,16,15,4,"ث,ح,غ,ه",0,0,0,0,0,0,0,0,15,3.75,0.9375
89,20,وَتُحِبُّونَ ٱلْمَالَ حُبًّا جَمًّا,4,17,11,2,ح,3,0,1,0,1,0,0,1,15,3.75,0.882353
90,12,وَمَآ أَدْرَىٰكَ مَا ٱلْعَقَبَةُ,4,16,9,2,"ع,ق",6,0,2,0,0,0,0,0,15,3.75,0.9375
93,11,وَأَمَّا بِنِعْمَةِ رَبِّكَ فَحَدِّثْ,4,16,15,3,"ث,ح,ع",0,0,0,0,0,0,0,0,15,3.75,0.9375
99,1,إِذَا زُلْزِلَتِ ٱلْأَرْضُ زِلْزَالَهَا,4,20,15,3,"ذ,ض,ه",0,0,0,0,0,0,0,0,15,3.75,0.75
101,5,وَتَكُونُ ٱلْجِبَالُ كَٱلْعِهْنِ ٱلْمَنفُوشِ,4,24,12,2,"ع,ه",3,0,1,0,0,0,0,0,15,3.75,0.625
101,6,فَأَمَّا مَن ثَقُلَتْ مَوَٰزِينُهُۥ,4,16,10,3,"ث,ق,ه",5,1,1,0,0,0,0,0,15,3.75,0.9375
104,3,يَحْسَبُ أَنَّ مَالَهُۥٓ أَخْلَدَهُۥ,4,15,15,4,"ح,خ,ه",0,0,0,0,0,0,0,0,15,3.75,1.0
112,1,قُلْ هُوَ ٱللَّهُ أَحَدٌ,4,11,12,4,"ح,ق,ه",3,0,1,0,0,0,0,0,15,3.75,1.363636
113,1,قُلْ أَعُوذُ بِرَبِّ ٱلْفَلَقِ,4,14,15,4,"ذ,ع,ق",0,0,0,0,0,0,0,0,15,3.75,1.071429
114,1,قُلْ أَعُوذُ بِرَبِّ ٱلنَّاسِ,4,14,12,3,"ذ,ع,ق",3,0,1,0,0,0,0,0,15,3.75,1.071429
3,16,ٱلَّذِينَ يَقُولُونَ رَبَّنَآ إِنَّنَآ ءَامَنَّا فَٱغْفِرْ لَنَا ذُنُوبَنَا وَقِنَا عَذَابَ ٱلنَّارِ,11,51,27,8,"ء,ذ,ع,غ,ق",14,1,4,0,0,0,0,0,41,3.727273,0.803922
17,6,ثُمَّ رَدَدْنَا لَكُمُ ٱلْكَرَّةَ عَلَيْهِمْ وَأَمْدَدْنَـٰكُم بِأَمْوَٰلٍ وَبَنِينَ وَجَعَلْنَـٰكُمْ أَكْثَرَ نَفِيرًا,11,54,25,5,"ث,ع,ه",15,0,5,0,1,0,0,1,41,3.727273,0.759259
18,61,فَلَمَّا بَلَغَا مَجْمَعَ بَيْنِهِمَا نَسِيَا حُوتَهُمَا فَٱتَّخَذَ سَبِيلَهُۥ فِى ٱلْبَحْرِ سَرَبًا,11,49,39,9,"ح,خ,ذ,ع,غ,ه",2,1,0,0,0,0,0,0,41,3.727273,0.836735
40,39,يَـٰقَوْمِ إِنَّمَا هَـٰذِهِ ٱلْحَيَوٰةُ ٱلدُّنْيَا مَتَـٰعٌ وَإِنَّ ٱلْـَٔاخِرَةَ هِىَ دَارُ ٱلْقَرَارِ,11,46,30,9,"ح,خ,ذ,ع,ق,ه",7,2,1,0,4,0,3,1,41,3.727273,0.891304
43,53,فَلَوْلَآ أُلْقِىَ عَلَيْهِ أَسْوِرَةٌ مِّن ذَهَبٍ أَوْ جَآءَ مَعَهُ ٱلْمَلَـٰٓئِكَةُ مُقْتَرِنِينَ,11,45,31,9,"ء,ذ,ع,ق,ه",8,1,2,0,2,0,1,1,41,3.727273,0.911111
59,17,فَكَانَ عَـٰقِبَتَهُمَآ أَنَّهُمَا فِى ٱلنَّارِ خَـٰلِدَيْنِ فِيهَا ۚ وَذَٰلِكَ جَزَٰٓؤُا۟ ٱلظَّـٰلِمِينَ,11,47,33,8,"خ,ذ,ظ,ع,ق,ه",6,0,2,0,2,1,1,0,41,3.727273,0.87234
7,192,وَلَا يَسْتَطِيعُونَ لَهُمْ نَصْرًا وَلَآ أَنفُسَهُمْ يَنصُرُونَ,7,33,21,6,"ص,ط,ع,ه",4,0,1,1,1,0,0,1,26,3.714286,0.787879
15,9,إِنَّا نَحْنُ نَزَّلْنَا ٱلذِّكْرَ وَإِنَّا لَهُۥ لَحَـٰفِظُونَ,7,28,22,5,"ح,ذ,ظ,ه",3,0,1,0,1,1,0,0,26,3.714286,0.928571
23,118,وَقُل رَّبِّ ٱغْفِرْ وَٱرْحَمْ وَأَنتَ خَيْرُ ٱلرَّٰحِمِينَ,7,28,22,5,"ح,خ,غ,ق",3,0,1,0,1,0,1,0,26,3.714286,0.928571
26,106,إِذْ قَالَ لَهُمْ أَخُوهُمْ نُوحٌ أَلَا تَتَّقُونَ,7,24,23,7,"ح,خ,ذ,ق,ه",3,0,1,0,0,0,0,0,26,3.714286,1.083333
29,66,لِيَكْفُرُوا۟ بِمَآ ءَاتَيْنَـٰهُمْ وَلِيَتَمَتَّعُوا۟ ۖ فَسَوْفَ يَعْلَمُونَ,7,36,19,4,"ء,ع,ه",6,0,2,0,1,0,1,0,26,3.714286,0.722222
33,45,يَـٰٓأَيُّهَا ٱلنَّبِىُّ إِنَّآ أَرْسَلْنَـٰكَ شَـٰهِدًا وَمُبَشِّرًا وَنَذِيرًا,7,35,11,3,"ذ,ه",12,0,4,0,3,0,1,2,26,3.714286,0.742857
37,19,فَإِنَّمَا هِىَ زَجْرَةٌ وَٰحِدَةٌ فَإِذَا هُمْ يَنظُرُونَ,7,27,20,5,"ح,ذ,ظ,ه",3,0,1,0,3,0,1,2,26,3.714286,0.962963
76,10,إِنَّا نَخَافُ مِن رَّبِّنَا يَوْمًا عَبُوسًا قَمْطَرِيرًا,7,29,18,4,"خ,ط,ع,ق",6,0,2,0,2,0,0,2,26,3.714286,0.896552
100,9,أَفَلَا يَعْلَمُ إِذَا بُعْثِرَ مَا فِى ٱلْقُبُورِ,7,25,21,5,"ث,ذ,ع,ق",5,1,1,0,0,0,0,0,26,3.714286,1.04
7,197,وَٱلَّذِينَ تَدْعُونَ مِن دُونِهِۦ لَا يَسْتَطِيعُونَ نَصْرَكُمْ وَلَآ أَنفُسَهُمْ يَنصُرُونَ,10,47,30,8,"ذ,ص,ط,ع,ه",7,0,2,1,0,0,0,0,37,3.7,0.787234
9,21,يُبَشِّرُهُمْ رَبُّهُم بِرَحْمَةٍ مِّنْهُ وَرِضْوَٰنٍ وَجَنَّـٰتٍ لَّهُمْ فِيهَا نَعِيمٌ مُّقِيمٌ,10,42,32,9,"ح,ض,ع,ق,ه",0,0,0,0,5,0,1,4,37,3.7,0.880952
11,99,وَأُتْبِعُوا۟ فِى هَـٰذِهِۦ لَعْنَةً وَيَوْمَ ٱلْقِيَـٰمَةِ ۚ بِئْسَ ٱلرِّفْدُ ٱلْمَرْفُودُ,10,41,24,6,"ذ,ع,ق,ه",10,2,2,0,3,0,2,1,37,3.7,0.902439
18,9,أَمْ حَسِبْتَ أَنَّ أَصْحَـٰبَ ٱلْكَهْفِ وَٱلرَّقِيمِ كَانُوا۟ مِنْ ءَايَـٰتِنَا عَجَبًا,10,41,30,7,"ء,ح,ص,ع,ق,ه",5,1,1,0,2,0,1,1,37,3.7,0.902439
23,72,أَمْ تَسْـَٔلُهُمْ خَرْجًا فَخَرَاجُ رَبِّكَ خَيْرٌ ۖ وَهُوَ خَيْرُ ٱلرَّٰزِقِينَ,10,35,33,7,"خ,ق,ه",3,0,1,0,1,0,0,1,37,3.7,1.057143
36,20,وَجَآءَ مِنْ أَقْصَا ٱلْمَدِينَةِ رَجُلٌ يَسْعَىٰ قَالَ يَـٰقَوْمِ ٱتَّبِعُوا۟ ٱلْمُرْسَلِينَ,10,45,28,7,"ء,ص,ع,ق",5,1,1,0,4,0,3,1,37,3.7,0.822222
38,15,وَمَا يَنظُرُ هَـٰٓؤُلَآءِ إِلَّا صَيْحَةً وَٰحِدَةً مَّا لَهَا مِن فَوَاقٍ,10,34,27,8,"ء,ح,ص,ظ,ق,ه",6,0,2,0,4,0,2,2,37,3.7,1.088235
42,3,كَذَٰلِكَ يُوحِىٓ إِلَيْكَ وَإِلَى ٱلَّذِينَ مِن قَبْلِكَ ٱللَّهُ ٱلْعَزِيزُ ٱلْحَكِيمُ,10,43,33,7,"ح,ذ,ع,ق,ه",3,0,1,0,1,0,1,0,37,3.7,0.860465
42,19,ٱللَّهُ لَطِيفٌۢ بِعِبَادِهِۦ يَرْزُقُ مَن يَشَآءُ ۖ وَهُوَ ٱلْقَوِىُّ ٱلْعَزِيزُ,10,38,32,9,"ء,ط,ع,ق,ه",3,0,1,0,2,0,1,1,37,3.7,0.973684
50,9,وَنَزَّلْنَا مِنَ ٱلسَّمَآءِ مَآءً مُّبَـٰرَكًا فَأَنۢبَتْنَا بِهِۦ جَنَّـٰتٍ وَحَبَّ ٱلْحَصِيدِ,10,43,24,6,"ء,ح,ص,ه",8,1,2,0,5,0,2,3,37,3.7,0.860465
50,27,قَالَ قَرِينُهُۥ رَبَّنَا مَآ أَطْغَيْتُهُۥ وَلَـٰكِن كَانَ فِى ضَلَـٰلٍۭ بَعِيدٍ,10,36,30,8,"ض,ط,ع,غ,ق,ه",5,1,1,0,2,0,1,1,37,3.7,1.027778
57,1,سَبَّحَ لِلَّهِ مَا فِى ٱلسَّمَـٰوَٰتِ وَٱلْأَرْضِ ۖ وَهُوَ ٱلْعَزِيزُ ٱلْحَكِيمُ,10,37,31,6,"ح,ض,ع,ه",6,0,2,0,0,0,0,0,37,3.7,1.0
6,113,وَلِتَصْغَىٰٓ إِلَيْهِ أَفْـِٔدَةُ ٱلَّذِينَ لَا يُؤْمِنُونَ بِٱلْـَٔاخِرَةِ وَلِيَرْضَوْهُ وَلِيَقْتَرِفُوا۟ مَا هُم مُّقْتَرِفُونَ,12,61,35,10,"خ,ذ,ص,ض,غ,ق,ه",8,1,2,0,1,0,1,0,44,3.666667,0.721311
10,109,وَٱتَّبِعْ مَا يُوحَىٰٓ إِلَيْكَ وَٱصْبِرْ حَتَّىٰ يَحْكُمَ ٱللَّهُ ۚ وَهُوَ خَيْرُ ٱلْحَـٰكِمِينَ,12,44,40,9,"ح,خ,ص,ع,ه",3,0,1,0,1,0,1,0,44,3.666667,1.0
18,65,فَوَجَدَا عَبْدًا مِّنْ عِبَادِنَآ ءَاتَيْنَـٰهُ رَحْمَةً مِّنْ عِندِنَا وَعَلَّمْنَـٰهُ مِن لَّدُنَّا عِلْمًا,12,50,38,9,"ء,ح,ع,ه",0,0,0,0,6,0,2,4,44,3.666667,0.88
19,38,أَسْمِعْ بِهِمْ وَأَبْصِرْ يَوْمَ يَأْتُونَنَا ۖ لَـٰكِنِ ٱلظَّـٰلِمُونَ ٱلْيَوْمَ فِى ضَلَـٰلٍ مُّبِينٍ,12,46,23,5,"ص,ض,ظ,ع,ه",18,0,6,0,3,1,1,1,44,3.666667,0.956522
22,77,يَـٰٓأَيُّهَا ٱلَّذِينَ ءَامَنُوا۟ ٱرْكَعُوا۟ وَٱسْجُدُوا۟ وَٱعْبُدُوا۟ رَبَّكُمْ وَٱفْعَلُوا۟ ٱلْخَيْرَ لَعَلَّكُمْ تُفْلِحُونَ ۩,12,63,44,9,"ء,ح,خ,ذ,ع,ه",0,0,0,0,0,0,0,0,44,3.666667,0.698413
25,65,وَٱلَّذِينَ يَقُولُونَ رَبَّنَا ٱصْرِفْ عَنَّا عَذَابَ جَهَنَّمَ ۖ إِنَّ عَذَابَهَا كَانَ غَرَامًا,12,47,40,11,"ذ,ص,ع,غ,ق,ه",4,2,0,0,0,0,0,0,44,3.666667,0.93617
43,65,فَٱخْتَلَفَ ٱلْأَحْزَابُ مِنۢ بَيْنِهِمْ ۖ فَوَيْلٌ لِّلَّذِينَ ظَلَمُوا۟ مِنْ عَذَابِ يَوْمٍ أَلِيمٍ,12,47,31,7,"ح,خ,ذ,ظ,ع,ه",11,1,3,0,2,0,0,2,44,3.666667,0.93617
62,1,يُسَبِّحُ لِلَّهِ مَا فِى ٱلسَّمَـٰوَٰتِ وَمَا فِى ٱلْأَرْضِ ٱلْمَلِكِ ٱلْقُدُّوسِ ٱلْعَزِيزِ ٱلْحَكِيمِ,12,50,35,6,"ح,ض,ع,ق,ه",9,0,3,0,0,0,0,0,44,3.666667,0.88
2,45,وَٱسْتَعِينُوا۟ بِٱلصَّبْرِ وَٱلصَّلَوٰةِ ۚ وَإِنَّهَا لَكَبِيرَةٌ إِلَّا عَلَى ٱلْخَـٰشِعِينَ,9,46,31,7,"خ,ص,ع,ه",0,0,0,0,2,2,0,0,33,3.666667,0.717391
3,87,أُو۟لَـٰٓئِكَ جَزَآؤُهُمْ أَنَّ عَلَيْهِمْ لَعْنَةَ ٱللَّهِ وَٱلْمَلَـٰٓئِكَةِ وَٱلنَّاسِ أَجْمَعِينَ,9,46,27,6,"ع,ه",6,0,2,0,0,0,0,0,33,3.666667,0.717391
4,96,دَرَجَـٰتٍ مِّنْهُ وَمَغْفِرَةً وَرَحْمَةً ۚ وَكَانَ ٱللَّهُ غَفُورًا رَّحِيمًا,9,36,24,6,"ح,غ,ه",6,0,2,0,3,0,0,3,33,3.666667,0.916667
6,29,وَقَالُوٓا۟ إِنْ هِىَ إِلَّا حَيَاتُنَا ٱلدُّنْيَا وَمَا نَحْنُ بِمَبْعُوثِينَ,9,39,23,6,"ث,ح,ع,ق,ه",9,0,3,0,1,0,0,1,33,3.666667,0.846154
7,60,قَالَ ٱلْمَلَأُ مِن قَوْمِهِۦٓ إِنَّا لَنَرَىٰكَ فِى ضَلَـٰلٍ مُّبِينٍ,9,31,16,4,"ض,ق,ه",15,0,5,0,2,0,1,1,33,3.666667,1.064516
17,11,وَيَدْعُ ٱلْإِنسَـٰنُ بِٱلشَّرِّ دُعَآءَهُۥ بِٱلْخَيْرِ ۖ وَكَانَ ٱلْإِنسَـٰنُ عَجُولًا,9,41,29,6,"ء,خ,ع,ه",3,0,1,0,1,0,1,0,33,3.666667,0.804878
18,106,ذَٰلِكَ جَزَآؤُهُمْ جَهَنَّمُ بِمَا كَفَرُوا۟ وَٱتَّخَذُوٓا۟ ءَايَـٰتِى وَرُسُلِى هُزُوًا,9,42,27,7,"ء,خ,ذ,ه",5,1,1,0,1,0,1,0,33,3.666667,0.785714
25,1,تَبَارَكَ ٱلَّذِى نَزَّلَ ٱلْفُرْقَانَ عَلَىٰ عَبْدِهِۦ لِيَكُونَ لِلْعَـٰلَمِينَ نَذِيرًا,9,43,30,7,"ذ,ع,ق,ه",3,0,1,0,0,0,0,0,33,3.666667,0.767442
36,43,وَإِن نَّشَأْ نُغْرِقْهُمْ فَلَا صَرِيخَ لَهُمْ وَلَا هُمْ يُنقَذُونَ,9,33,28,9,"خ,ذ,ص,غ,ق,ه",5,1,1,0,0,0,0,0,33,3.666667,1.0
7,6,فَلَنَسْـَٔلَنَّ ٱلَّذِينَ أُرْسِلَ إِلَيْهِمْ وَلَنَسْـَٔلَنَّ ٱلْمُرْسَلِينَ,6,34,10,2,"ذ,ه",12,0,4,0,0,0,0,0,22,3.666667,0.647059
16,19,وَٱللَّهُ يَعْلَمُ مَا تُسِرُّونَ وَمَا تُعْلِنُونَ,6,25,13,3,"ع,ه",9,0,3,0,0,0,0,0,22,3.666667,0.88
19,14,وَبَرًّۢا بِوَٰلِدَيْهِ وَلَمْ يَكُن جَبَّارًا عَصِيًّا,6,25,12,3,"ص,ع,ه",8,1,2,0,2,0,0,2,22,3.666667,0.88
19,85,يَوْمَ نَحْشُرُ ٱلْمُتَّقِينَ إِلَى ٱلرَّحْمَـٰنِ وَفْدًا,6,27,15,3,"ح,ق",6,0,2,0,1,0,1,0,22,3.666667,0.814815
23,42,ثُمَّ أَنشَأْنَا مِنۢ بَعْدِهِمْ قُرُونًا ءَاخَرِينَ,6,26,21,6,"ء,ث,خ,ع,ق,ه",0,0,0,0,1,0,0,1,22,3.666667,0.846154
23,49,وَلَقَدْ ءَاتَيْنَا مُوسَى ٱلْكِتَـٰبَ لَعَلَّهُمْ يَهْتَدُونَ,6,30,16,5,"ء,ع,ق,ه",6,0,2,0,0,0,0,0,22,3.666667,0.733333
23,94,رَبِّ فَلَا تَجْعَلْنِى فِى ٱلْقَوْمِ ٱلظَّـٰلِمِينَ,6,25,15,3,"ظ,ع,ق",6,0,2,0,1,1,0,0,22,3.666667,0.88
26,199,فَقَرَأَهُۥ عَلَيْهِم مَّا كَانُوا۟ بِهِۦ مُؤْمِنِينَ,6,25,16,5,"ع,ق,ه",6,0,2,0,0,0,0,0,22,3.666667,0.88
29,30,قَالَ رَبِّ ٱنصُرْنِى عَلَى ٱلْقَوْمِ ٱلْمُفْسِدِينَ,6,27,16,4,"ص,ع,ق",6,0,2,0,0,0,0,0,22,3.666667,0.814815
36,32,وَإِن كُلٌّ لَّمَّا جَمِيعٌ لَّدَيْنَا مُحْضَرُونَ,6,23,18,3,"ح,ض,ع",2,1,0,0,2,0,0,2,22,3.666667,0.956522
37,180,سُبْحَـٰنَ رَبِّكَ رَبِّ ٱلْعِزَّةِ عَمَّا يَصِفُونَ,6,22,22,4,"ح,ص,ع",0,0,0,0,0,0,0,0,22,3.666667,1.0
38,55,هَـٰذَا ۚ وَإِنَّ لِلطَّـٰغِينَ لَشَرَّ مَـَٔابٍ,6,18,12,4,"ذ,ط,غ,ه",7,2,1,0,3,1,2,0,22,3.666667,1.222222
40,32,وَيَـٰقَوْمِ إِنِّىٓ أَخَافُ عَلَيْكُمْ يَوْمَ ٱلتَّنَادِ,6,26,15,3,"خ,ع,ق",6,0,2,0,1,0,1,0,22,3.666667,0.846154
42,32,وَمِنْ ءَايَـٰتِهِ ٱلْجَوَارِ فِى ٱلْبَحْرِ كَٱلْأَعْلَـٰمِ,6,28,17,4,"ء,ح,ع,ه",3,0,1,0,2,0,1,1,22,3.666667,0.785714
51,24,هَلْ أَتَىٰكَ حَدِيثُ ضَيْفِ إِبْرَٰهِيمَ ٱلْمُكْرَمِينَ,6,27,21,5,"ث,ح,ض,ه",0,0,0,0,1,0,1,0,22,3.666667,0.814815
52,34,فَلْيَأْتُوا۟ بِحَدِيثٍ مِّثْلِهِۦٓ إِن كَانُوا۟ صَـٰدِقِينَ,6,28,21,6,"ث,ح,ص,ق,ه",0,0,0,0,1,0,0,1,22,3.666667,0.785714
55,37,فَإِذَا ٱنشَقَّتِ ٱلسَّمَآءُ فَكَانَتْ وَرْدَةً كَٱلدِّهَانِ,6,31,16,4,"ء,ذ,ق,ه",3,0,1,0,3,1,1,1,22,3.666667,0.709677
56,70,لَوْ نَشَآءُ جَعَلْنَـٰهُ أُجَاجًا فَلَوْلَا تَشْكُرُونَ,6,27,16,3,"ء,ع,ه",3,0,1,0,3,0,2,1,22,3.666667,0.814815
68,34,إِنَّ لِلْمُتَّقِينَ عِندَ رَبِّهِمْ جَنَّـٰتِ ٱلنَّعِيمِ,6,25,16,4,"ع,ق,ه",6,0,2,0,0,0,0,0,22,3.666667,0.88
69,33,إِنَّهُۥ كَانَ لَا يُؤْمِنُ بِٱللَّهِ ٱلْعَظِيمِ,6,23,14,4,"ظ,ع,ه",8,1,2,0,0,0,0,0,22,3.666667,0.956522
69,47,فَمَا مِنكُم مِّنْ أَحَدٍ عَنْهُ حَـٰجِزِينَ,6,20,21,4,"ح,ع,ه",0,0,0,0,1,0,0,1,22,3.666667,1.1
81,20,ذِى قُوَّةٍ عِندَ ذِى ٱلْعَرْشِ مَكِينٍ,6,19,21,5,"ذ,ع,ق",0,0,0,0,1,0,0,1,22,3.666667,1.157895
85,7,وَهُمْ عَلَىٰ مَا يَفْعَلُونَ بِٱلْمُؤْمِنِينَ شُهُودٌ,6,27,16,4,"ع,ه",6,0,2,0,0,0,0,0,22,3.666667,0.814815
95,4,لَقَدْ خَلَقْنَا ٱلْإِنسَـٰنَ فِىٓ أَحْسَنِ تَقْوِيمٍ,6,25,22,5,"ح,خ,ق",0,0,0,0,0,0,0,0,22,3.666667,0.88
11,19,ٱلَّذِينَ يَصُدُّونَ عَن سَبِيلِ ٱللَّهِ وَيَبْغُونَهَا عِوَجًا وَهُم بِٱلْـَٔاخِرَةِ هُمْ كَـٰفِرُونَ,11,49,36,10,"خ,ذ,ص,ع,غ,ه",3,0,1,0,1,0,0,1,40,3.636364,0.816327
21,52,إِذْ قَالَ لِأَبِيهِ وَقَوْمِهِۦ مَا هَـٰذِهِ ٱلتَّمَاثِيلُ ٱلَّتِىٓ أَنتُمْ لَهَا عَـٰكِفُونَ,11,44,32,11,"ث,ذ,ع,ق,ه",7,2,1,0,1,0,1,0,40,3.636364,0.909091
21,80,وَعَلَّمْنَـٰهُ صَنْعَةَ لَبُوسٍ لَّكُمْ لِتُحْصِنَكُم مِّنۢ بَأْسِكُمْ ۖ فَهَلْ أَنتُمْ شَـٰكِرُونَ,11,43,33,7,"ح,ص,ع,ه",5,1,1,0,2,0,1,1,40,3.636364,0.930233
27,89,مَن جَآءَ بِٱلْحَسَنَةِ فَلَهُۥ خَيْرٌ مِّنْهَا وَهُم مِّن فَزَعٍ يَوْمَئِذٍ ءَامِنُونَ,11,41,33,9,"ء,ح,خ,ذ,ع,ه",3,0,1,0,4,0,1,3,40,3.636364,0.97561
30,60,فَٱصْبِرْ إِنَّ وَعْدَ ٱللَّهِ حَقٌّ ۖ وَلَا يَسْتَخِفَّنَّكَ ٱلَّذِينَ لَا يُوقِنُونَ,11,39,33,8,"ح,خ,ذ,ص,ع,ق,ه",6,0,2,0,1,1,0,0,40,3.636364,1.025641
36,65,ٱلْيَوْمَ نَخْتِمُ عَلَىٰٓ أَفْوَٰهِهِمْ وَتُكَلِّمُنَآ أَيْدِيهِمْ وَتَشْهَدُ أَرْجُلُهُم بِمَا كَانُوا۟ يَكْسِبُونَ,11,56,27,7,"خ,ع,ه",12,0,4,0,1,0,1,0,40,3.636364,0.714286
49,18,إِنَّ ٱللَّهَ يَعْلَمُ غَيْبَ ٱلسَّمَـٰوَٰتِ وَٱلْأَرْضِ ۚ وَٱللَّهُ بَصِيرٌۢ بِمَا تَعْمَلُونَ,11,43,27,7,"ص,ض,ع,غ,ه",12,0,4,0,1,0,0,1,40,3.636364,0.930233
67,10,وَقَالُوا۟ لَوْ كُنَّا نَسْمَعُ أَوْ نَعْقِلُ مَا كُنَّا فِىٓ أَصْحَـٰبِ ٱلسَّعِيرِ,11,38,34,7,"ح,ص,ع,ق",5,1,1,0,1,0,1,0,40,3.636364,1.052632
12,97,قَالُوا۟ يَـٰٓأَبَانَا ٱسْتَغْفِرْ لَنَا ذُنُوبَنَآ إِنَّا كُنَّا خَـٰطِـِٔينَ,8,36,20,5,"خ,ذ,ط,غ,ق",8,1,2,0,1,0,1,0,29,3.625,0.805556
15,3,ذَرْهُمْ يَأْكُلُوا۟ وَيَتَمَتَّعُوا۟ وَيُلْهِهِمُ ٱلْأَمَلُ ۖ فَسَوْفَ يَعْلَمُونَ,8,39,23,6,"ذ,ع,ه",6,0,2,0,0,0,0,0,29,3.625,0.74359
15,15,لَقَالُوٓا۟ إِنَّمَا سُكِّرَتْ أَبْصَـٰرُنَا بَلْ نَحْنُ قَوْمٌ مَّسْحُورُونَ,8,35,22,5,"ح,ص,ق",6,0,2,0,1,0,0,1,29,3.625,0.828571
15,20,وَجَعَلْنَا لَكُمْ فِيهَا مَعَـٰيِشَ وَمَن لَّسْتُمْ لَهُۥ بِرَٰزِقِينَ,8,32,23,5,"ع,ق,ه",6,0,2,0,0,0,0,0,29,3.625,0.90625
19,81,وَٱتَّخَذُوا۟ مِن دُونِ ٱللَّهِ ءَالِهَةً لِّيَكُونُوا۟ لَهُمْ عِزًّا,8,34,23,7,"ء,خ,ذ,ع,ه",5,1,1,0,1,0,0,1,29,3.625,0.852941
25,33,وَلَا يَأْتُونَكَ بِمَثَلٍ إِلَّا جِئْنَـٰكَ بِٱلْحَقِّ وَأَحْسَنَ تَفْسِيرًا,8,36,22,4,"ث,ح,ق",6,0,2,0,1,1,0,0,29,3.625,0.805556
26,61,فَلَمَّا تَرَٰٓءَا ٱلْجَمْعَانِ قَالَ أَصْحَـٰبُ مُوسَىٰٓ إِنَّا لَمُدْرَكُونَ,8,36,22,5,"ء,ح,ص,ع,ق",5,1,1,0,2,0,2,0,29,3.625,0.805556
33,67,وَقَالُوا۟ رَبَّنَآ إِنَّآ أَطَعْنَا سَادَتَنَا وَكُبَرَآءَنَا فَأَضَلُّونَا ٱلسَّبِيلَا۠,8,46,23,5,"ء,ض,ط,ع,ق",5,1,1,0,1,0,1,0,29,3.625,0.630435
40,38,وَقَالَ ٱلَّذِىٓ ءَامَنَ يَـٰقَوْمِ ٱتَّبِعُونِ أَهْدِكُمْ سَبِيلَ ٱلرَّشَادِ,8,37,21,6,"ء,ذ,ع,ق,ه",6,0,2,0,2,0,2,0,29,3.625,0.783784
43,60,وَلَوْ نَشَآءُ لَجَعَلْنَا مِنكُم مَّلَـٰٓئِكَةً فِى ٱلْأَرْضِ يَخْلُفُونَ,8,35,24,4,"ء,خ,ض,ع",3,0,1,0,2,0,1,1,29,3.625,0.828571
47,31,وَلَنَبْلُوَنَّكُمْ حَتَّىٰ نَعْلَمَ ٱلْمُجَـٰهِدِينَ مِنكُمْ وَٱلصَّـٰبِرِينَ وَنَبْلُوَا۟ أَخْبَارَكُمْ,8,49,24,5,"ح,خ,ص,ع,ه",3,0,1,0,2,1,1,0,29,3.625,0.591837
51,38,وَفِى مُوسَىٰٓ إِذْ أَرْسَلْنَـٰهُ إِلَىٰ فِرْعَوْنَ بِسُلْطَـٰنٍ مُّبِينٍ,8,32,18,4,"ذ,ط,ع,ه",9,0,3,0,2,0,1,1,29,3.625,0.90625
2,163,وَإِلَـٰهُكُمْ إِلَـٰهٌ وَٰحِدٌ ۖ لَّآ إِلَـٰهَ إِلَّا هُوَ ٱلرَّحْمَـٰنُ ٱلرَّحِيمُ,10,34,24,7,"ح,ه",6,0,2,0,6,0,5,1,36,3.6,1.058824
3,200,يَـٰٓأَيُّهَا ٱلَّذِينَ ءَامَنُوا۟ ٱصْبِرُوا۟ وَصَابِرُوا۟ وَرَابِطُوا۟ وَٱتَّقُوا۟ ٱللَّهَ لَعَلَّكُمْ تُفْلِحُونَ,10,57,33,10,"ء,ح,ذ,ص,ط,ع,ق,ه",3,0,1,0,0,0,0,0,36,3.6,0.631579
7,170,وَٱلَّذِينَ يُمَسِّكُونَ بِٱلْكِتَـٰبِ وَأَقَامُوا۟ ٱلصَّلَوٰةَ إِنَّا لَا نُضِيعُ أَجْرَ ٱلْمُصْلِحِينَ,10,51,32,7,"ح,ذ,ص,ض,ع,ق",3,0,1,0,1,1,0,0,36,3.6,0.705882
12,22,وَلَمَّا بَلَغَ أَشُدَّهُۥٓ ءَاتَيْنَـٰهُ حُكْمًا وَعِلْمًا ۚ وَكَذَٰلِكَ نَجْزِى ٱلْمُحْسِنِينَ,10,43,34,8,"ء,ح,ذ,ع,غ,ه",0,0,0,0,2,0,1,1,36,3.6,0.837209
15,47,وَنَزَعْنَا مَا فِى صُدُورِهِم مِّنْ غِلٍّ إِخْوَٰنًا عَلَىٰ سُرُرٍ مُّتَقَـٰبِلِينَ,10,38,29,7,"خ,ص,ع,غ,ق,ه",3,0,1,0,4,0,1,3,36,3.6,0.947368
16,8,وَٱلْخَيْلَ وَٱلْبِغَالَ وَٱلْحَمِيرَ لِتَرْكَبُوهَا وَزِينَةً ۚ وَيَخْلُقُ مَا لَا تَعْلَمُونَ,10,48,30,7,"ح,خ,ع,غ,ق,ه",6,0,2,0,0,0,0,0,36,3.6,0.75
17,63,قَالَ ٱذْهَبْ فَمَن تَبِعَكَ مِنْهُمْ فَإِنَّ جَهَنَّمَ جَزَآؤُكُمْ جَزَآءً مَّوْفُورًا,10,41,29,7,"ء,ذ,ع,ق,ه",5,1,1,0,2,0,1,1,36,3.6,0.878049
19,44,يَـٰٓأَبَتِ لَا تَعْبُدِ ٱلشَّيْطَـٰنَ ۖ إِنَّ ٱلشَّيْطَـٰنَ كَانَ لِلرَّحْمَـٰنِ عَصِيًّا,10,37,27,6,"ح,ص,ط,ع",8,1,2,0,1,0,1,0,36,3.6,0.972973
21,40,بَلْ تَأْتِيهِم بَغْتَةً فَتَبْهَتُهُمْ فَلَا يَسْتَطِيعُونَ رَدَّهَا وَلَا هُمْ يُنظَرُونَ,10,45,28,9,"ط,ظ,ع,غ,ه",7,0,2,1,1,0,0,1,36,3.6,0.8
27,5,أُو۟لَـٰٓئِكَ ٱلَّذِينَ لَهُمْ سُوٓءُ ٱلْعَذَابِ وَهُمْ فِى ٱلْـَٔاخِرَةِ هُمُ ٱلْأَخْسَرُونَ,10,43,33,9,"ء,خ,ذ,ع,ه",2,1,0,0,1,0,1,0,36,3.6,0.837209
43,64,إِنَّ ٱللَّهَ هُوَ رَبِّى وَرَبُّكُمْ فَٱعْبُدُوهُ ۚ هَـٰذَا صِرَٰطٌ مُّسْتَقِيمٌ,10,35,28,9,"ذ,ص,ط,ع,ق,ه",5,1,1,0,3,0,2,1,36,3.6,1.028571
78,39,ذَٰلِكَ ٱلْيَوْمُ ٱلْحَقُّ ۖ فَمَن شَآءَ ٱتَّخَذَ إِلَىٰ رَبِّهِۦ مَـَٔابًا,10,32,26,7,"ء,ح,خ,ذ,ق,ه",8,1,2,0,2,1,1,0,36,3.6,1.125
11,104,وَمَا نُؤَخِّرُهُۥٓ إِلَّا لِأَجَلٍ مَّعْدُودٍ,5,20,13,3,"خ,ع,ه",3,0,1,0,2,1,0,1,18,3.6,0.9
15,57,قَالَ فَمَا خَطْبُكُمْ أَيُّهَا ٱلْمُرْسَلُونَ,5,23,16,4,"خ,ط,ق,ه",2,1,0,0,0,0,0,0,18,3.6,0.782609
26,9,وَإِنَّ رَبَّكَ لَهُوَ ٱلْعَزِيزُ ٱلرَّحِيمُ,5,21,15,3,"ح,ع,ه",3,0,1,0,0,0,0,0,18,3.6,0.857143
26,39,وَقِيلَ لِلنَّاسِ هَلْ أَنتُم مُّجْتَمِعُونَ,5,22,12,3,"ع,ق,ه",6,0,2,0,0,0,0,0,18,3.6,0.818182
26,128,أَتَبْنُونَ بِكُلِّ رِيعٍ ءَايَةً تَعْبَثُونَ,5,22,16,4,"ء,ث,ع",0,0,0,0,2,0,0,2,18,3.6,0.818182
26,137,إِنْ هَـٰذَآ إِلَّا خُلُقُ ٱلْأَوَّلِينَ,5,18,13,4,"خ,ذ,ق,ه",2,1,0,0,3,0,2,1,18,3.6,1.0
26,200,كَذَٰلِكَ سَلَكْنَـٰهُ فِى قُلُوبِ ٱلْمُجْرِمِينَ,5,23,14,3,"ذ,ق,ه",3,0,1,0,1,0,1,0,18,3.6,0.782609
26,202,فَيَأْتِيَهُم بَغْتَةً وَهُمْ لَا يَشْعُرُونَ,5,22,14,4,"ع,غ,ه",3,0,1,0,1,0,0,1,18,3.6,0.818182
26,206,ثُمَّ جَآءَهُم مَّا كَانُوا۟ يُوعَدُونَ,5,20,14,4,"ء,ث,ع,ه",3,0,1,0,1,0,1,0,18,3.6,0.9
37,71,وَلَقَدْ ضَلَّ قَبْلَهُمْ أَكْثَرُ ٱلْأَوَّلِينَ,5,22,18,5,"ث,ض,ق,ه",0,0,0,0,0,0,0,0,18,3.6,0.818182
37,146,وَأَنۢبَتْنَا عَلَيْهِ شَجَرَةً مِّن يَقْطِينٍ,5,22,15,4,"ط,ع,ق,ه",2,1,0,0,1,0,0,1,18,3.6,0.818182
44,40,إِنَّ يَوْمَ ٱلْفَصْلِ مِيقَـٰتُهُمْ أَجْمَعِينَ,5,22,15,4,"ص,ع,ق,ه",3,0,1,0,0,0,0,0,18,3.6,0.818182
51,22,وَفِى ٱلسَّمَآءِ رِزْقُكُمْ وَمَا تُوعَدُونَ,5,23,14,3,"ء,ع,ق",3,0,1,0,1,0,1,0,18,3.6,0.782609
53,35,أَعِندَهُۥ عِلْمُ ٱلْغَيْبِ فَهُوَ يَرَىٰٓ,5,19,18,5,"ع,غ,ه",0,0,0,0,0,0,0,0,18,3.6,0.947368
53,56,هَـٰذَا نَذِيرٌ مِّنَ ٱلنُّذُرِ ٱلْأُولَىٰٓ,5,20,11,4,"ذ,ه",5,1,1,0,2,0,1,1,18,3.6,0.9
54,44,أَمْ يَقُولُونَ نَحْنُ جَمِيعٌ مُّنتَصِرٌ,5,20,17,4,"ح,ص,ع,ق",0,0,0,0,1,0,0,1,18,3.6,0.9
68,52,وَمَا هُوَ إِلَّا ذِكْرٌ لِّلْعَـٰلَمِينَ,5,18,11,3,"ذ,ع,ه",6,0,2,0,1,0,0,1,18,3.6,1.0
70,23,ٱلَّذِينَ هُمْ عَلَىٰ صَلَاتِهِمْ دَآئِمُونَ,5,22,15,5,"ذ,ص,ع,ه",3,0,1,0,0,0,0,0,18,3.6,0.818182
70,28,إِنَّ عَذَابَ رَبِّهِمْ غَيْرُ مَأْمُونٍ,5,18,13,4,"ذ,ع,غ,ه",5,1,1,0,0,0,0,0,18,3.6,1.0
76,12,وَجَزَىٰهُم بِمَا صَبَرُوا۟ جَنَّةً وَحَرِيرًا,5,23,13,3,"ح,ص,ه",3,0,1,0,2,0,1,1,18,3.6,0.782609
77,41,إِنَّ ٱلْمُتَّقِينَ فِى ظِلَـٰلٍ وَعُيُونٍ,5,19,13,3,"ظ,ع,ق",3,0,1,0,2,0,1,1,18,3.6,0.947368
83,4,أَلَا يَظُنُّ أُو۟لَـٰٓئِكَ أَنَّهُم مَّبْعُوثُونَ,5,22,15,4,"ث,ظ,ع,ه",3,0,1,0,0,0,0,0,18,3.6,0.818182
107,5,ٱلَّذِينَ هُمْ عَن صَلَاتِهِمْ سَاهُونَ,5,20,18,6,"ذ,ص,ع,ه",0,0,0,0,0,0,0,0,18,3.6,0.9
2,98,مَن كَانَ عَدُوًّا لِّلَّهِ وَمَلَـٰٓئِكَتِهِۦ وَرُسُلِهِۦ وَجِبْرِيلَ وَمِيكَىٰلَ فَإِنَّ ٱللَّهَ عَدُوٌّ لِّلْكَـٰفِرِينَ,12,53,26,6,"ع,ه",15,0,5,0,2,0,0,2,43,3.583333,0.811321
2,138,صِبْغَةَ ٱللَّهِ ۖ وَمَنْ أَحْسَنُ مِنَ ٱللَّهِ صِبْغَةً ۖ وَنَحْنُ لَهُۥ عَـٰبِدُونَ,12,36,34,10,"ح,ص,ع,غ,ه",9,0,3,0,0,0,0,0,43,3.583333,1.194444
2,207,وَمِنَ ٱلنَّاسِ مَن يَشْرِى نَفْسَهُ ٱبْتِغَآءَ مَرْضَاتِ ٱللَّهِ ۗ وَٱللَّهُ رَءُوفٌۢ بِٱلْعِبَادِ,12,49,29,8,"ء,ض,ع,غ,ه",12,0,4,0,2,0,1,1,43,3.583333,0.877551
2,209,فَإِن زَلَلْتُم مِّنۢ بَعْدِ مَا جَآءَتْكُمُ ٱلْبَيِّنَـٰتُ فَٱعْلَمُوٓا۟ أَنَّ ٱللَّهَ عَزِيزٌ حَكِيمٌ,12,48,32,6,"ء,ح,ع,ه",9,0,3,0,2,0,1,1,43,3.583333,0.895833
5,65,وَلَوْ أَنَّ أَهْلَ ٱلْكِتَـٰبِ ءَامَنُوا۟ وَٱتَّقَوْا۟ لَكَفَّرْنَا عَنْهُمْ سَيِّـَٔاتِهِمْ وَلَأَدْخَلْنَـٰهُمْ جَنَّـٰتِ ٱلنَّعِيمِ,12,59,33,9,"ء,خ,ع,ق,ه",9,0,3,0,1,0,1,0,43,3.583333,0.728814
5,118,إِن تُعَذِّبْهُمْ فَإِنَّهُمْ عِبَادُكَ ۖ وَإِن تَغْفِرْ لَهُمْ فَإِنَّكَ أَنتَ ٱلْعَزِيزُ ٱلْحَكِيمُ,12,47,40,9,"ح,ذ,ع,غ,ه",2,1,0,0,1,1,0,0,43,3.583333,0.914894
17,45,وَإِذَا قَرَأْتَ ٱلْقُرْءَانَ جَعَلْنَا بَيْنَكَ وَبَيْنَ ٱلَّذِينَ لَا يُؤْمِنُونَ بِٱلْـَٔاخِرَةِ حِجَابًا مَّسْتُورًا,12,59,33,8,"ء,ح,خ,ذ,ع,ق",9,0,3,0,1,0,0,1,43,3.583333,0.728814
18,70,قَالَ فَإِنِ ٱتَّبَعْتَنِى فَلَا تَسْـَٔلْنِى عَن شَىْءٍ حَتَّىٰٓ أُحْدِثَ لَكَ مِنْهُ ذِكْرًا,12,42,39,9,"ء,ث,ح,ذ,ع,ق,ه",3,0,1,0,1,0,0,1,43,3.583333,1.02381
19,37,فَٱخْتَلَفَ ٱلْأَحْزَابُ مِنۢ بَيْنِهِمْ ۖ فَوَيْلٌ لِّلَّذِينَ كَفَرُوا۟ مِن مَّشْهَدِ يَوْمٍ عَظِيمٍ,12,47,33,7,"ح,خ,ذ,ظ,ع,ه",8,1,2,0,2,0,0,2,43,3.583333,0.914894
64,10,وَٱلَّذِينَ كَفَرُوا۟ وَكَذَّبُوا۟ بِـَٔايَـٰتِنَآ أُو۟لَـٰٓئِكَ أَصْحَـٰبُ ٱلنَّارِ خَـٰلِدِينَ فِيهَا ۖ وَبِئْسَ ٱلْمَصِيرُ,12,56,30,7,"ح,خ,ذ,ص,ه",11,1,3,0,2,1,1,0,43,3.583333,0.767857
64,12,وَأَطِيعُوا۟ ٱللَّهَ وَأَطِيعُوا۟ ٱلرَّسُولَ ۚ فَإِن تَوَلَّيْتُمْ فَإِنَّمَا عَلَىٰ رَسُولِنَا ٱلْبَلَـٰغُ ٱلْمُبِينُ,12,58,30,7,"ط,ع,غ,ه",12,0,4,0,1,0,1,0,43,3.583333,0.741379
2,53,وَإِذْ ءَاتَيْنَا مُوسَى ٱلْكِتَـٰبَ وَٱلْفُرْقَانَ لَعَلَّكُمْ تَهْتَدُونَ,7,37,19,5,"ء,ذ,ع,ق,ه",6,0,2,0,0,0,0,0,25,3.571429,0.675676
7,202,وَإِخْوَٰنُهُمْ يَمُدُّونَهُمْ فِى ٱلْغَىِّ ثُمَّ لَا يُقْصِرُونَ,7,30,22,7,"ث,خ,ص,غ,ق,ه",2,1,0,0,1,0,1,0,25,3.571429,0.833333
10,91,ءَآلْـَٔـٰنَ وَقَدْ عَصَيْتَ قَبْلُ وَكُنتَ مِنَ ٱلْمُفْسِدِينَ,7,28,19,5,"ء,ص,ع,ق",5,1,1,0,1,0,1,0,25,3.571429,0.892857
17,14,ٱقْرَأْ كِتَـٰبَكَ كَفَىٰ بِنَفْسِكَ ٱلْيَوْمَ عَلَيْكَ حَسِيبًا,7,30,22,3,"ح,ع,ق",3,0,1,0,0,0,0,0,25,3.571429,0.833333
21,21,أَمِ ٱتَّخَذُوٓا۟ ءَالِهَةً مِّنَ ٱلْأَرْضِ هُمْ يُنشِرُونَ,7,28,21,6,"ء,خ,ذ,ض,ه",2,1,0,0,2,0,1,1,25,3.571429,0.892857
21,55,قَالُوٓا۟ أَجِئْتَنَا بِٱلْحَقِّ أَمْ أَنتَ مِنَ ٱللَّـٰعِبِينَ,7,30,17,4,"ح,ع,ق",6,0,2,0,2,1,1,0,25,3.571429,0.833333
21,60,قَالُوا۟ سَمِعْنَا فَتًى يَذْكُرُهُمْ يُقَالُ لَهُۥٓ إِبْرَٰهِيمُ,7,31,23,7,"ذ,ع,ق,ه",0,0,0,0,2,0,1,1,25,3.571429,0.806452
21,64,فَرَجَعُوٓا۟ إِلَىٰٓ أَنفُسِهِمْ فَقَالُوٓا۟ إِنَّكُمْ أَنتُمُ ٱلظَّـٰلِمُونَ,7,36,20,4,"ظ,ع,ق,ه",3,0,1,0,2,1,1,0,25,3.571429,0.694444
26,40,لَعَلَّنَا نَتَّبِعُ ٱلسَّحَرَةَ إِن كَانُوا۟ هُمُ ٱلْغَـٰلِبِينَ,7,31,22,5,"ح,ع,غ,ه",3,0,1,0,0,0,0,0,25,3.571429,0.806452
33,41,يَـٰٓأَيُّهَا ٱلَّذِينَ ءَامَنُوا۟ ٱذْكُرُوا۟ ٱللَّهَ ذِكْرًا كَثِيرًا,7,35,21,7,"ء,ث,ذ,ه",3,0,1,0,1,0,0,1,25,3.571429,0.714286
33,64,إِنَّ ٱللَّهَ لَعَنَ ٱلْكَـٰفِرِينَ وَأَعَدَّ لَهُمْ سَعِيرًا,7,28,22,5,"ع,ه",3,0,1,0,0,0,0,0,25,3.571429,0.892857
36,55,إِنَّ أَصْحَـٰبَ ٱلْجَنَّةِ ٱلْيَوْمَ فِى شُغُلٍ فَـٰكِهُونَ,7,26,18,4,"ح,ص,غ,ه",5,1,1,0,2,0,1,1,25,3.571429,0.961538
38,21,وَهَلْ أَتَىٰكَ نَبَؤُا۟ ٱلْخَصْمِ إِذْ تَسَوَّرُوا۟ ٱلْمِحْرَابَ,7,31,20,5,"ح,خ,ذ,ص,ه",5,1,1,0,0,0,0,0,25,3.571429,0.806452
43,8,فَأَهْلَكْنَآ أَشَدَّ مِنْهُم بَطْشًا وَمَضَىٰ مَثَلُ ٱلْأَوَّلِينَ,7,32,20,5,"ث,ض,ط,ه",3,0,1,0,2,0,1,1,25,3.571429,0.78125
54,2,وَإِن يَرَوْا۟ ءَايَةً يُعْرِضُوا۟ وَيَقُولُوا۟ سِحْرٌ مُّسْتَمِرٌّ,7,32,23,5,"ء,ح,ض,ع,ق",0,0,0,0,2,0,0,2,25,3.571429,0.78125
54,27,إِنَّا مُرْسِلُوا۟ ٱلنَّاقَةِ فِتْنَةً لَّهُمْ فَٱرْتَقِبْهُمْ وَٱصْطَبِرْ,7,36,19,6,"ص,ط,ق,ه",5,1,1,0,1,0,0,1,25,3.571429,0.694444
73,18,ٱلسَّمَآءُ مُنفَطِرٌۢ بِهِۦ ۚ كَانَ وَعْدُهُۥ مَفْعُولًا,7,26,23,6,"ء,ط,ع,ه",0,0,0,0,2,0,1,1,25,3.571429,0.961538
76,6,عَيْنًا يَشْرَبُ بِهَا عِبَادُ ٱللَّهِ يُفَجِّرُونَهَا تَفْجِيرًا,7,33,21,5,"ع,ه",3,0,1,0,1,0,0,1,25,3.571429,0.757576
2,202,أُو۟لَـٰٓئِكَ لَهُمْ نَصِيبٌ مِّمَّا كَسَبُوا۟ ۚ وَٱللَّهُ سَرِيعُ ٱلْحِسَابِ,9,35,22,5,"ح,ص,ع,ه",9,0,3,0,1,0,0,1,32,3.555556,0.914286
5,102,قَدْ سَأَلَهَا قَوْمٌ مِّن قَبْلِكُمْ ثُمَّ أَصْبَحُوا۟ بِهَا كَـٰفِرِينَ,9,33,28,8,"ث,ح,ص,ق,ه",3,0,1,0,1,0,0,1,32,3.555556,0.969697
6,149,قُلْ فَلِلَّهِ ٱلْحُجَّةُ ٱلْبَـٰلِغَةُ ۖ فَلَوْ شَآءَ لَهَدَىٰكُمْ أَجْمَعِينَ,9,35,28,7,"ء,ح,ع,غ,ق,ه",3,0,1,0,1,0,1,0,32,3.555556,0.914286
6,162,قُلْ إِنَّ صَلَاتِى وَنُسُكِى وَمَحْيَاىَ وَمَمَاتِى لِلَّهِ رَبِّ ٱلْعَـٰلَمِينَ,9,38,20,5,"ح,ص,ع,ق,ه",12,0,4,0,0,0,0,0,32,3.555556,0.842105
7,98,أَوَأَمِنَ أَهْلُ ٱلْقُرَىٰٓ أَن يَأْتِيَهُم بَأْسُنَا ضُحًى وَهُمْ يَلْعَبُونَ,9,38,26,7,"ح,ض,ع,ق,ه",5,1,1,0,1,0,0,1,32,3.555556,0.842105
15,14,وَلَوْ فَتَحْنَا عَلَيْهِم بَابًا مِّنَ ٱلسَّمَآءِ فَظَلُّوا۟ فِيهِ يَعْرُجُونَ,9,39,30,7,"ء,ح,ظ,ع,ه",0,0,0,0,2,0,1,1,32,3.555556,0.820513
17,52,يَوْمَ يَدْعُوكُمْ فَتَسْتَجِيبُونَ بِحَمْدِهِۦ وَتَظُنُّونَ إِن لَّبِثْتُمْ إِلَّا قَلِيلًا,9,44,26,6,"ث,ح,ظ,ع,ق,ه",6,0,2,0,0,0,0,0,32,3.555556,0.727273
18,75,قَالَ أَلَمْ أَقُل لَّكَ إِنَّكَ لَن تَسْتَطِيعَ مَعِىَ صَبْرًا,9,29,25,6,"ص,ط,ع,ق",7,0,2,1,0,0,0,0,32,3.555556,1.103448
20,102,يَوْمَ يُنفَخُ فِى ٱلصُّورِ ۚ وَنَحْشُرُ ٱلْمُجْرِمِينَ يَوْمَئِذٍ زُرْقًا,9,36,24,5,"ح,خ,ذ,ص,ق",6,0,2,0,2,1,0,1,32,3.555556,0.888889
27,69,قُلْ سِيرُوا۟ فِى ٱلْأَرْضِ فَٱنظُرُوا۟ كَيْفَ كَانَ عَـٰقِبَةُ ٱلْمُجْرِمِينَ,9,39,28,5,"ض,ظ,ع,ق",3,0,1,0,1,0,1,0,32,3.555556,0.820513
29,21,يُعَذِّبُ مَن يَشَآءُ وَيَرْحَمُ مَن يَشَآءُ ۖ وَإِلَيْهِ تُقْلَبُونَ,9,32,24,7,"ء,ح,ذ,ع,ق,ه",5,1,1,0,3,1,2,0,32,3.555556,1.0
40,79,ٱللَّهُ ٱلَّذِى جَعَلَ لَكُمُ ٱلْأَنْعَـٰمَ لِتَرْكَبُوا۟ مِنْهَا وَمِنْهَا تَأْكُلُونَ,9,42,23,6,"ذ,ع,ه",9,0,3,0,0,0,0,0,32,3.555556,0.761905
43,43,فَٱسْتَمْسِكْ بِٱلَّذِىٓ أُوحِىَ إِلَيْكَ ۖ إِنَّكَ عَلَىٰ صِرَٰطٍ مُّسْتَقِيمٍ,9,35,29,6,"ح,ذ,ص,ط,ع,ق",0,0,0,0,3,0,2,1,32,3.555556,0.914286
45,37,وَلَهُ ٱلْكِبْرِيَآءُ فِى ٱلسَّمَـٰوَٰتِ وَٱلْأَرْضِ ۖ وَهُوَ ٱلْعَزِيزُ ٱلْحَكِيمُ,9,40,28,6,"ء,ح,ض,ع,ه",3,0,1,0,1,0,1,0,32,3.555556,0.8
52,44,وَإِن يَرَوْا۟ كِسْفًا مِّنَ ٱلسَّمَآءِ سَاقِطًا يَقُولُوا۟ سَحَابٌ مَّرْكُومٌ,9,39,23,5,"ء,ح,ط,ق",5,1,1,0,4,0,1,3,32,3.555556,0.820513
3,22,أُو۟لَـٰٓئِكَ ٱلَّذِينَ حَبِطَتْ أَعْمَـٰلُهُمْ فِى ٱلدُّنْيَا وَٱلْـَٔاخِرَةِ وَمَا لَهُم مِّن نَّـٰصِرِينَ,11,48,30,8,"ح,خ,ذ,ص,ط,ع,ه",7,0,2,1,2,0,2,0,39,3.545455,0.8125
3,89,إِلَّا ٱلَّذِينَ تَابُوا۟ مِنۢ بَعْدِ ذَٰلِكَ وَأَصْلَحُوا۟ فَإِنَّ ٱللَّهَ غَفُورٌ رَّحِيمٌ,11,43,32,8,"ح,ذ,ص,ع,غ,ه",6,0,2,0,1,0,0,1,39,3.545455,0.906977
7,136,فَٱنتَقَمْنَا مِنْهُمْ فَأَغْرَقْنَـٰهُمْ فِى ٱلْيَمِّ بِأَنَّهُمْ كَذَّبُوا۟ بِـَٔايَـٰتِنَا وَكَانُوا۟ عَنْهَا غَـٰفِلِينَ,11,57,34,10,"ذ,ع,غ,ق,ه",3,0,1,0,2,1,1,0,39,3.545455,0.684211
10,89,قَالَ قَدْ أُجِيبَت دَّعْوَتُكُمَا فَٱسْتَقِيمَا وَلَا تَتَّبِعَآنِّ سَبِيلَ ٱلَّذِينَ لَا يَعْلَمُونَ,11,51,32,7,"ذ,ع,ق",6,0,2,0,1,0,1,0,39,3.545455,0.764706
22,39,أُذِنَ لِلَّذِينَ يُقَـٰتَلُونَ بِأَنَّهُمْ ظُلِمُوا۟ ۚ وَإِنَّ ٱللَّهَ عَلَىٰ نَصْرِهِمْ لَقَدِيرٌ,11,44,30,10,"ذ,ص,ظ,ع,ق,ه",9,0,3,0,0,0,0,0,39,3.545455,0.886364
68,48,فَٱصْبِرْ لِحُكْمِ رَبِّكَ وَلَا تَكُن كَصَاحِبِ ٱلْحُوتِ إِذْ نَادَىٰ وَهُوَ مَكْظُومٌ,11,42,36,8,"ح,ذ,ص,ظ,ه",3,0,1,0,0,0,0,0,39,3.545455,0.928571
76,31,يُدْخِلُ مَن يَشَآءُ فِى رَحْمَتِهِۦ ۚ وَٱلظَّـٰلِمِينَ أَعَدَّ لَهُمْ عَذَابًا أَلِيمًۢا,11,41,35,9,"ء,ح,خ,ذ,ظ,ع,ه",2,1,0,0,2,1,1,0,39,3.545455,0.95122
6,69,وَمَا عَلَى ٱلَّذِينَ يَتَّقُونَ مِنْ حِسَابِهِم مِّن شَىْءٍ وَلَـٰكِن ذِكْرَىٰ لَعَلَّهُمْ يَتَّقُونَ,12,47,37,10,"ء,ح,ذ,ع,ق,ه",3,0,1,0,2,0,0,2,42,3.5,0.893617
10,65,وَلَا يَحْزُنكَ قَوْلُهُمْ ۘ إِنَّ ٱلْعِزَّةَ لِلَّهِ جَمِيعًا ۚ هُوَ ٱلسَّمِيعُ ٱلْعَلِيمُ,12,42,39,9,"ح,ع,ق,ه",3,0,1,0,0,0,0,0,42,3.5,1.0
17,79,وَمِنَ ٱلَّيْلِ فَتَهَجَّدْ بِهِۦ نَافِلَةً لَّكَ عَسَىٰٓ أَن يَبْعَثَكَ رَبُّكَ مَقَامًا مَّحْمُودًا,12,45,32,7,"ث,ح,ع,ق,ه",8,1,2,0,2,0,0,2,42,3.5,0.933333
18,1,ٱلْحَمْدُ لِلَّهِ ٱلَّذِىٓ أَنزَلَ عَلَىٰ عَبْدِهِ ٱلْكِتَـٰبَ وَلَمْ يَجْعَل لَّهُۥ عِوَجَا ۜ,12,41,38,9,"ح,ذ,ع,ه",3,0,1,0,1,0,1,0,42,3.5,1.02439
18,30,إِنَّ ٱلَّذِينَ ءَامَنُوا۟ وَعَمِلُوا۟ ٱلصَّـٰلِحَـٰتِ إِنَّا لَا نُضِيعُ أَجْرَ مَنْ أَحْسَنَ عَمَلًا,12,47,41,9,"ء,ح,ذ,ص,ض,ع",0,0,0,0,1,1,0,0,42,3.5,0.893617
18,35,وَدَخَلَ جَنَّتَهُۥ وَهُوَ ظَالِمٌ لِّنَفْسِهِۦ قَالَ مَآ أَظُنُّ أَن تَبِيدَ هَـٰذِهِۦٓ أَبَدًا,12,41,32,10,"خ,ذ,ظ,ق,ه",7,2,1,0,3,0,2,1,42,3.5,1.02439
29,3,وَلَقَدْ فَتَنَّا ٱلَّذِينَ مِن قَبْلِهِمْ ۖ فَلَيَعْلَمَنَّ ٱللَّهُ ٱلَّذِينَ صَدَقُوا۟ وَلَيَعْلَمَنَّ ٱلْكَـٰذِبِينَ,12,55,38,11,"ذ,ص,ع,ق,ه",3,0,1,0,1,0,1,0,42,3.5,0.763636
35,34,وَقَالُوا۟ ٱلْحَمْدُ لِلَّهِ ٱلَّذِىٓ أَذْهَبَ عَنَّا ٱلْحَزَنَ ۖ إِنَّ رَبَّنَا لَغَفُورٌ شَكُورٌ,12,45,35,9,"ح,ذ,ع,غ,ق,ه",5,1,1,0,2,0,1,1,42,3.5,0.933333
38,59,هَـٰذَا فَوْجٌ مُّقْتَحِمٌ مَّعَكُمْ ۖ لَا مَرْحَبًۢا بِهِمْ ۚ إِنَّهُمْ صَالُوا۟ ٱلنَّارِ,12,39,33,9,"ح,ذ,ص,ع,ق,ه",5,1,1,0,4,0,1,3,42,3.5,1.076923
42,17,ٱللَّهُ ٱلَّذِىٓ أَنزَلَ ٱلْكِتَـٰبَ بِٱلْحَقِّ وَٱلْمِيزَانَ ۗ وَمَا يُدْرِيكَ لَعَلَّ ٱلسَّاعَةَ قَرِيبٌ,12,51,31,7,"ح,ذ,ع,ق,ه",9,0,3,0,2,1,1,0,42,3.5,0.823529
16,1,أَتَىٰٓ أَمْرُ ٱللَّهِ فَلَا تَسْتَعْجِلُوهُ ۚ سُبْحَـٰنَهُۥ وَتَعَـٰلَىٰ عَمَّا يُشْرِكُونَ,10,40,32,7,"ح,ع,ه",3,0,1,0,0,0,0,0,35,3.5,0.875
16,54,ثُمَّ إِذَا كَشَفَ ٱلضُّرَّ عَنكُمْ إِذَا فَرِيقٌ مِّنكُم بِرَبِّهِمْ يُشْرِكُونَ,10,38,33,7,"ث,ذ,ض,ع,ق,ه",0,0,0,0,2,1,0,1,35,3.5,0.921053
17,26,وَءَاتِ ذَا ٱلْقُرْبَىٰ حَقَّهُۥ وَٱلْمِسْكِينَ وَٱبْنَ ٱلسَّبِيلِ وَلَا تُبَذِّرْ تَبْذِيرًا,10,46,27,8,"ء,ح,ذ,ق,ه",6,0,2,0,2,2,0,0,35,3.5,0.76087
19,24,فَنَادَىٰهَا مِن تَحْتِهَآ أَلَّا تَحْزَنِى قَدْ جَعَلَ رَبُّكِ تَحْتَكِ سَرِيًّا,10,38,33,7,"ح,ع,ق,ه",0,0,0,0,2,0,2,0,35,3.5,0.921053
29,69,وَٱلَّذِينَ جَـٰهَدُوا۟ فِينَا لَنَهْدِيَنَّهُمْ سُبُلَنَا ۚ وَإِنَّ ٱللَّهَ لَمَعَ ٱلْمُحْسِنِينَ,10,46,25,7,"ح,ذ,ع,ه",9,0,3,0,1,0,1,0,35,3.5,0.76087
50,11,رِّزْقًا لِّلْعِبَادِ ۖ وَأَحْيَيْنَا بِهِۦ بَلْدَةً مَّيْتًا ۚ كَذَٰلِكَ ٱلْخُرُوجُ,10,37,27,6,"ح,خ,ذ,ع,ق,ه",6,0,2,0,2,0,0,2,35,3.5,0.945946
51,16,ءَاخِذِينَ مَآ ءَاتَىٰهُمْ رَبُّهُمْ ۚ إِنَّهُمْ كَانُوا۟ قَبْلَ ذَٰلِكَ مُحْسِنِينَ,10,39,32,10,"ء,ح,خ,ذ,ق,ه",2,1,0,0,1,0,1,0,35,3.5,0.897436
67,4,ثُمَّ ٱرْجِعِ ٱلْبَصَرَ كَرَّتَيْنِ يَنقَلِبْ إِلَيْكَ ٱلْبَصَرُ خَاسِئًا وَهُوَ حَسِيرٌ,10,42,34,8,"ث,ح,خ,ص,ع,ق,ه",0,0,0,0,1,0,0,1,35,3.5,0.833333
76,28,نَّحْنُ خَلَقْنَـٰهُمْ وَشَدَدْنَآ أَسْرَهُمْ ۖ وَإِذَا شِئْنَا بَدَّلْنَآ أَمْثَـٰلَهُمْ تَبْدِيلًا,10,45,28,8,"ث,ح,خ,ذ,ق,ه",6,0,2,0,1,0,1,0,35,3.5,0.777778
89,16,وَأَمَّآ إِذَا مَا ٱبْتَلَىٰهُ فَقَدَرَ عَلَيْهِ رِزْقَهُۥ فَيَقُولُ رَبِّىٓ أَهَـٰنَنِ,10,39,28,9,"ذ,ع,ق,ه",6,0,2,0,1,0,1,0,35,3.5,0.897436
4,70,ذَٰلِكَ ٱلْفَضْلُ مِنَ ٱللَّهِ ۚ وَكَفَىٰ بِٱللَّهِ عَلِيمًا,8,28,22,5,"ذ,ض,ع,ه",6,0,2,0,0,0,0,0,28,3.5,1.0
9,119,يَـٰٓأَيُّهَا ٱلَّذِينَ ءَامَنُوا۟ ٱتَّقُوا۟ ٱللَّهَ وَكُونُوا۟ مَعَ ٱلصَّـٰدِقِينَ,8,40,24,8,"ء,ذ,ص,ع,ق,ه",3,0,1,0,1,1,0,0,28,3.5,0.7
11,117,وَمَا كَانَ رَبُّكَ لِيُهْلِكَ ٱلْقُرَىٰ بِظُلْمٍ وَأَهْلُهَا مُصْلِحُونَ,8,35,24,7,"ح,ص,ظ,ق,ه",3,0,1,0,1,0,0,1,28,3.5,0.8
14,41,رَبَّنَا ٱغْفِرْ لِى وَلِوَٰلِدَىَّ وَلِلْمُؤْمِنِينَ يَوْمَ يَقُومُ ٱلْحِسَابُ,8,38,13,3,"ح,غ,ق",15,0,5,0,0,0,0,0,28,3.5,0.736842
19,72,ثُمَّ نُنَجِّى ٱلَّذِينَ ٱتَّقَوا۟ وَّنَذَرُ ٱلظَّـٰلِمِينَ فِيهَا جِثِيًّا,8,35,24,7,"ث,ذ,ظ,ق,ه",3,0,1,0,1,1,0,0,28,3.5,0.8
20,44,فَقُولَا لَهُۥ قَوْلًا لَّيِّنًا لَّعَلَّهُۥ يَتَذَكَّرُ أَوْ يَخْشَىٰ,8,30,26,7,"خ,ذ,ع,ق,ه",0,0,0,0,2,0,0,2,28,3.5,0.933333
21,50,وَهَـٰذَا ذِكْرٌ مُّبَارَكٌ أَنزَلْنَـٰهُ ۚ أَفَأَنتُمْ لَهُۥ مُنكِرُونَ,8,32,17,5,"ذ,ه",8,1,2,0,3,0,2,1,28,3.5,0.875
23,45,ثُمَّ أَرْسَلْنَا مُوسَىٰ وَأَخَاهُ هَـٰرُونَ بِـَٔايَـٰتِنَا وَسُلْطَـٰنٍ مُّبِينٍ,8,36,18,5,"ث,خ,ط,ه",9,0,3,0,1,0,0,1,28,3.5,0.777778
26,6,فَقَدْ كَذَّبُوا۟ فَسَيَأْتِيهِمْ أَنۢبَـٰٓؤُا۟ مَا كَانُوا۟ بِهِۦ يَسْتَهْزِءُونَ,8,38,21,6,"ء,ذ,ق,ه",6,0,2,0,1,1,0,0,28,3.5,0.736842
27,30,إِنَّهُۥ مِن سُلَيْمَـٰنَ وَإِنَّهُۥ بِسْمِ ٱللَّهِ ٱلرَّحْمَـٰنِ ٱلرَّحِيمِ,8,33,18,5,"ح,ه",9,0,3,0,1,0,1,0,28,3.5,0.848485
27,54,وَلُوطًا إِذْ قَالَ لِقَوْمِهِۦٓ أَتَأْتُونَ ٱلْفَـٰحِشَةَ وَأَنتُمْ تُبْصِرُونَ,8,38,24,7,"ح,ذ,ص,ط,ق,ه",3,0,1,0,1,0,1,0,28,3.5,0.736842
43,68,يَـٰعِبَادِ لَا خَوْفٌ عَلَيْكُمُ ٱلْيَوْمَ وَلَآ أَنتُمْ تَحْزَنُونَ,8,33,23,4,"ح,خ,ع",3,0,1,0,2,0,1,1,28,3.5,0.848485
44,57,فَضْلًا مِّن رَّبِّكَ ۚ ذَٰلِكَ هُوَ ٱلْفَوْزُ ٱلْعَظِيمُ,8,25,25,5,"ذ,ض,ظ,ع,ه",2,1,0,0,1,0,0,1,28,3.5,1.12
67,7,إِذَآ أُلْقُوا۟ فِيهَا سَمِعُوا۟ لَهَا شَهِيقًا وَهِىَ تَفُورُ,8,32,26,8,"ذ,ع,ق,ه",0,0,0,0,2,0,1,1,28,3.5,0.875
2,18,صُمٌّۢ بُكْمٌ عُمْىٌ فَهُمْ لَا يَرْجِعُونَ,6,19,18,4,"ص,ع,ه",0,0,0,0,3,0,0,3,21,3.5,1.105263
15,23,وَإِنَّا لَنَحْنُ نُحْىِۦ وَنُمِيتُ وَنَحْنُ ٱلْوَٰرِثُونَ,6,27,18,4,"ث,ح",3,0,1,0,0,0,0,0,21,3.5,0.777778
26,14,وَلَهُمْ عَلَىَّ ذَنۢبٌ فَأَخَافُ أَن يَقْتُلُونِ,6,23,20,5,"خ,ذ,ع,ق,ه",0,0,0,0,1,0,0,1,21,3.5,0.913043
26,70,إِذْ قَالَ لِأَبِيهِ وَقَوْمِهِۦ مَا تَعْبُدُونَ,6,23,18,6,"ذ,ع,ق,ه",3,0,1,0,0,0,0,0,21,3.5,0.913043
26,97,تَٱللَّهِ إِن كُنَّا لَفِى ضَلَـٰلٍ مُّبِينٍ,6,20,10,2,"ض,ه",9,0,3,0,2,0,1,1,21,3.5,1.05
37,62,أَذَٰلِكَ خَيْرٌ نُّزُلًا أَمْ شَجَرَةُ ٱلزَّقُّومِ,6,23,16,3,"خ,ذ,ق",3,0,1,0,2,1,0,1,21,3.5,0.913043
37,64,إِنَّهَا شَجَرَةٌ تَخْرُجُ فِىٓ أَصْلِ ٱلْجَحِيمِ,6,23,20,4,"ح,خ,ص,ه",0,0,0,0,1,0,0,1,21,3.5,0.913043
45,3,إِنَّ فِى ٱلسَّمَـٰوَٰتِ وَٱلْأَرْضِ لَـَٔايَـٰتٍ لِّلْمُؤْمِنِينَ,6,28,8,1,ض,12,0,4,0,1,0,0,1,21,3.5,0.75
50,23,وَقَالَ قَرِينُهُۥ هَـٰذَا مَا لَدَىَّ عَتِيدٌ,6,21,18,6,"ذ,ع,ق,ه",2,1,0,0,1,0,1,0,21,3.5,1.0
51,26,فَرَاغَ إِلَىٰٓ أَهْلِهِۦ فَجَآءَ بِعِجْلٍ سَمِينٍ,6,23,19,5,"ء,ع,غ,ه",0,0,0,0,2,0,1,1,21,3.5,0.913043
55,9,وَأَقِيمُوا۟ ٱلْوَزْنَ بِٱلْقِسْطِ وَلَا تُخْسِرُوا۟ ٱلْمِيزَانَ,6,34,18,4,"خ,ط,ق",3,0,1,0,0,0,0,0,21,3.5,0.617647
68,24,أَن لَّا يَدْخُلَنَّهَا ٱلْيَوْمَ عَلَيْكُم مِّسْكِينٌ,6,26,15,3,"خ,ع,ه",6,0,2,0,0,0,0,0,21,3.5,0.807692
76,23,إِنَّا نَحْنُ نَزَّلْنَا عَلَيْكَ ٱلْقُرْءَانَ تَنزِيلًا,6,28,18,4,"ء,ح,ع,ق",3,0,1,0,0,0,0,0,21,3.5,0.75
86,4,إِن كُلُّ نَفْسٍ لَّمَّا عَلَيْهَا حَافِظٌ,6,19,20,4,"ح,ظ,ع,ه",0,0,0,0,1,0,0,1,21,3.5,1.105263
89,5,هَلْ فِى ذَٰلِكَ قَسَمٌ لِّذِى حِجْرٍ,6,16,20,5,"ح,ذ,ق,ه",0,0,0,0,1,0,0,1,21,3.5,1.3125
15,38,إِلَىٰ يَوْمِ ٱلْوَقْتِ ٱلْمَعْلُومِ,4,18,8,2,"ع,ق",6,0,2,0,0,0,0,0,14,3.5,0.777778
15,69,وَٱتَّقُوا۟ ٱللَّهَ وَلَا تُخْزُونِ,4,18,11,3,"خ,ق,ه",3,0,1,0,0,0,0,0,14,3.5,0.777778
15,90,كَمَآ أَنزَلْنَا عَلَى ٱلْمُقْتَسِمِينَ,4,21,11,2,"ع,ق",3,0,1,0,0,0,0,0,14,3.5,0.666667
26,80,وَإِذَا مَرِضْتُ فَهُوَ يَشْفِينِ,4,16,14,3,"ذ,ض,ه",0,0,0,0,0,0,0,0,14,3.5,0.875
26,94,فَكُبْكِبُوا۟ فِيهَا هُمْ وَٱلْغَاوُۥنَ,4,20,11,3,"غ,ه",3,0,1,0,0,0,0,0,14,3.5,0.7
37,18,قُلْ نَعَمْ وَأَنتُمْ دَٰخِرُونَ,4,15,13,3,"خ,ع,ق",0,0,0,0,1,0,1,0,14,3.5,0.933333
37,54,قَالَ هَلْ أَنتُم مُّطَّلِعُونَ,4,15,13,4,"ط,ع,ق,ه",0,0,0,0,1,1,0,0,14,3.5,0.933333
37,78,وَتَرَكْنَا عَلَيْهِ فِى ٱلْـَٔاخِرِينَ,4,19,14,3,"خ,ع,ه",0,0,0,0,0,0,0,0,14,3.5,0.736842
37,81,إِنَّهُۥ مِنْ عِبَادِنَا ٱلْمُؤْمِنِينَ,4,19,7,2,"ع,ه",6,0,2,0,1,0,0,1,14,3.5,0.736842
37,119,وَتَرَكْنَا عَلَيْهِمَا فِى ٱلْـَٔاخِرِينَ,4,21,14,3,"خ,ع,ه",0,0,0,0,0,0,0,0,14,3.5,0.666667
37,122,إِنَّهُمَا مِنْ عِبَادِنَا ٱلْمُؤْمِنِينَ,4,21,7,2,"ع,ه",6,0,2,0,1,0,0,1,14,3.5,0.666667
37,153,أَصْطَفَى ٱلْبَنَاتِ عَلَى ٱلْبَنِينَ,4,20,12,3,"ص,ط,ع",2,1,0,0,0,0,0,0,14,3.5,0.7
44,27,وَنَعْمَةٍ كَانُوا۟ فِيهَا فَـٰكِهِينَ,4,19,13,3,"ع,ه",0,0,0,0,1,0,0,1,14,3.5,0.736842
53,41,ثُمَّ يُجْزَىٰهُ ٱلْجَزَآءَ ٱلْأَوْفَىٰ,4,19,12,3,"ء,ث,ه",0,0,0,0,2,0,2,0,14,3.5,0.736842
55,8,أَلَّا تَطْغَوْا۟ فِى ٱلْمِيزَانِ,4,17,8,2,"ط,غ",6,1,1,1,0,0,0,0,14,3.5,0.823529
55,68,فِيهِمَا فَـٰكِهَةٌ وَنَخْلٌ وَرُمَّانٌ,4,18,12,3,"خ,ه",0,0,0,0,2,0,0,2,14,3.5,0.777778
56,56,هَـٰذَا نُزُلُهُمْ يَوْمَ ٱلدِّينِ,4,16,8,3,"ذ,ه",5,1,1,0,1,0,1,0,14,3.5,0.875
69,3,وَمَآ أَدْرَىٰكَ مَا ٱلْحَآقَّةُ,4,16,9,2,"ح,ق",3,0,1,0,2,1,1,0,14,3.5,0.875
69,37,لَّا يَأْكُلُهُۥٓ إِلَّا ٱلْخَـٰطِـُٔونَ,4,16,11,3,"خ,ط,ه",2,1,0,0,1,0,1,0,14,3.5,0.875
70,2,لِّلْكَـٰفِرِينَ لَيْسَ لَهُۥ دَافِعٌ,4,16,11,2,"ع,ه",3,0,1,0,0,0,0,0,14,3.5,0.875
70,3,مِّنَ ٱللَّهِ ذِى ٱلْمَعَارِجِ,4,15,11,3,"ذ,ع,ه",3,0,1,0,0,0,0,0,14,3.5,0.933333
70,20,إِذَا مَسَّهُ ٱلشَّرُّ جَزُوعًا,4,15,14,3,"ذ,ع,ه",0,0,0,0,0,0,0,0,14,3.5,0.933333
74,8,فَإِذَا نُقِرَ فِى ٱلنَّاقُورِ,4,16,11,3,"ذ,ق",3,0,1,0,0,0,0,0,14,3.5,0.875
77,25,أَلَمْ نَجْعَلِ ٱلْأَرْضَ كِفَاتًا,4,17,14,2,"ض,ع",0,0,0,0,0,0,0,0,14,3.5,0.823529
77,36,وَلَا يُؤْذَنُ لَهُمْ فَيَعْتَذِرُونَ,4,18,14,4,"ذ,ع,ه",0,0,0,0,0,0,0,0,14,3.5,0.777778
78,3,ٱلَّذِى هُمْ فِيهِ مُخْتَلِفُونَ,4,16,14,4,"خ,ذ,ه",0,0,0,0,0,0,0,0,14,3.5,0.875
78,6,أَلَمْ نَجْعَلِ ٱلْأَرْضَ مِهَـٰدًا,4,16,14,3,"ض,ع,ه",0,0,0,0,0,0,0,0,14,3.5,0.875
79,34,فَإِذَا جَآءَتِ ٱلطَّآمَّةُ ٱلْكُبْرَىٰ,4,20,11,3,"ء,ذ,ط",0,0,0,0,3,1,2,0,14,3.5,0.7
81,23,وَلَقَدْ رَءَاهُ بِٱلْأُفُقِ ٱلْمُبِينِ,4,20,11,4,"ء,ق,ه",3,0,1,0,0,0,0,0,14,3.5,0.7
83,11,ٱلَّذِينَ يُكَذِّبُونَ بِيَوْمِ ٱلدِّينِ,4,20,7,2,ذ,6,0,2,0,1,1,0,0,14,3.5,0.7
83,16,ثُمَّ إِنَّهُمْ لَصَالُوا۟ ٱلْجَحِيمِ,4,18,14,4,"ث,ح,ص,ه",0,0,0,0,0,0,0,0,14,3.5,0.777778
88,5,تُسْقَىٰ مِنْ عَيْنٍ ءَانِيَةٍ,4,14,11,3,"ء,ع,ق",0,0,0,0,3,0,1,2,14,3.5,1.0
90,2,وَأَنتَ حِلٌّۢ بِهَـٰذَا ٱلْبَلَدِ,4,15,10,3,"ح,ذ,ه",2,1,0,0,2,0,1,1,14,3.5,0.933333
91,9,قَدْ أَفْلَحَ مَن زَكَّىٰهَا,4,13,13,3,"ح,ق,ه",0,0,0,0,1,0,1,0,14,3.5,1.076923
100,7,وَإِنَّهُۥ عَلَىٰ ذَٰلِكَ لَشَهِيدٌ,4,15,14,4,"ذ,ع,ه",0,0,0,0,0,0,0,0,14,3.5,0.933333
102,4,ثُمَّ كَلَّا سَوْفَ تَعْلَمُونَ,4,14,11,2,"ث,ع",3,0,1,0,0,0,0,0,14,3.5,1.0
104,5,وَمَآ أَدْرَىٰكَ مَا ٱلْحُطَمَةُ,4,16,9,2,"ح,ط",5,1,1,0,0,0,0,0,14,3.5,0.875
106,3,فَلْيَعْبُدُوا۟ رَبَّ هَـٰذَا ٱلْبَيْتِ,4,18,11,3,"ذ,ع,ه",2,1,0,0,1,0,1,0,14,3.5,0.777778
107,2,فَذَٰلِكَ ٱلَّذِى يَدُعُّ ٱلْيَتِيمَ,4,17,13,3,"ذ,ع",0,0,0,0,1,1,0,0,14,3.5,0.823529
2,39,وَٱلَّذِينَ كَفَرُوا۟ وَكَذَّبُوا۟ بِـَٔايَـٰتِنَآ أُو۟لَـٰٓئِكَ أَصْحَـٰبُ ٱلنَّارِ ۖ هُمْ فِيهَا خَـٰلِدُونَ,11,48,28,7,"ح,خ,ذ,ص,ه",8,1,2,0,2,1,1,0,38,3.454545,0.791667
16,9,وَعَلَى ٱللَّهِ قَصْدُ ٱلسَّبِيلِ وَمِنْهَا جَآئِرٌ ۚ وَلَوْ شَآءَ لَهَدَىٰكُمْ أَجْمَعِينَ,11,44,29,8,"ء,ص,ع,ق,ه",8,1,2,0,1,0,1,0,38,3.454545,0.863636
22,13,يَدْعُوا۟ لَمَن ضَرُّهُۥٓ أَقْرَبُ مِن نَّفْعِهِۦ ۚ لَبِئْسَ ٱلْمَوْلَىٰ وَلَبِئْسَ ٱلْعَشِيرُ,11,42,32,7,"ض,ع,ق,ه",6,0,2,0,0,0,0,0,38,3.454545,0.904762
23,50,وَجَعَلْنَا ٱبْنَ مَرْيَمَ وَأُمَّهُۥٓ ءَايَةً وَءَاوَيْنَـٰهُمَآ إِلَىٰ رَبْوَةٍ ذَاتِ قَرَارٍ وَمَعِينٍ,11,49,25,8,"ء,ذ,ع,ق,ه",9,0,3,0,4,0,1,3,38,3.454545,0.77551
29,6,وَمَن جَـٰهَدَ فَإِنَّمَا يُجَـٰهِدُ لِنَفْسِهِۦٓ ۚ إِنَّ ٱللَّهَ لَغَنِىٌّ عَنِ ٱلْعَـٰلَمِينَ,11,39,26,7,"ع,غ,ه",9,0,3,0,3,0,2,1,38,3.454545,0.974359
35,38,إِنَّ ٱللَّهَ عَـٰلِمُ غَيْبِ ٱلسَّمَـٰوَٰتِ وَٱلْأَرْضِ ۚ إِنَّهُۥ عَلِيمٌۢ بِذَاتِ ٱلصُّدُورِ,11,41,30,8,"ذ,ص,ض,ع,غ,ه",6,0,2,0,2,1,0,1,38,3.454545,0.926829
64,8,فَـَٔامِنُوا۟ بِٱللَّهِ وَرَسُولِهِۦ وَٱلنُّورِ ٱلَّذِىٓ أَنزَلْنَا ۚ وَٱللَّهُ بِمَا تَعْمَلُونَ خَبِيرٌ,11,51,22,6,"خ,ذ,ع,ه",15,0,5,0,1,0,1,0,38,3.454545,0.745098
3,76,بَلَىٰ مَنْ أَوْفَىٰ بِعَهْدِهِۦ وَٱتَّقَىٰ فَإِنَّ ٱللَّهَ يُحِبُّ ٱلْمُتَّقِينَ,9,36,24,7,"ح,ع,ق,ه",6,0,2,0,1,0,1,0,31,3.444444,0.861111
3,163,هُمْ دَرَجَـٰتٌ عِندَ ٱللَّهِ ۗ وَٱللَّهُ بَصِيرٌۢ بِمَا يَعْمَلُونَ,9,31,20,6,"ص,ع,ه",9,0,3,0,2,0,0,2,31,3.444444,1.0
8,51,ذَٰلِكَ بِمَا قَدَّمَتْ أَيْدِيكُمْ وَأَنَّ ٱللَّهَ لَيْسَ بِظَلَّـٰمٍ لِّلْعَبِيدِ,9,36,20,5,"ذ,ظ,ع,ق,ه",9,0,3,0,2,0,1,1,31,3.444444,0.861111
9,1,بَرَآءَةٌ مِّنَ ٱللَّهِ وَرَسُولِهِۦٓ إِلَى ٱلَّذِينَ عَـٰهَدتُّم مِّنَ ٱلْمُشْرِكِينَ,9,40,19,6,"ء,ذ,ع,ه",9,0,3,0,3,0,2,1,31,3.444444,0.775
17,10,وَأَنَّ ٱلَّذِينَ لَا يُؤْمِنُونَ بِٱلْـَٔاخِرَةِ أَعْتَدْنَا لَهُمْ عَذَابًا أَلِيمًا,9,42,23,6,"خ,ذ,ع,ه",8,1,2,0,0,0,0,0,31,3.444444,0.738095
21,101,إِنَّ ٱلَّذِينَ سَبَقَتْ لَهُم مِّنَّا ٱلْحُسْنَىٰٓ أُو۟لَـٰٓئِكَ عَنْهَا مُبْعَدُونَ,9,38,28,7,"ح,ذ,ع,ق,ه",3,0,1,0,0,0,0,0,31,3.444444,0.815789
22,10,ذَٰلِكَ بِمَا قَدَّمَتْ يَدَاكَ وَأَنَّ ٱللَّهَ لَيْسَ بِظَلَّـٰمٍ لِّلْعَبِيدِ,9,34,20,5,"ذ,ظ,ع,ق,ه",9,0,3,0,2,0,1,1,31,3.444444,0.911765
23,35,أَيَعِدُكُمْ أَنَّكُمْ إِذَا مِتُّمْ وَكُنتُمْ تُرَابًا وَعِظَـٰمًا أَنَّكُم مُّخْرَجُونَ,9,41,27,5,"خ,ذ,ظ,ع",2,1,0,0,2,0,1,1,31,3.444444,0.756098
25,12,إِذَا رَأَتْهُم مِّن مَّكَانٍۭ بَعِيدٍ سَمِعُوا۟ لَهَا تَغَيُّظًا وَزَفِيرًا,9,37,28,7,"ذ,ظ,ع,غ,ه",0,0,0,0,3,0,0,3,31,3.444444,0.837838
26,187,فَأَسْقِطْ عَلَيْنَا كِسَفًا مِّنَ ٱلسَّمَآءِ إِن كُنتَ مِنَ ٱلصَّـٰدِقِينَ,9,36,26,6,"ء,ص,ط,ع,ق",2,1,0,0,3,1,1,1,31,3.444444,0.861111
30,51,وَلَئِنْ أَرْسَلْنَا رِيحًا فَرَأَوْهُ مُصْفَرًّا لَّظَلُّوا۟ مِنۢ بَعْدِهِۦ يَكْفُرُونَ,9,41,26,6,"ح,ص,ظ,ع,ه",3,0,1,0,2,0,0,2,31,3.444444,0.756098
36,37,وَءَايَةٌ لَّهُمُ ٱلَّيْلُ نَسْلَخُ مِنْهُ ٱلنَّهَارَ فَإِذَا هُم مُّظْلِمُونَ,9,37,24,8,"ء,خ,ذ,ظ,ه",6,0,2,0,1,0,0,1,31,3.444444,0.837838
40,41,وَيَـٰقَوْمِ مَا لِىٓ أَدْعُوكُمْ إِلَى ٱلنَّجَوٰةِ وَتَدْعُونَنِىٓ إِلَى ٱلنَّارِ,9,40,15,3,"ع,ق",15,0,5,0,1,0,1,0,31,3.444444,0.775
43,87,وَلَئِن سَأَلْتَهُم مَّنْ خَلَقَهُمْ لَيَقُولُنَّ ٱللَّهُ ۖ فَأَنَّىٰ يُؤْفَكُونَ,9,37,21,6,"خ,ق,ه",9,0,3,0,1,0,0,1,31,3.444444,0.837838
45,4,وَفِى خَلْقِكُمْ وَمَا يَبُثُّ مِن دَآبَّةٍ ءَايَـٰتٌ لِّقَوْمٍ يُوقِنُونَ,9,34,21,6,"ء,ث,خ,ق",6,0,2,0,4,1,0,3,31,3.444444,0.911765
64,15,إِنَّمَآ أَمْوَٰلُكُمْ وَأَوْلَـٰدُكُمْ فِتْنَةٌ ۚ وَٱللَّهُ عِندَهُۥٓ أَجْرٌ عَظِيمٌ,9,37,22,5,"ظ,ع,ه",8,1,2,0,1,0,0,1,31,3.444444,0.837838
85,8,وَمَا نَقَمُوا۟ مِنْهُمْ إِلَّآ أَن يُؤْمِنُوا۟ بِٱللَّهِ ٱلْعَزِيزِ ٱلْحَمِيدِ,9,40,19,5,"ح,ع,ق,ه",12,0,4,0,0,0,0,0,31,3.444444,0.775
3,46,وَيُكَلِّمُ ٱلنَّاسَ فِى ٱلْمَهْدِ وَكَهْلًا وَمِنَ ٱلصَّـٰلِحِينَ,7,32,16,4,"ح,ص,ه",6,0,2,0,2,1,0,1,24,3.428571,0.75
3,54,وَمَكَرُوا۟ وَمَكَرَ ٱللَّهُ ۖ وَٱللَّهُ خَيْرُ ٱلْمَـٰكِرِينَ,7,29,12,3,"خ,ه",12,0,4,0,0,0,0,0,24,3.428571,0.827586
12,57,وَلَأَجْرُ ٱلْـَٔاخِرَةِ خَيْرٌ لِّلَّذِينَ ءَامَنُوا۟ وَكَانُوا۟ يَتَّقُونَ,7,36,20,5,"ء,خ,ذ,ق",3,0,1,0,1,0,0,1,24,3.428571,0.666667
22,68,وَإِن جَـٰدَلُوكَ فَقُلِ ٱللَّهُ أَعْلَمُ بِمَا تَعْمَلُونَ,7,28,18,4,"ع,ق,ه",6,0,2,0,0,0,0,0,24,3.428571,0.857143
23,79,وَهُوَ ٱلَّذِى ذَرَأَكُمْ فِى ٱلْأَرْضِ وَإِلَيْهِ تُحْشَرُونَ,7,30,24,6,"ح,ذ,ض,ه",0,0,0,0,0,0,0,0,24,3.428571,0.8
26,161,إِذْ قَالَ لَهُمْ أَخُوهُمْ لُوطٌ أَلَا تَتَّقُونَ,7,24,21,7,"خ,ذ,ط,ق,ه",3,0,1,0,0,0,0,0,24,3.428571,1.0
32,28,وَيَقُولُونَ مَتَىٰ هَـٰذَا ٱلْفَتْحُ إِن كُنتُمْ صَـٰدِقِينَ,7,29,21,6,"ح,ذ,ص,ق,ه",2,1,0,0,1,0,1,0,24,3.428571,0.827586
36,6,لِتُنذِرَ قَوْمًا مَّآ أُنذِرَ ءَابَآؤُهُمْ فَهُمْ غَـٰفِلُونَ,7,30,20,7,"ء,ذ,غ,ق,ه",3,0,1,0,1,0,0,1,24,3.428571,0.8
38,42,ٱرْكُضْ بِرِجْلِكَ ۖ هَـٰذَا مُغْتَسَلٌۢ بَارِدٌ وَشَرَابٌ,7,26,19,4,"ذ,ض,غ,ه",2,1,0,0,3,0,1,2,24,3.428571,0.923077
38,49,هَـٰذَا ذِكْرٌ ۚ وَإِنَّ لِلْمُتَّقِينَ لَحُسْنَ مَـَٔابٍ,7,23,18,5,"ح,ذ,ق,ه",5,1,1,0,1,0,1,0,24,3.428571,1.043478
38,85,لَأَمْلَأَنَّ جَهَنَّمَ مِنكَ وَمِمَّن تَبِعَكَ مِنْهُمْ أَجْمَعِينَ,7,31,18,4,"ع,ه",6,0,2,0,0,0,0,0,24,3.428571,0.774194
44,13,أَنَّىٰ لَهُمُ ٱلذِّكْرَىٰ وَقَدْ جَآءَهُمْ رَسُولٌ مُّبِينٌ,7,28,15,5,"ء,ذ,ق,ه",6,0,2,0,3,1,1,1,24,3.428571,0.857143
54,17,وَلَقَدْ يَسَّرْنَا ٱلْقُرْءَانَ لِلذِّكْرِ فَهَلْ مِن مُّدَّكِرٍ,7,30,17,5,"ء,ذ,ق,ه",6,0,2,0,1,1,0,0,24,3.428571,0.8
68,19,فَطَافَ عَلَيْهَا طَآئِفٌ مِّن رَّبِّكَ وَهُمْ نَآئِمُونَ,7,27,19,5,"ط,ع,ه",3,0,1,0,2,0,1,1,24,3.428571,0.888889
3,57,وَأَمَّا ٱلَّذِينَ ءَامَنُوا۟ وَعَمِلُوا۟ ٱلصَّـٰلِحَـٰتِ فَيُوَفِّيهِمْ أُجُورَهُمْ ۗ وَٱللَّهُ لَا يُحِبُّ ٱلظَّـٰلِمِينَ,12,57,36,10,"ء,ح,ذ,ص,ظ,ع,ه",3,0,1,0,2,2,0,0,41,3.416667,0.719298
4,111,وَمَن يَكْسِبْ إِثْمًا فَإِنَّمَا يَكْسِبُهُۥ عَلَىٰ نَفْسِهِۦ ۚ وَكَانَ ٱللَّهُ عَلِيمًا حَكِيمًا,12,46,33,7,"ث,ح,ع,ه",6,0,2,0,2,0,0,2,41,3.416667,0.891304
4,130,وَإِن يَتَفَرَّقَا يُغْنِ ٱللَّهُ كُلًّا مِّن سَعَتِهِۦ ۚ وَكَانَ ٱللَّهُ وَٰسِعًا حَكِيمًا,12,42,33,8,"ح,ع,غ,ق,ه",6,0,2,0,2,0,0,2,41,3.416667,0.97619
7,151,قَالَ رَبِّ ٱغْفِرْ لِى وَلِأَخِى وَأَدْخِلْنَا فِى رَحْمَتِكَ ۖ وَأَنتَ أَرْحَمُ ٱلرَّٰحِمِينَ,12,45,34,7,"ح,خ,غ,ق",6,0,2,0,1,0,1,0,41,3.416667,0.911111
11,86,بَقِيَّتُ ٱللَّهِ خَيْرٌ لَّكُمْ إِن كُنتُم مُّؤْمِنِينَ ۚ وَمَآ أَنَا۠ عَلَيْكُم بِحَفِيظٍ,12,42,28,6,"ح,خ,ظ,ع,ق,ه",12,0,4,0,1,0,0,1,41,3.416667,0.97619
12,72,قَالُوا۟ نَفْقِدُ صُوَاعَ ٱلْمَلِكِ وَلِمَن جَآءَ بِهِۦ حِمْلُ بَعِيرٍ وَأَنَا۠ بِهِۦ زَعِيمٌ,12,44,39,10,"ء,ح,ص,ع,ق,ه",0,0,0,0,2,0,1,1,41,3.416667,0.931818
17,40,أَفَأَصْفَىٰكُمْ رَبُّكُم بِٱلْبَنِينَ وَٱتَّخَذَ مِنَ ٱلْمَلَـٰٓئِكَةِ إِنَـٰثًا ۚ إِنَّكُمْ لَتَقُولُونَ قَوْلًا عَظِيمًا,12,57,35,8,"ث,خ,ذ,ص,ظ,ع,ق",4,2,0,0,2,0,1,1,41,3.416667,0.719298
19,39,وَأَنذِرْهُمْ يَوْمَ ٱلْحَسْرَةِ إِذْ قُضِىَ ٱلْأَمْرُ وَهُمْ فِى غَفْلَةٍ وَهُمْ لَا يُؤْمِنُونَ,12,46,32,9,"ح,ذ,ض,غ,ق,ه",8,1,2,0,1,0,0,1,41,3.416667,0.891304
21,94,فَمَن يَعْمَلْ مِنَ ٱلصَّـٰلِحَـٰتِ وَهُوَ مُؤْمِنٌ فَلَا كُفْرَانَ لِسَعْيِهِۦ وَإِنَّا لَهُۥ كَـٰتِبُونَ,12,46,30,7,"ح,ص,ع,ه",9,0,3,0,2,1,0,1,41,3.416667,0.891304
23,83,لَقَدْ وُعِدْنَا نَحْنُ وَءَابَآؤُنَا هَـٰذَا مِن قَبْلُ إِنْ هَـٰذَآ إِلَّآ أَسَـٰطِيرُ ٱلْأَوَّلِينَ,12,47,32,10,"ء,ح,ذ,ط,ع,ق,ه",4,2,0,0,5,0,4,1,41,3.416667,0.87234
27,52,فَتِلْكَ بُيُوتُهُمْ خَاوِيَةًۢ بِمَا ظَلَمُوٓا۟ ۗ إِنَّ فِى ذَٰلِكَ لَـَٔايَةً لِّقَوْمٍ يَعْلَمُونَ,12,44,26,6,"خ,ذ,ظ,ع,ق,ه",12,0,4,0,3,0,0,3,41,3.416667,0.931818
27,68,لَقَدْ وُعِدْنَا هَـٰذَا نَحْنُ وَءَابَآؤُنَا مِن قَبْلُ إِنْ هَـٰذَآ إِلَّآ أَسَـٰطِيرُ ٱلْأَوَّلِينَ,12,47,32,10,"ء,ح,ذ,ط,ع,ق,ه",4,2,0,0,5,0,4,1,41,3.416667,0.87234
28,39,وَٱسْتَكْبَرَ هُوَ وَجُنُودُهُۥ فِى ٱلْأَرْضِ بِغَيْرِ ٱلْحَقِّ وَظَنُّوٓا۟ أَنَّهُمْ إِلَيْنَا لَا يُرْجَعُونَ,12,52,37,9,"ح,ض,ظ,ع,غ,ق,ه",3,0,1,0,1,1,0,0,41,3.416667,0.788462
34,28,وَمَآ أَرْسَلْنَـٰكَ إِلَّا كَآفَّةً لِّلنَّاسِ بَشِيرًا وَنَذِيرًا وَلَـٰكِنَّ أَكْثَرَ ٱلنَّاسِ لَا يَعْلَمُونَ,12,53,20,3,"ث,ذ,ع",18,0,6,0,3,0,0,3,41,3.416667,0.773585
36,9,وَجَعَلْنَا مِنۢ بَيْنِ أَيْدِيهِمْ سَدًّا وَمِنْ خَلْفِهِمْ سَدًّا فَأَغْشَيْنَـٰهُمْ فَهُمْ لَا يُبْصِرُونَ,12,50,31,8,"خ,ص,ع,غ,ه",6,0,2,0,4,0,1,3,41,3.416667,0.82
59,1,سَبَّحَ لِلَّهِ مَا فِى ٱلسَّمَـٰوَٰتِ وَمَا فِى ٱلْأَرْضِ ۖ وَهُوَ ٱلْعَزِيزُ ٱلْحَكِيمُ,12,41,32,6,"ح,ض,ع,ه",9,0,3,0,0,0,0,0,41,3.416667,1.0
71,25,مِّمَّا خَطِيٓـَٔـٰتِهِمْ أُغْرِقُوا۟ فَأُدْخِلُوا۟ نَارًا فَلَمْ يَجِدُوا۟ لَهُم مِّن دُونِ ٱللَّهِ أَنصَارًا,12,52,31,9,"خ,ص,ط,غ,ق,ه",8,1,2,0,2,0,1,1,41,3.416667,0.788462
2,50,وَإِذْ فَرَقْنَا بِكُمُ ٱلْبَحْرَ فَأَنجَيْنَـٰكُمْ وَأَغْرَقْنَآ ءَالَ فِرْعَوْنَ وَأَنتُمْ تَنظُرُونَ,10,50,34,8,"ء,ح,ذ,ظ,ع,غ,ق",0,0,0,0,0,0,0,0,34,3.4,0.68
3,189,وَلِلَّهِ مُلْكُ ٱلسَّمَـٰوَٰتِ وَٱلْأَرْضِ ۗ وَٱللَّهُ عَلَىٰ كُلِّ شَىْءٍ قَدِيرٌ,10,36,24,6,"ء,ض,ع,ق,ه",9,0,3,0,1,0,0,1,34,3.4,0.944444
4,45,وَٱللَّهُ أَعْلَمُ بِأَعْدَآئِكُمْ ۚ وَكَفَىٰ بِٱللَّهِ وَلِيًّا وَكَفَىٰ بِٱللَّهِ نَصِيرًا,10,44,24,6,"ص,ع,ه",9,0,3,0,1,0,0,1,34,3.4,0.772727
9,56,وَيَحْلِفُونَ بِٱللَّهِ إِنَّهُمْ لَمِنكُمْ وَمَا هُم مِّنكُمْ وَلَـٰكِنَّهُمْ قَوْمٌ يَفْرَقُونَ,10,45,24,7,"ح,ق,ه",9,0,3,0,1,0,0,1,34,3.4,0.755556
17,90,وَقَالُوا۟ لَن نُّؤْمِنَ لَكَ حَتَّىٰ تَفْجُرَ لَنَا مِنَ ٱلْأَرْضِ يَنۢبُوعًا,10,37,22,4,"ح,ض,ع,ق",12,0,4,0,0,0,0,0,34,3.4,0.918919
54,34,إِنَّآ أَرْسَلْنَا عَلَيْهِمْ حَاصِبًا إِلَّآ ءَالَ لُوطٍ ۖ نَّجَّيْنَـٰهُم بِسَحَرٍ,10,38,30,8,"ء,ح,ص,ط,ع,ه",3,0,1,0,1,0,1,0,34,3.4,0.894737
70,11,يُبَصَّرُونَهُمْ ۚ يَوَدُّ ٱلْمُجْرِمُ لَوْ يَفْتَدِى مِنْ عَذَابِ يَوْمِئِذٍۭ بِبَنِيهِ,10,40,20,6,"ذ,ص,ع,ه",11,1,3,0,3,1,0,2,34,3.4,0.85
73,19,إِنَّ هَـٰذِهِۦ تَذْكِرَةٌ ۖ فَمَن شَآءَ ٱتَّخَذَ إِلَىٰ رَبِّهِۦ سَبِيلًا,10,31,26,8,"ء,خ,ذ,ه",6,3,0,0,2,0,2,0,34,3.4,1.096774
15,12,كَذَٰلِكَ نَسْلُكُهُۥ فِى قُلُوبِ ٱلْمُجْرِمِينَ,5,23,14,3,"ذ,ق,ه",3,0,1,0,0,0,0,0,17,3.4,0.73913
15,78,وَإِن كَانَ أَصْحَـٰبُ ٱلْأَيْكَةِ لَظَـٰلِمِينَ,5,22,14,3,"ح,ص,ظ",2,1,0,0,1,0,1,0,17,3.4,0.772727
15,86,إِنَّ رَبَّكَ هُوَ ٱلْخَلَّـٰقُ ٱلْعَلِيمُ,5,18,16,4,"خ,ع,ق,ه",0,0,0,0,1,0,1,0,17,3.4,0.944444
20,37,وَلَقَدْ مَنَنَّا عَلَيْكَ مَرَّةً أُخْرَىٰٓ,5,19,14,3,"خ,ع,ق",3,0,1,0,0,0,0,0,17,3.4,0.894737
20,62,فَتَنَـٰزَعُوٓا۟ أَمْرَهُم بَيْنَهُمْ وَأَسَرُّوا۟ ٱلنَّجْوَىٰ,5,29,13,3,"ع,ه",3,0,1,0,1,0,1,0,17,3.4,0.586207
26,23,قَالَ فِرْعَوْنُ وَمَا رَبُّ ٱلْعَـٰلَمِينَ,5,20,14,3,"ع,ق",3,0,1,0,0,0,0,0,17,3.4,0.85
26,25,قَالَ لِمَنْ حَوْلَهُۥٓ أَلَا تَسْتَمِعُونَ,5,20,16,4,"ح,ع,ق,ه",0,0,0,0,1,0,0,1,17,3.4,0.85
26,117,قَالَ رَبِّ إِنَّ قَوْمِى كَذَّبُونِ,5,16,10,3,"ذ,ق",6,0,2,0,1,1,0,0,17,3.4,1.0625
37,7,وَحِفْظًا مِّن كُلِّ شَيْطَـٰنٍ مَّارِدٍ,5,17,15,3,"ح,ط,ظ",0,0,0,0,2,0,0,2,17,3.4,1.0
37,20,وَقَالُوا۟ يَـٰوَيْلَنَا هَـٰذَا يَوْمُ ٱلدِّينِ,5,23,8,3,"ذ,ق,ه",8,1,2,0,1,0,1,0,17,3.4,0.73913
37,114,وَلَقَدْ مَنَنَّا عَلَىٰ مُوسَىٰ وَهَـٰرُونَ,5,20,11,3,"ع,ق,ه",6,0,2,0,0,0,0,0,17,3.4,0.85
44,49,ذُقْ إِنَّكَ أَنتَ ٱلْعَزِيزُ ٱلْكَرِيمُ,5,20,15,3,"ذ,ع,ق",2,1,0,0,0,0,0,0,17,3.4,0.85
48,1,إِنَّا فَتَحْنَا لَكَ فَتْحًا مُّبِينًا,5,19,13,2,ح,3,0,1,0,1,0,0,1,17,3.4,0.894737
50,31,وَأُزْلِفَتِ ٱلْجَنَّةُ لِلْمُتَّقِينَ غَيْرَ بَعِيدٍ,5,25,14,3,"ع,غ,ق",3,0,1,0,0,0,0,0,17,3.4,0.68
50,40,وَمِنَ ٱلَّيْلِ فَسَبِّحْهُ وَأَدْبَـٰرَ ٱلسُّجُودِ,5,23,11,2,"ح,ه",6,0,2,0,0,0,0,0,17,3.4,0.73913
51,47,وَٱلسَّمَآءَ بَنَيْنَـٰهَا بِأَيْي۟دٍ وَإِنَّا لَمُوسِعُونَ,5,29,11,3,"ء,ع,ه",3,0,1,0,3,0,2,1,17,3.4,0.586207
52,41,أَمْ عِندَهُمُ ٱلْغَيْبُ فَهُمْ يَكْتُبُونَ,5,21,14,4,"ع,غ,ه",3,0,1,0,0,0,0,0,17,3.4,0.809524
55,44,يَطُوفُونَ بَيْنَهَا وَبَيْنَ حَمِيمٍ ءَانٍ,5,22,13,4,"ء,ح,ط,ه",3,0,1,0,1,0,0,1,17,3.4,0.772727
56,19,لَّا يُصَدَّعُونَ عَنْهَا وَلَا يُنزِفُونَ,5,21,17,4,"ص,ع,ه",0,0,0,0,0,0,0,0,17,3.4,0.809524
70,37,عَنِ ٱلْيَمِينِ وَعَنِ ٱلشِّمَالِ عِزِينَ,5,21,17,3,ع,0,0,0,0,0,0,0,0,17,3.4,0.809524
79,42,يَسْـَٔلُونَكَ عَنِ ٱلسَّاعَةِ أَيَّانَ مُرْسَىٰهَا,5,24,16,3,"ع,ه",0,0,0,0,1,0,1,0,17,3.4,0.708333
82,5,عَلِمَتْ نَفْسٌ مَّا قَدَّمَتْ وَأَخَّرَتْ,5,18,15,3,"خ,ع,ق",0,0,0,0,2,1,0,1,17,3.4,0.944444
102,5,كَلَّا لَوْ تَعْلَمُونَ عِلْمَ ٱلْيَقِينِ,5,20,14,3,"ع,ق",3,0,1,0,0,0,0,0,17,3.4,0.85
113,3,وَمِن شَرِّ غَاسِقٍ إِذَا وَقَبَ,5,15,14,4,"ذ,غ,ق",3,0,1,0,0,0,0,0,17,3.4,1.133333
10,96,إِنَّ ٱلَّذِينَ حَقَّتْ عَلَيْهِمْ كَلِمَتُ رَبِّكَ لَا يُؤْمِنُونَ,8,30,20,5,"ح,ذ,ع,ق,ه",6,0,2,0,1,1,0,0,27,3.375,0.9
15,26,وَلَقَدْ خَلَقْنَا ٱلْإِنسَـٰنَ مِن صَلْصَـٰلٍ مِّنْ حَمَإٍ مَّسْنُونٍ,8,31,24,6,"ح,خ,ص,ق",0,0,0,0,3,0,0,3,27,3.375,0.870968
15,56,قَالَ وَمَن يَقْنَطُ مِن رَّحْمَةِ رَبِّهِۦٓ إِلَّا ٱلضَّآلُّونَ,8,29,22,6,"ح,ض,ط,ق,ه",3,0,1,0,2,1,1,0,27,3.375,0.931034
16,55,لِيَكْفُرُوا۟ بِمَآ ءَاتَيْنَـٰهُمْ ۚ فَتَمَتَّعُوا۟ ۖ فَسَوْفَ تَعْلَمُونَ,8,34,20,4,"ء,ع,ه",6,0,2,0,1,0,1,0,27,3.375,0.794118
16,128,إِنَّ ٱللَّهَ مَعَ ٱلَّذِينَ ٱتَّقَوا۟ وَّٱلَّذِينَ هُم مُّحْسِنُونَ,8,32,24,7,"ح,ذ,ع,ق,ه",3,0,1,0,0,0,0,0,27,3.375,0.84375
18,68,وَكَيْفَ تَصْبِرُ عَلَىٰ مَا لَمْ تُحِطْ بِهِۦ خُبْرًا,8,24,25,6,"ح,خ,ص,ط,ع,ه",2,1,0,0,0,0,0,0,27,3.375,1.125
20,70,فَأُلْقِىَ ٱلسَّحَرَةُ سُجَّدًا قَالُوٓا۟ ءَامَنَّا بِرَبِّ هَـٰرُونَ وَمُوسَىٰ,8,37,20,5,"ء,ح,ق,ه",6,0,2,0,1,0,0,1,27,3.375,0.72973
21,49,ٱلَّذِينَ يَخْشَوْنَ رَبَّهُم بِٱلْغَيْبِ وَهُم مِّنَ ٱلسَّاعَةِ مُشْفِقُونَ,8,37,27,7,"خ,ذ,ع,غ,ق,ه",0,0,0,0,0,0,0,0,27,3.375,0.72973
26,22,وَتِلْكَ نِعْمَةٌ تَمُنُّهَا عَلَىَّ أَنْ عَبَّدتَّ بَنِىٓ إِسْرَٰٓءِيلَ,8,31,21,5,"ء,ع,ه",3,0,1,0,3,0,1,2,27,3.375,0.870968
28,62,وَيَوْمَ يُنَادِيهِمْ فَيَقُولُ أَيْنَ شُرَكَآءِىَ ٱلَّذِينَ كُنتُمْ تَزْعُمُونَ,8,40,20,5,"ء,ذ,ع,ق,ه",6,0,2,0,1,0,1,0,27,3.375,0.675
36,10,وَسَوَآءٌ عَلَيْهِمْ ءَأَنذَرْتَهُمْ أَمْ لَمْ تُنذِرْهُمْ لَا يُؤْمِنُونَ,8,36,22,8,"ء,ذ,ع,ه",3,0,1,0,2,0,1,1,27,3.375,0.75
36,41,وَءَايَةٌ لَّهُمْ أَنَّا حَمَلْنَا ذُرِّيَّتَهُمْ فِى ٱلْفُلْكِ ٱلْمَشْحُونِ,8,36,23,6,"ء,ح,ذ,ه",3,0,1,0,1,0,0,1,27,3.375,0.75
37,105,قَدْ صَدَّقْتَ ٱلرُّءْيَآ ۚ إِنَّا كَذَٰلِكَ نَجْزِى ٱلْمُحْسِنِينَ,8,31,24,6,"ء,ح,ذ,ص,ق",3,0,1,0,0,0,0,0,27,3.375,0.870968
44,29,فَمَا بَكَتْ عَلَيْهِمُ ٱلسَّمَآءُ وَٱلْأَرْضُ وَمَا كَانُوا۟ مُنظَرِينَ,8,37,23,5,"ء,ض,ظ,ع,ه",3,0,1,0,1,0,1,0,27,3.375,0.72973
67,24,قُلْ هُوَ ٱلَّذِى ذَرَأَكُمْ فِى ٱلْأَرْضِ وَإِلَيْهِ تُحْشَرُونَ,8,31,27,7,"ح,ذ,ض,ق,ه",0,0,0,0,0,0,0,0,27,3.375,0.870968
76,15,وَيُطَافُ عَلَيْهِم بِـَٔانِيَةٍ مِّن فِضَّةٍ وَأَكْوَابٍ كَانَتْ قَوَارِيرَا۠,8,37,23,5,"ض,ط,ع,ق,ه",0,0,0,0,4,1,0,3,27,3.375,0.72973
83,29,إِنَّ ٱلَّذِينَ أَجْرَمُوا۟ كَانُوا۟ مِنَ ٱلَّذِينَ ءَامَنُوا۟ يَضْحَكُونَ,8,37,22,5,"ء,ح,ذ,ض",5,1,1,0,0,0,0,0,27,3.375,0.72973
2,88,وَقَالُوا۟ قُلُوبُنَا غُلْفٌۢ ۚ بَل لَّعَنَهُمُ ٱللَّهُ بِكُفْرِهِمْ فَقَلِيلًا مَّا يُؤْمِنُونَ,11,46,27,8,"ع,غ,ق,ه",9,0,3,0,1,0,0,1,37,3.363636,0.804348
3,94,فَمَنِ ٱفْتَرَىٰ عَلَى ٱللَّهِ ٱلْكَذِبَ مِنۢ بَعْدِ ذَٰلِكَ فَأُو۟لَـٰٓئِكَ هُمُ ٱلظَّـٰلِمُونَ,11,43,30,7,"ذ,ظ,ع,ه",6,0,2,0,1,1,0,0,37,3.363636,0.860465
6,24,ٱنظُرْ كَيْفَ كَذَبُوا۟ عَلَىٰٓ أَنفُسِهِمْ ۚ وَضَلَّ عَنْهُم مَّا كَانُوا۟ يَفْتَرُونَ,11,41,34,7,"ذ,ض,ظ,ع,ه",3,0,1,0,0,0,0,0,37,3.363636,0.902439
7,178,مَن يَهْدِ ٱللَّهُ فَهُوَ ٱلْمُهْتَدِى ۖ وَمَن يُضْلِلْ فَأُو۟لَـٰٓئِكَ هُمُ ٱلْخَـٰسِرُونَ,11,41,25,7,"خ,ض,ه",12,0,4,0,0,0,0,0,37,3.363636,0.902439
8,40,وَإِن تَوَلَّوْا۟ فَٱعْلَمُوٓا۟ أَنَّ ٱللَّهَ مَوْلَىٰكُمْ ۚ نِعْمَ ٱلْمَوْلَىٰ وَنِعْمَ ٱلنَّصِيرُ,11,46,22,5,"ص,ع,ه",15,0,5,0,0,0,0,0,37,3.363636,0.804348
12,34,فَٱسْتَجَابَ لَهُۥ رَبُّهُۥ فَصَرَفَ عَنْهُ كَيْدَهُنَّ ۚ إِنَّهُۥ هُوَ ٱلسَّمِيعُ ٱلْعَلِيمُ,11,41,37,10,"ص,ع,ه",0,0,0,0,0,0,0,0,37,3.363636,0.902439
15,21,وَإِن مِّن شَىْءٍ إِلَّا عِندَنَا خَزَآئِنُهُۥ وَمَا نُنَزِّلُهُۥٓ إِلَّا بِقَدَرٍ مَّعْلُومٍ,11,42,27,7,"ء,خ,ع,ق,ه",9,0,3,0,1,0,0,1,37,3.363636,0.880952
19,45,يَـٰٓأَبَتِ إِنِّىٓ أَخَافُ أَن يَمَسَّكَ عَذَابٌ مِّنَ ٱلرَّحْمَـٰنِ فَتَكُونَ لِلشَّيْطَـٰنِ وَلِيًّا,11,44,27,5,"ح,خ,ذ,ط,ع",8,1,2,0,2,0,1,1,37,3.363636,0.840909
25,34,ٱلَّذِينَ يُحْشَرُونَ عَلَىٰ وُجُوهِهِمْ إِلَىٰ جَهَنَّمَ أُو۟لَـٰٓئِكَ شَرٌّ مَّكَانًا وَأَضَلُّ سَبِيلًا,11,48,32,7,"ح,ذ,ض,ع,ه",3,0,1,0,2,0,0,2,37,3.363636,0.770833
28,14,وَلَمَّا بَلَغَ أَشُدَّهُۥ وَٱسْتَوَىٰٓ ءَاتَيْنَـٰهُ حُكْمًا وَعِلْمًا ۚ وَكَذَٰلِكَ نَجْزِى ٱلْمُحْسِنِينَ,11,49,35,8,"ء,ح,ذ,ع,غ,ه",0,0,0,0,2,0,1,1,37,3.363636,0.755102
36,77,أَوَلَمْ يَرَ ٱلْإِنسَـٰنُ أَنَّا خَلَقْنَـٰهُ مِن نُّطْفَةٍ فَإِذَا هُوَ خَصِيمٌ مُّبِينٌ,11,40,29,8,"خ,ذ,ص,ط,ق,ه",5,1,1,0,3,0,1,2,37,3.363636,0.925
37,158,وَجَعَلُوا۟ بَيْنَهُۥ وَبَيْنَ ٱلْجِنَّةِ نَسَبًا ۚ وَلَقَدْ عَلِمَتِ ٱلْجِنَّةُ إِنَّهُمْ لَمُحْضَرُونَ,11,47,32,7,"ح,ض,ع,ق,ه",5,1,1,0,0,0,0,0,37,3.363636,0.787234
43,40,أَفَأَنتَ تُسْمِعُ ٱلصُّمَّ أَوْ تَهْدِى ٱلْعُمْىَ وَمَن كَانَ فِى ضَلَـٰلٍ مُّبِينٍ,11,39,25,5,"ص,ض,ع,ه",9,0,3,0,3,1,1,1,37,3.363636,0.948718
68,7,إِنَّ رَبَّكَ هُوَ أَعْلَمُ بِمَن ضَلَّ عَن سَبِيلِهِۦ وَهُوَ أَعْلَمُ بِٱلْمُهْتَدِينَ,11,39,31,8,"ض,ع,ه",6,0,2,0,0,0,0,0,37,3.363636,0.948718
78,37,رَّبِّ ٱلسَّمَـٰوَٰتِ وَٱلْأَرْضِ وَمَا بَيْنَهُمَا ٱلرَّحْمَـٰنِ ۖ لَا يَمْلِكُونَ مِنْهُ خِطَابًا,11,45,25,6,"ح,خ,ض,ط,ه",11,1,3,0,1,0,1,0,37,3.363636,0.822222
2,117,بَدِيعُ ٱلسَّمَـٰوَٰتِ وَٱلْأَرْضِ ۖ وَإِذَا قَضَىٰٓ أَمْرًا فَإِنَّمَا يَقُولُ لَهُۥ كُن فَيَكُونُ,12,45,33,7,"ذ,ض,ع,ق,ه",5,1,1,0,2,0,1,1,40,3.333333,0.888889
4,147,مَّا يَفْعَلُ ٱللَّهُ بِعَذَابِكُمْ إِن شَكَرْتُمْ وَءَامَنتُمْ ۚ وَكَانَ ٱللَّهُ شَاكِرًا عَلِيمًا,12,49,31,7,"ء,ذ,ع,ه",8,1,2,0,1,0,0,1,40,3.333333,0.816327
10,51,أَثُمَّ إِذَا مَا وَقَعَ ءَامَنتُم بِهِۦٓ ۚ ءَآلْـَٔـٰنَ وَقَدْ كُنتُم بِهِۦ تَسْتَعْجِلُونَ,12,40,33,10,"ء,ث,ذ,ع,ق,ه",6,0,2,0,1,0,1,0,40,3.333333,1.0
16,22,إِلَـٰهُكُمْ إِلَـٰهٌ وَٰحِدٌ ۚ فَٱلَّذِينَ لَا يُؤْمِنُونَ بِٱلْـَٔاخِرَةِ قُلُوبُهُم مُّنكِرَةٌ وَهُم مُّسْتَكْبِرُونَ,12,54,29,8,"ح,خ,ذ,ق,ه",6,0,2,0,5,0,3,2,40,3.333333,0.740741
17,2,وَءَاتَيْنَا مُوسَى ٱلْكِتَـٰبَ وَجَعَلْنَـٰهُ هُدًى لِّبَنِىٓ إِسْرَٰٓءِيلَ أَلَّا تَتَّخِذُوا۟ مِن دُونِى وَكِيلًا,12,55,26,7,"ء,خ,ذ,ع,ه",11,1,3,0,3,0,2,1,40,3.333333,0.727273
18,62,فَلَمَّا جَاوَزَا قَالَ لِفَتَىٰهُ ءَاتِنَا غَدَآءَنَا لَقَدْ لَقِينَا مِن سَفَرِنَا هَـٰذَا نَصَبًا,12,50,32,10,"ء,ذ,ص,غ,ق,ه",5,1,1,0,3,0,3,0,40,3.333333,0.8
19,61,جَنَّـٰتِ عَدْنٍ ٱلَّتِى وَعَدَ ٱلرَّحْمَـٰنُ عِبَادَهُۥ بِٱلْغَيْبِ ۚ إِنَّهُۥ كَانَ وَعْدُهُۥ مَأْتِيًّا,12,45,36,9,"ح,ع,غ,ه",3,0,1,0,1,0,1,0,40,3.333333,0.888889
20,117,فَقُلْنَا يَـٰٓـَٔادَمُ إِنَّ هَـٰذَا عَدُوٌّ لَّكَ وَلِزَوْجِكَ فَلَا يُخْرِجَنَّكُمَا مِنَ ٱلْجَنَّةِ فَتَشْقَىٰٓ,12,48,32,6,"خ,ذ,ع,ق,ه",5,1,1,0,3,0,2,1,40,3.333333,0.833333
47,35,فَلَا تَهِنُوا۟ وَتَدْعُوٓا۟ إِلَى ٱلسَّلْمِ وَأَنتُمُ ٱلْأَعْلَوْنَ وَٱللَّهُ مَعَكُمْ وَلَن يَتِرَكُمْ أَعْمَـٰلَكُمْ,12,57,29,6,"ع,ه",9,0,3,0,2,0,2,0,40,3.333333,0.701754
67,22,أَفَمَن يَمْشِى مُكِبًّا عَلَىٰ وَجْهِهِۦٓ أَهْدَىٰٓ أَمَّن يَمْشِى سَوِيًّا عَلَىٰ صِرَٰطٍ مُّسْتَقِيمٍ,12,46,32,8,"ص,ط,ع,ق,ه",3,0,1,0,5,0,2,3,40,3.333333,0.869565
2,77,أَوَلَا يَعْلَمُونَ أَنَّ ٱللَّهَ يَعْلَمُ مَا يُسِرُّونَ وَمَا يُعْلِنُونَ,9,36,18,4,"ع,ه",12,0,4,0,0,0,0,0,30,3.333333,0.833333
3,182,ذَٰلِكَ بِمَا قَدَّمَتْ أَيْدِيكُمْ وَأَنَّ ٱللَّهَ لَيْسَ بِظَلَّامٍ لِّلْعَبِيدِ,9,37,20,5,"ذ,ظ,ع,ق,ه",9,0,3,0,1,0,0,1,30,3.333333,0.810811
20,84,قَالَ هُمْ أُو۟لَآءِ عَلَىٰٓ أَثَرِى وَعَجِلْتُ إِلَيْكَ رَبِّ لِتَرْضَىٰ,9,33,28,7,"ء,ث,ض,ع,ق,ه",0,0,0,0,2,0,2,0,30,3.333333,0.909091
20,85,قَالَ فَإِنَّا قَدْ فَتَنَّا قَوْمَكَ مِنۢ بَعْدِكَ وَأَضَلَّهُمُ ٱلسَّامِرِىُّ,9,36,27,6,"ض,ع,ق,ه",3,0,1,0,0,0,0,0,30,3.333333,0.833333
21,10,لَقَدْ أَنزَلْنَآ إِلَيْكُمْ كِتَـٰبًا فِيهِ ذِكْرُكُمْ ۖ أَفَلَا تَعْقِلُونَ,9,36,23,5,"ذ,ع,ق,ه",6,0,2,0,1,0,0,1,30,3.333333,0.833333
22,69,ٱللَّهُ يَحْكُمُ بَيْنَكُمْ يَوْمَ ٱلْقِيَـٰمَةِ فِيمَا كُنتُمْ فِيهِ تَخْتَلِفُونَ,9,40,23,5,"ح,خ,ق,ه",6,0,2,0,1,0,1,0,30,3.333333,0.75
24,24,يَوْمَ تَشْهَدُ عَلَيْهِمْ أَلْسِنَتُهُمْ وَأَيْدِيهِمْ وَأَرْجُلُهُم بِمَا كَانُوا۟ يَعْمَلُونَ,9,47,24,7,"ع,ه",6,0,2,0,0,0,0,0,30,3.333333,0.638298
27,70,وَلَا تَحْزَنْ عَلَيْهِمْ وَلَا تَكُن فِى ضَيْقٍ مِّمَّا يَمْكُرُونَ,9,32,25,5,"ح,ض,ع,ق,ه",3,0,1,0,2,0,0,2,30,3.333333,0.9375
49,4,إِنَّ ٱلَّذِينَ يُنَادُونَكَ مِن وَرَآءِ ٱلْحُجُرَٰتِ أَكْثَرُهُمْ لَا يَعْقِلُونَ,9,40,26,7,"ء,ث,ح,ذ,ع,ق,ه",3,0,1,0,1,0,1,0,30,3.333333,0.75
51,46,وَقَوْمَ نُوحٍ مِّن قَبْلُ ۖ إِنَّهُمْ كَانُوا۟ قَوْمًا فَـٰسِقِينَ,9,30,22,6,"ح,ق,ه",6,0,2,0,2,0,0,2,30,3.333333,1.0
72,3,وَأَنَّهُۥ تَعَـٰلَىٰ جَدُّ رَبِّنَا مَا ٱتَّخَذَ صَـٰحِبَةً وَلَا وَلَدًا,9,31,24,6,"ح,خ,ذ,ص,ع,ه",4,2,0,0,2,0,1,1,30,3.333333,0.967742
95,6,إِلَّا ٱلَّذِينَ ءَامَنُوا۟ وَعَمِلُوا۟ ٱلصَّـٰلِحَـٰتِ فَلَهُمْ أَجْرٌ غَيْرُ مَمْنُونٍ,9,41,25,7,"ء,ح,ذ,ص,ع,غ,ه",3,0,1,0,2,1,0,1,30,3.333333,0.731707
4,67,وَإِذًا لَّـَٔاتَيْنَـٰهُم مِّن لَّدُنَّآ أَجْرًا عَظِيمًا,6,26,15,4,"ذ,ظ,ع,ه",2,1,0,0,3,0,1,2,20,3.333333,0.769231
20,60,فَتَوَلَّىٰ فِرْعَوْنُ فَجَمَعَ كَيْدَهُۥ ثُمَّ أَتَىٰ,6,23,20,4,"ث,ع,ه",0,0,0,0,0,0,0,0,20,3.333333,0.869565
26,74,قَالُوا۟ بَلْ وَجَدْنَآ ءَابَآءَنَا كَذَٰلِكَ يَفْعَلُونَ,6,29,19,5,"ء,ذ,ع,ق",0,0,0,0,1,0,1,0,20,3.333333,0.689655
26,84,وَٱجْعَل لِّى لِسَانَ صِدْقٍ فِى ٱلْـَٔاخِرِينَ,6,23,19,4,"خ,ص,ع,ق",0,0,0,0,1,0,0,1,20,3.333333,0.869565
26,112,قَالَ وَمَا عِلْمِى بِمَا كَانُوا۟ يَعْمَلُونَ,6,24,14,3,"ع,ق",6,0,2,0,0,0,0,0,20,3.333333,0.833333
26,152,ٱلَّذِينَ يُفْسِدُونَ فِى ٱلْأَرْضِ وَلَا يُصْلِحُونَ,6,27,20,4,"ح,ذ,ص,ض",0,0,0,0,0,0,0,0,20,3.333333,0.740741
26,177,إِذْ قَالَ لَهُمْ شُعَيْبٌ أَلَا تَتَّقُونَ,6,20,17,5,"ذ,ع,ق,ه",3,0,1,0,0,0,0,0,20,3.333333,1.0
36,44,إِلَّا رَحْمَةً مِّنَّا وَمَتَـٰعًا إِلَىٰ حِينٍ,6,21,15,3,"ح,ع",3,0,1,0,2,0,1,1,20,3.333333,0.952381
37,150,أَمْ خَلَقْنَا ٱلْمَلَـٰٓئِكَةَ إِنَـٰثًا وَهُمْ شَـٰهِدُونَ,6,26,17,5,"ث,خ,ق,ه",0,0,0,0,3,0,2,1,20,3.333333,0.769231
38,2,بَلِ ٱلَّذِينَ كَفَرُوا۟ فِى عِزَّةٍ وَشِقَاقٍ,6,22,19,4,"ذ,ع,ق",0,0,0,0,1,0,0,1,20,3.333333,0.909091
39,1,تَنزِيلُ ٱلْكِتَـٰبِ مِنَ ٱللَّهِ ٱلْعَزِيزِ ٱلْحَكِيمِ,6,28,17,3,"ح,ع,ه",3,0,1,0,0,0,0,0,20,3.333333,0.714286
42,39,وَٱلَّذِينَ إِذَآ أَصَابَهُمُ ٱلْبَغْىُ هُمْ يَنتَصِرُونَ,6,29,19,7,"ذ,ص,غ,ه",0,0,0,0,1,0,1,0,20,3.333333,0.689655
43,74,إِنَّ ٱلْمُجْرِمِينَ فِى عَذَابِ جَهَنَّمَ خَـٰلِدُونَ,6,25,18,4,"خ,ذ,ع,ه",2,1,0,0,0,0,0,0,20,3.333333,0.8
44,10,فَٱرْتَقِبْ يَوْمَ تَأْتِى ٱلسَّمَآءُ بِدُخَانٍ مُّبِينٍ,6,28,12,3,"ء,خ,ق",6,0,2,0,2,0,1,1,20,3.333333,0.714286
44,14,ثُمَّ تَوَلَّوْا۟ عَنْهُ وَقَالُوا۟ مُعَلَّمٌ مَّجْنُونٌ,6,25,19,5,"ث,ع,ق,ه",0,0,0,0,1,0,0,1,20,3.333333,0.8
50,34,ٱدْخُلُوهَا بِسَلَـٰمٍ ۖ ذَٰلِكَ يَوْمُ ٱلْخُلُودِ,6,23,17,4,"خ,ذ,ه",3,0,1,0,0,0,0,0,20,3.333333,0.869565
52,15,أَفَسِحْرٌ هَـٰذَآ أَمْ أَنتُمْ لَا تُبْصِرُونَ,6,22,15,4,"ح,ذ,ص,ه",2,1,0,0,3,0,2,1,20,3.333333,0.909091
54,5,حِكْمَةٌۢ بَـٰلِغَةٌ ۖ فَمَا تُغْنِ ٱلنُّذُرُ,6,19,16,4,"ح,ذ,غ",3,0,1,0,1,0,0,1,20,3.333333,1.052632
77,48,وَإِذَا قِيلَ لَهُمُ ٱرْكَعُوا۟ لَا يَرْكَعُونَ,6,24,20,5,"ذ,ع,ق,ه",0,0,0,0,0,0,0,0,20,3.333333,0.833333
83,32,وَإِذَا رَأَوْهُمْ قَالُوٓا۟ إِنَّ هَـٰٓؤُلَآءِ لَضَآلُّونَ,6,27,18,6,"ء,ذ,ض,ق,ه",0,0,0,0,2,0,2,0,20,3.333333,0.740741
96,15,كَلَّا لَئِن لَّمْ يَنتَهِ لَنَسْفَعًۢا بِٱلنَّاصِيَةِ,6,26,13,3,"ص,ع,ه",6,0,2,0,1,0,0,1,20,3.333333,0.769231
3,12,قُل لِّلَّذِينَ كَفَرُوا۟ سَتُغْلَبُونَ وَتُحْشَرُونَ إِلَىٰ جَهَنَّمَ ۚ وَبِئْسَ ٱلْمِهَادُ,10,43,24,6,"ح,ذ,غ,ق,ه",9,0,3,0,0,0,0,0,33,3.3,0.767442
7,102,وَمَا وَجَدْنَا لِأَكْثَرِهِم مِّنْ عَهْدٍ ۖ وَإِن وَجَدْنَآ أَكْثَرَهُمْ لَفَـٰسِقِينَ,10,40,26,7,"ث,ع,ق,ه",6,0,2,0,1,0,0,1,33,3.3,0.825
14,40,رَبِّ ٱجْعَلْنِى مُقِيمَ ٱلصَّلَوٰةِ وَمِن ذُرِّيَّتِى ۚ رَبَّنَا وَتَقَبَّلْ دُعَآءِ,10,39,25,7,"ء,ذ,ص,ع,ق",6,0,2,0,2,1,1,0,33,3.3,0.846154
15,39,قَالَ رَبِّ بِمَآ أَغْوَيْتَنِى لَأُزَيِّنَنَّ لَهُمْ فِى ٱلْأَرْضِ وَلَأُغْوِيَنَّهُمْ أَجْمَعِينَ,10,46,27,7,"ض,ع,غ,ق,ه",6,0,2,0,0,0,0,0,33,3.3,0.717391
16,20,وَٱلَّذِينَ يَدْعُونَ مِن دُونِ ٱللَّهِ لَا يَخْلُقُونَ شَيْـًٔا وَهُمْ يُخْلَقُونَ,10,40,29,8,"خ,ذ,ع,ق,ه",3,0,1,0,1,0,0,1,33,3.3,0.825
17,3,ذُرِّيَّةَ مَنْ حَمَلْنَا مَعَ نُوحٍ ۚ إِنَّهُۥ كَانَ عَبْدًا شَكُورًا,10,31,28,6,"ح,ذ,ع,ه",3,0,1,0,2,0,0,2,33,3.3,1.064516
17,41,وَلَقَدْ صَرَّفْنَا فِى هَـٰذَا ٱلْقُرْءَانِ لِيَذَّكَّرُوا۟ وَمَا يَزِيدُهُمْ إِلَّا نُفُورًا,10,45,26,8,"ء,ذ,ص,ق,ه",5,1,1,0,2,1,1,0,33,3.3,0.733333
20,15,إِنَّ ٱلسَّاعَةَ ءَاتِيَةٌ أَكَادُ أُخْفِيهَا لِتُجْزَىٰ كُلُّ نَفْسٍۭ بِمَا تَسْعَىٰ,10,40,28,5,"ء,خ,ع,ه",3,0,1,0,2,0,1,1,33,3.3,0.825
20,110,يَعْلَمُ مَا بَيْنَ أَيْدِيهِمْ وَمَا خَلْفَهُمْ وَلَا يُحِيطُونَ بِهِۦ عِلْمًا,10,38,30,8,"ح,خ,ط,ع,ه",3,0,1,0,0,0,0,0,33,3.3,0.868421
22,1,يَـٰٓأَيُّهَا ٱلنَّاسُ ٱتَّقُوا۟ رَبَّكُمْ ۚ إِنَّ زَلْزَلَةَ ٱلسَّاعَةِ شَىْءٌ عَظِيمٌ,10,39,27,6,"ء,ظ,ع,ق,ه",5,1,1,0,1,0,0,1,33,3.3,0.846154
25,73,وَٱلَّذِينَ إِذَا ذُكِّرُوا۟ بِـَٔايَـٰتِ رَبِّهِمْ لَمْ يَخِرُّوا۟ عَلَيْهَا صُمًّا وَعُمْيَانًا,10,44,32,9,"خ,ذ,ص,ع,ه",0,0,0,0,1,0,0,1,33,3.3,0.75
27,48,وَكَانَ فِى ٱلْمَدِينَةِ تِسْعَةُ رَهْطٍ يُفْسِدُونَ فِى ٱلْأَرْضِ وَلَا يُصْلِحُونَ,10,42,30,6,"ح,ص,ض,ط,ع,ه",2,1,0,0,1,0,0,1,33,3.3,0.785714
42,30,وَمَآ أَصَـٰبَكُم مِّن مُّصِيبَةٍ فَبِمَا كَسَبَتْ أَيْدِيكُمْ وَيَعْفُوا۟ عَن كَثِيرٍ,10,41,26,5,"ث,ص,ع",6,0,2,0,1,0,0,1,33,3.3,0.804878
50,19,وَجَآءَتْ سَكْرَةُ ٱلْمَوْتِ بِٱلْحَقِّ ۖ ذَٰلِكَ مَا كُنتَ مِنْهُ تَحِيدُ,10,34,25,6,"ء,ح,ذ,ق,ه",6,0,2,0,2,1,1,0,33,3.3,0.970588
51,25,إِذْ دَخَلُوا۟ عَلَيْهِ فَقَالُوا۟ سَلَـٰمًا ۖ قَالَ سَلَـٰمٌ قَوْمٌ مُّنكَرُونَ,10,36,28,7,"خ,ذ,ع,ق,ه",3,0,1,0,2,0,0,2,33,3.3,0.916667
52,38,أَمْ لَهُمْ سُلَّمٌ يَسْتَمِعُونَ فِيهِ ۖ فَلْيَأْتِ مُسْتَمِعُهُم بِسُلْطَـٰنٍ مُّبِينٍ,10,39,25,6,"ط,ع,ه",6,0,2,0,2,0,0,2,33,3.3,0.846154
53,52,وَقَوْمَ نُوحٍ مِّن قَبْلُ ۖ إِنَّهُمْ كَانُوا۟ هُمْ أَظْلَمَ وَأَطْغَىٰ,10,32,26,8,"ح,ط,ظ,غ,ق,ه",5,1,1,0,2,0,1,1,33,3.3,1.03125
89,23,وَجِا۟ىٓءَ يَوْمَئِذٍۭ بِجَهَنَّمَ ۚ يَوْمَئِذٍ يَتَذَكَّرُ ٱلْإِنسَـٰنُ وَأَنَّىٰ لَهُ ٱلذِّكْرَىٰ,10,43,23,7,"ء,ذ,ه",6,0,2,0,4,1,1,2,33,3.3,0.767442
3,58,ذَٰلِكَ نَتْلُوهُ عَلَيْكَ مِنَ ٱلْـَٔايَـٰتِ وَٱلذِّكْرِ ٱلْحَكِيمِ,7,31,22,5,"ح,ذ,ع,ه",0,0,0,0,1,1,0,0,23,3.285714,0.741935
3,150,بَلِ ٱللَّهُ مَوْلَىٰكُمْ ۖ وَهُوَ خَيْرُ ٱلنَّـٰصِرِينَ,7,25,13,4,"خ,ص,ه",9,0,3,0,1,0,1,0,23,3.285714,0.92
4,121,أُو۟لَـٰٓئِكَ مَأْوَىٰهُمْ جَهَنَّمُ وَلَا يَجِدُونَ عَنْهَا مَحِيصًا,7,32,22,6,"ح,ص,ع,ه",0,0,0,0,1,0,1,0,23,3.285714,0.71875
10,48,وَيَقُولُونَ مَتَىٰ هَـٰذَا ٱلْوَعْدُ إِن كُنتُمْ صَـٰدِقِينَ,7,29,20,6,"ذ,ص,ع,ق,ه",2,1,0,0,1,0,1,0,23,3.285714,0.793103
18,23,وَلَا تَقُولَنَّ لِشَا۟ىْءٍ إِنِّى فَاعِلٌ ذَٰلِكَ غَدًا,7,26,19,5,"ء,ذ,ع,غ,ق",3,0,1,0,1,0,0,1,23,3.285714,0.884615
20,92,قَالَ يَـٰهَـٰرُونُ مَا مَنَعَكَ إِذْ رَأَيْتَهُمْ ضَلُّوٓا۟,7,26,22,6,"ذ,ض,ع,ق,ه",0,0,0,0,1,0,1,0,23,3.285714,0.884615
23,107,رَبَّنَآ أَخْرِجْنَا مِنْهَا فَإِنْ عُدْنَا فَإِنَّا ظَـٰلِمُونَ,7,30,19,4,"خ,ظ,ع,ه",3,0,1,0,1,0,0,1,23,3.285714,0.766667
23,112,قَـٰلَ كَمْ لَبِثْتُمْ فِى ٱلْأَرْضِ عَدَدَ سِنِينَ,7,23,20,4,"ث,ض,ع,ق",3,0,1,0,0,0,0,0,23,3.285714,1.0
26,124,إِذْ قَالَ لَهُمْ أَخُوهُمْ هُودٌ أَلَا تَتَّقُونَ,7,24,20,7,"خ,ذ,ق,ه",3,0,1,0,0,0,0,0,23,3.285714,0.958333
27,6,وَإِنَّكَ لَتُلَقَّى ٱلْقُرْءَانَ مِن لَّدُنْ حَكِيمٍ عَلِيمٍ,7,29,20,5,"ء,ح,ع,ق",0,0,0,0,3,1,0,2,23,3.285714,0.793103
27,27,قَالَ سَنَنظُرُ أَصَدَقْتَ أَمْ كُنتَ مِنَ ٱلْكَـٰذِبِينَ,7,27,19,5,"ذ,ص,ظ,ق",3,0,1,0,1,0,1,0,23,3.285714,0.851852
27,50,وَمَكَرُوا۟ مَكْرًا وَمَكَرْنَا مَكْرًا وَهُمْ لَا يَشْعُرُونَ,7,31,12,2,"ع,ه",9,0,3,0,2,0,0,2,23,3.285714,0.741935
27,57,فَأَنجَيْنَـٰهُ وَأَهْلَهُۥٓ إِلَّا ٱمْرَأَتَهُۥ قَدَّرْنَـٰهَا مِنَ ٱلْغَـٰبِرِينَ,7,36,18,7,"غ,ق,ه",3,0,1,0,2,0,2,0,23,3.285714,0.638889
28,69,وَرَبُّكَ يَعْلَمُ مَا تُكِنُّ صُدُورُهُمْ وَمَا يُعْلِنُونَ,7,28,17,4,"ص,ع,ه",6,0,2,0,0,0,0,0,23,3.285714,0.821429
36,56,هُمْ وَأَزْوَٰجُهُمْ فِى ظِلَـٰلٍ عَلَى ٱلْأَرَآئِكِ مُتَّكِـُٔونَ,7,29,18,4,"ظ,ع,ه",3,0,1,0,2,0,1,1,23,3.285714,0.793103
37,23,مِن دُونِ ٱللَّهِ فَٱهْدُوهُمْ إِلَىٰ صِرَٰطِ ٱلْجَحِيمِ,7,28,19,6,"ح,ص,ط,ه",3,0,1,0,1,0,1,0,23,3.285714,0.821429
37,53,أَءِذَا مِتْنَا وَكُنَّا تُرَابًا وَعِظَـٰمًا أَءِنَّا لَمَدِينُونَ,7,33,17,5,"ء,ذ,ظ,ع",4,2,0,0,2,0,1,1,23,3.285714,0.69697
37,67,ثُمَّ إِنَّ لَهُمْ عَلَيْهَا لَشَوْبًا مِّنْ حَمِيمٍ,7,23,18,5,"ث,ح,ع,ه",3,0,1,0,2,0,0,2,23,3.285714,1.0
38,51,مُتَّكِـِٔينَ فِيهَا يَدْعُونَ فِيهَا بِفَـٰكِهَةٍ كَثِيرَةٍ وَشَرَابٍ,7,33,21,5,"ث,ع,ه",0,0,0,0,2,0,0,2,23,3.285714,0.69697
39,64,قُلْ أَفَغَيْرَ ٱللَّهِ تَأْمُرُوٓنِّىٓ أَعْبُدُ أَيُّهَا ٱلْجَـٰهِلُونَ,7,33,19,6,"ع,غ,ق,ه",3,0,1,0,1,0,1,0,23,3.285714,0.69697
44,15,إِنَّا كَاشِفُوا۟ ٱلْعَذَابِ قَلِيلًا ۚ إِنَّكُمْ عَآئِدُونَ,7,30,20,4,"ذ,ع,ق",2,1,0,0,1,0,1,0,23,3.285714,0.766667
50,20,وَنُفِخَ فِى ٱلصُّورِ ۚ ذَٰلِكَ يَوْمُ ٱلْوَعِيدِ,7,23,19,4,"خ,ذ,ص,ع",3,0,1,0,1,1,0,0,23,3.285714,1.0
51,60,فَوَيْلٌ لِّلَّذِينَ كَفَرُوا۟ مِن يَوْمِهِمُ ٱلَّذِى يُوعَدُونَ,7,31,16,4,"ذ,ع,ه",6,0,2,0,1,0,0,1,23,3.285714,0.741935
68,15,إِذَا تُتْلَىٰ عَلَيْهِ ءَايَـٰتُنَا قَالَ أَسَـٰطِيرُ ٱلْأَوَّلِينَ,7,32,19,6,"ء,ذ,ط,ع,ق,ه",3,0,1,0,1,0,1,0,23,3.285714,0.71875
71,16,وَجَعَلَ ٱلْقَمَرَ فِيهِنَّ نُورًا وَجَعَلَ ٱلشَّمْسَ سِرَاجًا,7,31,22,4,"ع,ق,ه",0,0,0,0,1,0,0,1,23,3.285714,0.741935
76,26,وَمِنَ ٱلَّيْلِ فَٱسْجُدْ لَهُۥ وَسَبِّحْهُ لَيْلًا طَوِيلًا,7,28,16,4,"ح,ط,ه",6,0,2,0,1,0,0,1,23,3.285714,0.821429
2,16,أُو۟لَـٰٓئِكَ ٱلَّذِينَ ٱشْتَرَوُا۟ ٱلضَّلَـٰلَةَ بِٱلْهُدَىٰ فَمَا رَبِحَت تِّجَـٰرَتُهُمْ وَمَا كَانُوا۟ مُهْتَدِينَ,11,55,25,6,"ح,ذ,ض,ه",9,0,3,0,2,1,1,0,36,3.272727,0.654545
2,169,إِنَّمَا يَأْمُرُكُم بِٱلسُّوٓءِ وَٱلْفَحْشَآءِ وَأَن تَقُولُوا۟ عَلَى ٱللَّهِ مَا لَا تَعْلَمُونَ,11,50,28,7,"ء,ح,ع,ق,ه",6,0,2,0,2,0,2,0,36,3.272727,0.72
3,123,وَلَقَدْ نَصَرَكُمُ ٱللَّهُ بِبَدْرٍ وَأَنتُمْ أَذِلَّةٌ ۖ فَٱتَّقُوا۟ ٱللَّهَ لَعَلَّكُمْ تَشْكُرُونَ,11,47,26,7,"ذ,ص,ع,ق,ه",9,0,3,0,1,0,0,1,36,3.272727,0.765957
5,56,وَمَن يَتَوَلَّ ٱللَّهَ وَرَسُولَهُۥ وَٱلَّذِينَ ءَامَنُوا۟ فَإِنَّ حِزْبَ ٱللَّهِ هُمُ ٱلْغَـٰلِبُونَ,11,48,24,8,"ء,ح,ذ,غ,ه",12,0,4,0,0,0,0,0,36,3.272727,0.75
7,41,لَهُم مِّن جَهَنَّمَ مِهَادٌ وَمِن فَوْقِهِمْ غَوَاشٍ ۚ وَكَذَٰلِكَ نَجْزِى ٱلظَّـٰلِمِينَ,11,41,28,8,"ذ,ظ,غ,ق,ه",6,0,2,0,2,1,0,1,36,3.272727,0.878049
8,5,كَمَآ أَخْرَجَكَ رَبُّكَ مِنۢ بَيْتِكَ بِٱلْحَقِّ وَإِنَّ فَرِيقًا مِّنَ ٱلْمُؤْمِنِينَ لَكَـٰرِهُونَ,11,46,25,5,"ح,خ,ق,ه",9,0,3,0,2,1,0,1,36,3.272727,0.782609
8,20,يَـٰٓأَيُّهَا ٱلَّذِينَ ءَامَنُوٓا۟ أَطِيعُوا۟ ٱللَّهَ وَرَسُولَهُۥ وَلَا تَوَلَّوْا۟ عَنْهُ وَأَنتُمْ تَسْمَعُونَ,11,54,33,10,"ء,ذ,ط,ع,ه",3,0,1,0,0,0,0,0,36,3.272727,0.666667
16,74,فَلَا تَضْرِبُوا۟ لِلَّهِ ٱلْأَمْثَالَ ۚ إِنَّ ٱللَّهَ يَعْلَمُ وَأَنتُمْ لَا تَعْلَمُونَ,11,42,24,6,"ث,ض,ع,ه",12,0,4,0,0,0,0,0,36,3.272727,0.857143
18,47,وَيَوْمَ نُسَيِّرُ ٱلْجِبَالَ وَتَرَى ٱلْأَرْضَ بَارِزَةً وَحَشَرْنَـٰهُمْ فَلَمْ نُغَادِرْ مِنْهُمْ أَحَدًا,11,51,28,6,"ح,ض,غ,ه",6,0,2,0,2,0,1,1,36,3.272727,0.705882
18,66,قَالَ لَهُۥ مُوسَىٰ هَلْ أَتَّبِعُكَ عَلَىٰٓ أَن تُعَلِّمَنِ مِمَّا عُلِّمْتَ رُشْدًا,11,37,30,7,"ع,ق,ه",6,0,2,0,0,0,0,0,36,3.272727,0.972973
21,46,وَلَئِن مَّسَّتْهُمْ نَفْحَةٌ مِّنْ عَذَابِ رَبِّكَ لَيَقُولُنَّ يَـٰوَيْلَنَآ إِنَّا كُنَّا ظَـٰلِمِينَ,11,45,26,6,"ح,ذ,ظ,ع,ق,ه",8,1,2,0,2,0,0,2,36,3.272727,0.8
28,21,فَخَرَجَ مِنْهَا خَآئِفًا يَتَرَقَّبُ ۖ قَالَ رَبِّ نَجِّنِى مِنَ ٱلْقَوْمِ ٱلظَّـٰلِمِينَ,11,41,29,7,"خ,ظ,ق,ه",3,0,1,0,4,2,1,1,36,3.272727,0.878049
36,45,وَإِذَا قِيلَ لَهُمُ ٱتَّقُوا۟ مَا بَيْنَ أَيْدِيكُمْ وَمَا خَلْفَكُمْ لَعَلَّكُمْ تُرْحَمُونَ,11,45,30,7,"ح,خ,ذ,ع,ق,ه",6,0,2,0,0,0,0,0,36,3.272727,0.8
36,80,ٱلَّذِى جَعَلَ لَكُم مِّنَ ٱلشَّجَرِ ٱلْأَخْضَرِ نَارًا فَإِذَآ أَنتُم مِّنْهُ تُوقِدُونَ,11,44,32,7,"خ,ذ,ض,ع,ق,ه",2,1,0,0,2,0,1,1,36,3.272727,0.818182
38,41,وَٱذْكُرْ عَبْدَنَآ أَيُّوبَ إِذْ نَادَىٰ رَبَّهُۥٓ أَنِّى مَسَّنِىَ ٱلشَّيْطَـٰنُ بِنُصْبٍ وَعَذَابٍ,11,45,30,8,"ذ,ص,ط,ع,ه",5,1,1,0,1,0,0,1,36,3.272727,0.8
40,51,إِنَّا لَنَنصُرُ رُسُلَنَا وَٱلَّذِينَ ءَامَنُوا۟ فِى ٱلْحَيَوٰةِ ٱلدُّنْيَا وَيَوْمَ يَقُومُ ٱلْأَشْهَـٰدُ,11,53,21,6,"ء,ح,ذ,ص,ق,ه",15,0,5,0,0,0,0,0,36,3.272727,0.679245
51,28,فَأَوْجَسَ مِنْهُمْ خِيفَةً ۖ قَالُوا۟ لَا تَخَفْ ۖ وَبَشَّرُوهُ بِغُلَـٰمٍ عَلِيمٍ,11,37,31,7,"خ,ع,غ,ق,ه",3,0,1,0,2,0,1,1,36,3.272727,0.972973
58,15,أَعَدَّ ٱللَّهُ لَهُمْ عَذَابًا شَدِيدًا ۖ إِنَّهُمْ سَآءَ مَا كَانُوا۟ يَعْمَلُونَ,11,40,29,8,"ء,ذ,ع,ه",5,1,1,0,2,0,1,1,36,3.272727,0.9
70,4,تَعْرُجُ ٱلْمَلَـٰٓئِكَةُ وَٱلرُّوحُ إِلَيْهِ فِى يَوْمٍ كَانَ مِقْدَارُهُۥ خَمْسِينَ أَلْفَ سَنَةٍ,11,46,29,6,"ح,خ,ع,ق,ه",6,0,2,0,1,0,0,1,36,3.272727,0.782609
3,102,يَـٰٓأَيُّهَا ٱلَّذِينَ ءَامَنُوا۟ ٱتَّقُوا۟ ٱللَّهَ حَقَّ تُقَاتِهِۦ وَلَا تَمُوتُنَّ إِلَّا وَأَنتُم مُّسْلِمُونَ,12,54,26,9,"ء,ح,ذ,ق,ه",12,0,4,0,1,1,0,0,39,3.25,0.722222
4,52,أُو۟لَـٰٓئِكَ ٱلَّذِينَ لَعَنَهُمُ ٱللَّهُ ۖ وَمَن يَلْعَنِ ٱللَّهُ فَلَن تَجِدَ لَهُۥ نَصِيرًا,12,43,27,8,"ذ,ص,ع,ه",12,0,4,0,0,0,0,0,39,3.25,0.906977
7,206,إِنَّ ٱلَّذِينَ عِندَ رَبِّكَ لَا يَسْتَكْبِرُونَ عَنْ عِبَادَتِهِۦ وَيُسَبِّحُونَهُۥ وَلَهُۥ يَسْجُدُونَ ۩,12,48,35,8,"ح,ذ,ع,ه",3,0,1,0,1,0,0,1,39,3.25,0.8125
9,125,وَأَمَّا ٱلَّذِينَ فِى قُلُوبِهِم مَّرَضٌ فَزَادَتْهُمْ رِجْسًا إِلَىٰ رِجْسِهِمْ وَمَاتُوا۟ وَهُمْ كَـٰفِرُونَ,12,53,29,7,"ذ,ض,ق,ه",9,0,3,0,1,0,0,1,39,3.25,0.735849
20,104,نَّحْنُ أَعْلَمُ بِمَا يَقُولُونَ إِذْ يَقُولُ أَمْثَلُهُمْ طَرِيقَةً إِن لَّبِثْتُمْ إِلَّا يَوْمًا,12,47,33,10,"ث,ح,ذ,ط,ع,ق,ه",6,0,2,0,0,0,0,0,39,3.25,0.829787
22,75,ٱللَّهُ يَصْطَفِى مِنَ ٱلْمَلَـٰٓئِكَةِ رُسُلًا وَمِنَ ٱلنَّاسِ ۚ إِنَّ ٱللَّهَ سَمِيعٌۢ بَصِيرٌ,12,44,23,6,"ص,ط,ع,ه",14,1,4,0,2,0,0,2,39,3.25,0.886364
23,38,إِنْ هُوَ إِلَّا رَجُلٌ ٱفْتَرَىٰ عَلَى ٱللَّهِ كَذِبًا وَمَا نَحْنُ لَهُۥ بِمُؤْمِنِينَ,12,41,22,6,"ح,ذ,ع,ه",15,0,5,0,2,0,0,2,39,3.25,0.95122
26,139,فَكَذَّبُوهُ فَأَهْلَكْنَـٰهُمْ ۗ إِنَّ فِى ذَٰلِكَ لَـَٔايَةً ۖ وَمَا كَانَ أَكْثَرُهُم مُّؤْمِنِينَ,12,43,25,7,"ث,ذ,ه",12,0,4,0,2,1,1,0,39,3.25,0.906977
29,34,إِنَّا مُنزِلُونَ عَلَىٰٓ أَهْلِ هَـٰذِهِ ٱلْقَرْيَةِ رِجْزًا مِّنَ ٱلسَّمَآءِ بِمَا كَانُوا۟ يَفْسُقُونَ,12,50,29,8,"ء,ذ,ع,ق,ه",7,2,1,0,3,0,2,1,39,3.25,0.78
30,45,لِيَجْزِىَ ٱلَّذِينَ ءَامَنُوا۟ وَعَمِلُوا۟ ٱلصَّـٰلِحَـٰتِ مِن فَضْلِهِۦٓ ۚ إِنَّهُۥ لَا يُحِبُّ ٱلْكَـٰفِرِينَ,12,49,38,9,"ء,ح,ذ,ص,ض,ع,ه",0,0,0,0,1,1,0,0,39,3.25,0.795918
3,197,مَتَـٰعٌ قَلِيلٌ ثُمَّ مَأْوَىٰهُمْ جَهَنَّمُ ۚ وَبِئْسَ ٱلْمِهَادُ,8,29,19,6,"ث,ع,ق,ه",3,0,1,0,4,0,2,2,26,3.25,0.896552
4,106,وَٱسْتَغْفِرِ ٱللَّهَ ۖ إِنَّ ٱللَّهَ كَانَ غَفُورًا رَّحِيمًا,8,30,19,5,"ح,غ,ه",6,0,2,0,1,0,0,1,26,3.25,0.866667
4,120,يَعِدُهُمْ وَيُمَنِّيهِمْ ۖ وَمَا يَعِدُهُمُ ٱلشَّيْطَـٰنُ إِلَّا غُرُورًا,8,34,23,7,"ط,ع,غ,ه",3,0,1,0,0,0,0,0,26,3.25,0.764706
15,48,لَا يَمَسُّهُمْ فِيهَا نَصَبٌ وَمَا هُم مِّنْهَا بِمُخْرَجِينَ,8,30,19,6,"خ,ص,ه",6,0,2,0,1,0,0,1,26,3.25,0.866667
16,50,يَخَافُونَ رَبَّهُم مِّن فَوْقِهِمْ وَيَفْعَلُونَ مَا يُؤْمَرُونَ ۩,8,32,20,5,"خ,ع,ق,ه",6,0,2,0,0,0,0,0,26,3.25,0.8125
18,25,وَلَبِثُوا۟ فِى كَهْفِهِمْ ثَلَـٰثَ مِا۟ئَةٍ سِنِينَ وَٱزْدَادُوا۟ تِسْعًا,8,36,24,6,"ث,ع,ه",0,0,0,0,2,0,1,1,26,3.25,0.722222
19,70,ثُمَّ لَنَحْنُ أَعْلَمُ بِٱلَّذِينَ هُمْ أَوْلَىٰ بِهَا صِلِيًّا,8,29,23,7,"ث,ح,ذ,ص,ع,ه",3,0,1,0,0,0,0,0,26,3.25,0.896552
19,84,فَلَا تَعْجَلْ عَلَيْهِمْ ۖ إِنَّمَا نَعُدُّ لَهُمْ عَدًّا,8,25,26,6,"ع,ه",0,0,0,0,0,0,0,0,26,3.25,1.04
20,101,خَـٰلِدِينَ فِيهِ ۖ وَسَآءَ لَهُمْ يَوْمَ ٱلْقِيَـٰمَةِ حِمْلًا,8,28,21,6,"ء,ح,خ,ق,ه",3,0,1,0,2,0,2,0,26,3.25,0.928571
21,59,قَالُوا۟ مَن فَعَلَ هَـٰذَا بِـَٔالِهَتِنَآ إِنَّهُۥ لَمِنَ ٱلظَّـٰلِمِينَ,8,33,22,7,"ذ,ظ,ع,ق,ه",2,1,0,0,2,1,1,0,26,3.25,0.787879
26,35,يُرِيدُ أَن يُخْرِجَكُم مِّنْ أَرْضِكُم بِسِحْرِهِۦ فَمَاذَا تَأْمُرُونَ,8,35,26,5,"ح,خ,ذ,ض,ه",0,0,0,0,0,0,0,0,26,3.25,0.742857
30,3,فِىٓ أَدْنَى ٱلْأَرْضِ وَهُم مِّنۢ بَعْدِ غَلَبِهِمْ سَيَغْلِبُونَ,8,31,23,6,"ض,ع,غ,ه",3,0,1,0,0,0,0,0,26,3.25,0.83871
33,47,وَبَشِّرِ ٱلْمُؤْمِنِينَ بِأَنَّ لَهُم مِّنَ ٱللَّهِ فَضْلًا كَبِيرًا,8,33,13,3,"ض,ه",12,0,4,0,1,0,0,1,26,3.25,0.787879
36,22,وَمَا لِىَ لَآ أَعْبُدُ ٱلَّذِى فَطَرَنِى وَإِلَيْهِ تُرْجَعُونَ,8,31,20,5,"ذ,ط,ع,ه",6,0,2,0,0,0,0,0,26,3.25,0.83871
36,26,قِيلَ ٱدْخُلِ ٱلْجَنَّةَ ۖ قَالَ يَـٰلَيْتَ قَوْمِى يَعْلَمُونَ,8,29,20,5,"خ,ع,ق",6,0,2,0,0,0,0,0,26,3.25,0.896552
36,83,فَسُبْحَـٰنَ ٱلَّذِى بِيَدِهِۦ مَلَكُوتُ كُلِّ شَىْءٍ وَإِلَيْهِ تُرْجَعُونَ,8,34,25,6,"ء,ح,ذ,ع,ه",0,0,0,0,1,0,0,1,26,3.25,0.764706
40,14,فَٱدْعُوا۟ ٱللَّهَ مُخْلِصِينَ لَهُ ٱلدِّينَ وَلَوْ كَرِهَ ٱلْكَـٰفِرُونَ,8,36,23,6,"خ,ص,ع,ه",3,0,1,0,0,0,0,0,26,3.25,0.722222
45,36,فَلِلَّهِ ٱلْحَمْدُ رَبِّ ٱلسَّمَـٰوَٰتِ وَرَبِّ ٱلْأَرْضِ رَبِّ ٱلْعَـٰلَمِينَ,8,34,20,4,"ح,ض,ع,ه",6,0,2,0,0,0,0,0,26,3.25,0.764706
50,28,قَالَ لَا تَخْتَصِمُوا۟ لَدَىَّ وَقَدْ قَدَّمْتُ إِلَيْكُم بِٱلْوَعِيدِ,8,34,23,6,"خ,ص,ع,ق",3,0,1,0,0,0,0,0,26,3.25,0.764706
76,22,إِنَّ هَـٰذَا كَانَ لَكُمْ جَزَآءً وَكَانَ سَعْيُكُم مَّشْكُورًا,8,30,21,4,"ء,ذ,ع,ه",2,1,0,0,3,0,2,1,26,3.25,0.866667
1,5,إِيَّاكَ نَعْبُدُ وَإِيَّاكَ نَسْتَعِينُ,4,19,13,2,ع,0,0,0,0,0,0,0,0,13,3.25,0.684211
15,30,فَسَجَدَ ٱلْمَلَـٰٓئِكَةُ كُلُّهُمْ أَجْمَعُونَ,4,21,13,2,"ع,ه",0,0,0,0,0,0,0,0,13,3.25,0.619048
23,36,هَيْهَاتَ هَيْهَاتَ لِمَا تُوعَدُونَ,4,19,13,5,"ع,ه",0,0,0,0,0,0,0,0,13,3.25,0.684211
26,54,إِنَّ هَـٰٓؤُلَآءِ لَشِرْذِمَةٌ قَلِيلُونَ,4,19,11,4,"ء,ذ,ق,ه",0,0,0,0,2,0,1,1,13,3.25,0.684211
26,73,أَوْ يَنفَعُونَكُمْ أَوْ يَضُرُّونَ,4,17,13,2,"ض,ع",0,0,0,0,0,0,0,0,13,3.25,0.764706
37,14,وَإِذَا رَأَوْا۟ ءَايَةً يَسْتَسْخِرُونَ,4,20,12,3,"ء,خ,ذ",0,0,0,0,1,0,0,1,13,3.25,0.65
37,72,وَلَقَدْ أَرْسَلْنَا فِيهِم مُّنذِرِينَ,4,20,10,3,"ذ,ق,ه",3,0,1,0,0,0,0,0,13,3.25,0.65
37,80,إِنَّا كَذَٰلِكَ نَجْزِى ٱلْمُحْسِنِينَ,4,19,13,2,"ح,ذ",0,0,0,0,0,0,0,0,13,3.25,0.684211
37,95,قَالَ أَتَعْبُدُونَ مَا تَنْحِتُونَ,4,18,13,3,"ح,ع,ق",0,0,0,0,0,0,0,0,13,3.25,0.722222
37,120,سَلَـٰمٌ عَلَىٰ مُوسَىٰ وَهَـٰرُونَ,4,15,9,2,"ع,ه",3,0,1,0,1,0,0,1,13,3.25,0.866667
37,142,فَٱلْتَقَمَهُ ٱلْحُوتُ وَهُوَ مُلِيمٌ,4,19,13,4,"ح,ق,ه",0,0,0,0,0,0,0,0,13,3.25,0.684211
38,58,وَءَاخَرُ مِن شَكْلِهِۦٓ أَزْوَٰجٌ,4,15,13,3,"ء,خ,ه",0,0,0,0,0,0,0,0,13,3.25,0.866667
41,32,نُزُلًا مِّنْ غَفُورٍ رَّحِيمٍ,4,14,10,2,"ح,غ",0,0,0,0,3,0,0,3,13,3.25,0.928571
52,9,يَوْمَ تَمُورُ ٱلسَّمَآءُ مَوْرًا,4,17,3,1,ء,9,0,3,0,1,0,1,0,13,3.25,0.764706
53,13,وَلَقَدْ رَءَاهُ نَزْلَةً أُخْرَىٰ,4,16,13,4,"ء,خ,ق,ه",0,0,0,0,0,0,0,0,13,3.25,0.8125
53,62,فَٱسْجُدُوا۟ لِلَّهِ وَٱعْبُدُوا۟ ۩,4,17,10,2,"ع,ه",3,0,1,0,0,0,0,0,13,3.25,0.764706
56,68,أَفَرَءَيْتُمُ ٱلْمَآءَ ٱلَّذِى تَشْرَبُونَ,4,22,9,3,"ء,ذ",3,0,1,0,1,0,1,0,13,3.25,0.590909
71,8,ثُمَّ إِنِّى دَعَوْتُهُمْ جِهَارًا,4,16,13,4,"ث,ع,ه",0,0,0,0,0,0,0,0,13,3.25,0.8125
74,44,وَلَمْ نَكُ نُطْعِمُ ٱلْمِسْكِينَ,4,16,11,2,"ط,ع",2,1,0,0,0,0,0,0,13,3.25,0.8125
80,3,وَمَا يُدْرِيكَ لَعَلَّهُۥ يَزَّكَّىٰٓ,4,16,10,2,"ع,ه",3,0,1,0,0,0,0,0,13,3.25,0.8125
80,22,ثُمَّ إِذَا شَآءَ أَنشَرَهُۥ,4,13,12,4,"ء,ث,ذ,ه",0,0,0,0,1,0,1,0,13,3.25,1.0
84,22,بَلِ ٱلَّذِينَ كَفَرُوا۟ يُكَذِّبُونَ,4,18,9,2,ذ,3,0,1,0,1,1,0,0,13,3.25,0.722222
87,1,سَبِّحِ ٱسْمَ رَبِّكَ ٱلْأَعْلَى,4,15,13,2,"ح,ع",0,0,0,0,0,0,0,0,13,3.25,0.866667
88,11,لَّا تَسْمَعُ فِيهَا لَـٰغِيَةً,4,14,12,3,"ع,غ,ه",0,0,0,0,1,0,1,0,13,3.25,0.928571
90,8,أَلَمْ نَجْعَل لَّهُۥ عَيْنَيْنِ,4,14,13,3,"ع,ه",0,0,0,0,0,0,0,0,13,3.25,0.928571
94,5,فَإِنَّ مَعَ ٱلْعُسْرِ يُسْرًا,4,14,13,2,ع,0,0,0,0,0,0,0,0,13,3.25,0.928571
95,5,ثُمَّ رَدَدْنَـٰهُ أَسْفَلَ سَـٰفِلِينَ,4,16,9,2,"ث,ه",3,0,1,0,1,0,1,0,13,3.25,0.8125
100,8,وَإِنَّهُۥ لِحُبِّ ٱلْخَيْرِ لَشَدِيدٌ,4,17,13,3,"ح,خ,ه",0,0,0,0,0,0,0,0,13,3.25,0.764706
101,8,وَأَمَّا مَنْ خَفَّتْ مَوَٰزِينُهُۥ,4,15,9,2,"خ,ه",3,0,1,0,1,0,0,1,13,3.25,0.866667
102,7,ثُمَّ لَتَرَوُنَّهَا عَيْنَ ٱلْيَقِينِ,4,18,13,4,"ث,ع,ق,ه",0,0,0,0,0,0,0,0,13,3.25,0.722222
6,72,وَأَنْ أَقِيمُوا۟ ٱلصَّلَوٰةَ وَٱتَّقُوهُ ۚ وَهُوَ ٱلَّذِىٓ إِلَيْهِ تُحْشَرُونَ,9,38,24,8,"ح,ذ,ص,ق,ه",3,0,1,0,2,1,1,0,29,3.222222,0.763158
6,75,وَكَذَٰلِكَ نُرِىٓ إِبْرَٰهِيمَ مَلَكُوتَ ٱلسَّمَـٰوَٰتِ وَٱلْأَرْضِ وَلِيَكُونَ مِنَ ٱلْمُوقِنِينَ,9,47,19,4,"ذ,ض,ق,ه",9,0,3,0,1,0,1,0,29,3.222222,0.617021
11,21,أُو۟لَـٰٓئِكَ ٱلَّذِينَ خَسِرُوٓا۟ أَنفُسَهُمْ وَضَلَّ عَنْهُم مَّا كَانُوا۟ يَفْتَرُونَ,9,41,29,6,"خ,ذ,ض,ع,ه",0,0,0,0,0,0,0,0,29,3.222222,0.707317
11,83,مُّسَوَّمَةً عِندَ رَبِّكَ ۖ وَمَا هِىَ مِنَ ٱلظَّـٰلِمِينَ بِبَعِيدٍ,9,30,18,4,"ظ,ع,ه",9,0,3,0,2,1,0,1,29,3.222222,0.966667
11,121,وَقُل لِّلَّذِينَ لَا يُؤْمِنُونَ ٱعْمَلُوا۟ عَلَىٰ مَكَانَتِكُمْ إِنَّا عَـٰمِلُونَ,9,40,23,5,"ذ,ع,ق",6,0,2,0,0,0,0,0,29,3.222222,0.725
15,8,مَا نُنَزِّلُ ٱلْمَلَـٰٓئِكَةَ إِلَّا بِٱلْحَقِّ وَمَا كَانُوٓا۟ إِذًا مُّنظَرِينَ,9,38,18,4,"ح,ذ,ظ,ق",9,0,3,0,2,1,0,1,29,3.222222,0.763158
16,29,فَٱدْخُلُوٓا۟ أَبْوَٰبَ جَهَنَّمَ خَـٰلِدِينَ فِيهَا ۖ فَلَبِئْسَ مَثْوَى ٱلْمُتَكَبِّرِينَ,9,42,23,5,"ث,خ,ه",6,0,2,0,0,0,0,0,29,3.222222,0.690476
20,82,وَإِنِّى لَغَفَّارٌ لِّمَن تَابَ وَءَامَنَ وَعَمِلَ صَـٰلِحًا ثُمَّ ٱهْتَدَىٰ,9,35,24,7,"ء,ث,ح,ص,ع,غ,ه",3,0,1,0,2,0,0,2,29,3.222222,0.828571
23,20,وَشَجَرَةً تَخْرُجُ مِن طُورِ سَيْنَآءَ تَنۢبُتُ بِٱلدُّهْنِ وَصِبْغٍ لِّلْـَٔاكِلِينَ,9,40,23,6,"ء,خ,ص,ط,غ,ه",3,0,1,0,3,0,1,2,29,3.222222,0.725
24,7,وَٱلْخَـٰمِسَةُ أَنَّ لَعْنَتَ ٱللَّهِ عَلَيْهِ إِن كَانَ مِنَ ٱلْكَـٰذِبِينَ,9,35,25,6,"خ,ذ,ع,ه",3,0,1,0,1,0,1,0,29,3.222222,0.828571
25,5,وَقَالُوٓا۟ أَسَـٰطِيرُ ٱلْأَوَّلِينَ ٱكْتَتَبَهَا فَهِىَ تُمْلَىٰ عَلَيْهِ بُكْرَةً وَأَصِيلًا,9,46,24,7,"ص,ط,ع,ق,ه",3,0,1,0,2,0,1,1,29,3.222222,0.630435
36,38,وَٱلشَّمْسُ تَجْرِى لِمُسْتَقَرٍّ لَّهَا ۚ ذَٰلِكَ تَقْدِيرُ ٱلْعَزِيزِ ٱلْعَلِيمِ,9,39,28,6,"ذ,ع,ق,ه",0,0,0,0,1,0,0,1,29,3.222222,0.74359
36,62,وَلَقَدْ أَضَلَّ مِنكُمْ جِبِلًّا كَثِيرًا ۖ أَفَلَمْ تَكُونُوا۟ تَعْقِلُونَ,9,36,25,5,"ث,ض,ع,ق",3,0,1,0,1,0,0,1,29,3.222222,0.805556
38,48,وَٱذْكُرْ إِسْمَـٰعِيلَ وَٱلْيَسَعَ وَذَا ٱلْكِفْلِ ۖ وَكُلٌّ مِّنَ ٱلْأَخْيَارِ,9,37,27,5,"خ,ذ,ع",0,0,0,0,2,0,1,1,29,3.222222,0.783784
39,70,وَوُفِّيَتْ كُلُّ نَفْسٍ مَّا عَمِلَتْ وَهُوَ أَعْلَمُ بِمَا يَفْعَلُونَ,9,32,22,4,"ع,ه",6,0,2,0,1,0,0,1,29,3.222222,0.90625
41,8,إِنَّ ٱلَّذِينَ ءَامَنُوا۟ وَعَمِلُوا۟ ٱلصَّـٰلِحَـٰتِ لَهُمْ أَجْرٌ غَيْرُ مَمْنُونٍ,9,39,24,7,"ء,ح,ذ,ص,ع,غ,ه",3,0,1,0,2,1,0,1,29,3.222222,0.74359
43,18,أَوَمَن يُنَشَّؤُا۟ فِى ٱلْحِلْيَةِ وَهُوَ فِى ٱلْخِصَامِ غَيْرُ مُبِينٍ,9,35,21,5,"ح,خ,ص,غ,ه",8,1,2,0,0,0,0,0,29,3.222222,0.828571
44,42,إِلَّا مَن رَّحِمَ ٱللَّهُ ۚ إِنَّهُۥ هُوَ ٱلْعَزِيزُ ٱلرَّحِيمُ,9,29,23,6,"ح,ع,ه",6,0,2,0,0,0,0,0,29,3.222222,1.0
71,12,وَيُمْدِدْكُم بِأَمْوَٰلٍ وَبَنِينَ وَيَجْعَل لَّكُمْ جَنَّـٰتٍ وَيَجْعَل لَّكُمْ أَنْهَـٰرًا,9,41,18,3,"ع,ه",9,0,3,0,2,0,0,2,29,3.222222,0.707317
71,24,وَقَدْ أَضَلُّوا۟ كَثِيرًا ۖ وَلَا تَزِدِ ٱلظَّـٰلِمِينَ إِلَّا ضَلَـٰلًا,9,33,24,5,"ث,ض,ظ,ق",3,0,1,0,2,1,1,0,29,3.222222,0.878788
84,25,إِلَّا ٱلَّذِينَ ءَامَنُوا۟ وَعَمِلُوا۟ ٱلصَّـٰلِحَـٰتِ لَهُمْ أَجْرٌ غَيْرُ مَمْنُونٍۭ,9,40,24,7,"ء,ح,ذ,ص,ع,غ,ه",3,0,1,0,2,1,0,1,29,3.222222,0.725
2,156,ٱلَّذِينَ إِذَآ أَصَـٰبَتْهُم مُّصِيبَةٌ قَالُوٓا۟ إِنَّا لِلَّهِ وَإِنَّآ إِلَيْهِ رَٰجِعُونَ,10,43,27,9,"ذ,ص,ع,ق,ه",3,0,1,0,2,0,1,1,32,3.2,0.744186
12,89,قَالَ هَلْ عَلِمْتُم مَّا فَعَلْتُم بِيُوسُفَ وَأَخِيهِ إِذْ أَنتُمْ جَـٰهِلُونَ,10,38,31,8,"خ,ذ,ع,ق,ه",0,0,0,0,1,0,1,0,32,3.2,0.842105
18,83,وَيَسْـَٔلُونَكَ عَن ذِى ٱلْقَرْنَيْنِ ۖ قُلْ سَأَتْلُوا۟ عَلَيْكُم مِّنْهُ ذِكْرًا,10,38,29,7,"ذ,ع,ق,ه",3,0,1,0,0,0,0,0,32,3.2,0.842105
23,96,ٱدْفَعْ بِٱلَّتِى هِىَ أَحْسَنُ ٱلسَّيِّئَةَ ۚ نَحْنُ أَعْلَمُ بِمَا يَصِفُونَ,10,36,29,6,"ح,ص,ع,ه",3,0,1,0,0,0,0,0,32,3.2,0.888889
25,22,يَوْمَ يَرَوْنَ ٱلْمَلَـٰٓئِكَةَ لَا بُشْرَىٰ يَوْمَئِذٍ لِّلْمُجْرِمِينَ وَيَقُولُونَ حِجْرًا مَّحْجُورًا,10,50,21,4,"ح,ذ,ق",9,0,3,0,2,0,0,2,32,3.2,0.64
27,4,إِنَّ ٱلَّذِينَ لَا يُؤْمِنُونَ بِٱلْـَٔاخِرَةِ زَيَّنَّا لَهُمْ أَعْمَـٰلَهُمْ فَهُمْ يَعْمَهُونَ,10,44,28,8,"خ,ذ,ع,ه",3,0,1,0,1,0,1,0,32,3.2,0.727273
30,5,بِنَصْرِ ٱللَّهِ ۚ يَنصُرُ مَن يَشَآءُ ۖ وَهُوَ ٱلْعَزِيزُ ٱلرَّحِيمُ,10,33,25,7,"ء,ح,ص,ع,ه",6,0,2,0,1,0,1,0,32,3.2,0.969697
46,19,وَلِكُلٍّ دَرَجَـٰتٌ مِّمَّا عَمِلُوا۟ ۖ وَلِيُوَفِّيَهُمْ أَعْمَـٰلَهُمْ وَهُمْ لَا يُظْلَمُونَ,10,41,23,6,"ظ,ع,ه",6,0,2,0,3,0,1,2,32,3.2,0.780488
46,27,وَلَقَدْ أَهْلَكْنَا مَا حَوْلَكُم مِّنَ ٱلْقُرَىٰ وَصَرَّفْنَا ٱلْـَٔايَـٰتِ لَعَلَّهُمْ يَرْجِعُونَ,10,46,32,8,"ح,ص,ع,ق,ه",0,0,0,0,0,0,0,0,32,3.2,0.695652
52,43,أَمْ لَهُمْ إِلَـٰهٌ غَيْرُ ٱللَّهِ ۚ سُبْحَـٰنَ ٱللَّهِ عَمَّا يُشْرِكُونَ,10,32,24,7,"ح,ع,غ,ه",6,0,2,0,2,0,1,1,32,3.2,1.0
57,3,هُوَ ٱلْأَوَّلُ وَٱلْـَٔاخِرُ وَٱلظَّـٰهِرُ وَٱلْبَاطِنُ ۖ وَهُوَ بِكُلِّ شَىْءٍ عَلِيمٌ,10,39,27,8,"ء,خ,ط,ظ,ع,ه",2,1,0,0,3,1,1,1,32,3.2,0.820513
67,30,قُلْ أَرَءَيْتُمْ إِنْ أَصْبَحَ مَآؤُكُمْ غَوْرًا فَمَن يَأْتِيكُم بِمَآءٍ مَّعِينٍۭ,10,40,26,7,"ء,ح,ص,ع,غ,ق",3,0,1,0,3,0,1,2,32,3.2,0.8
21,53,قَالُوا۟ وَجَدْنَآ ءَابَآءَنَا لَهَا عَـٰبِدِينَ,5,25,15,5,"ء,ع,ق,ه",0,0,0,0,1,0,1,0,16,3.2,0.64
23,108,قَالَ ٱخْسَـُٔوا۟ فِيهَا وَلَا تُكَلِّمُونِ,5,21,13,3,"خ,ق,ه",3,0,1,0,0,0,0,0,16,3.2,0.761905
25,56,وَمَآ أَرْسَلْنَـٰكَ إِلَّا مُبَشِّرًا وَنَذِيرًا,5,23,6,1,ذ,9,0,3,0,1,0,0,1,16,3.2,0.695652
26,111,قَالُوٓا۟ أَنُؤْمِنُ لَكَ وَٱتَّبَعَكَ ٱلْأَرْذَلُونَ,5,26,13,3,"ذ,ع,ق",3,0,1,0,0,0,0,0,16,3.2,0.615385
26,184,وَٱتَّقُوا۟ ٱلَّذِى خَلَقَكُمْ وَٱلْجِبِلَّةَ ٱلْأَوَّلِينَ,5,29,16,4,"خ,ذ,ق",0,0,0,0,0,0,0,0,16,3.2,0.551724
26,188,قَالَ رَبِّىٓ أَعْلَمُ بِمَا تَعْمَلُونَ,5,19,13,3,"ع,ق",3,0,1,0,0,0,0,0,16,3.2,0.842105
37,170,فَكَفَرُوا۟ بِهِۦ ۖ فَسَوْفَ يَعْلَمُونَ,5,18,13,2,"ع,ه",3,0,1,0,0,0,0,0,16,3.2,0.888889
38,1,صٓ ۚ وَٱلْقُرْءَانِ ذِى ٱلذِّكْرِ,5,16,15,5,"ء,ذ,ص,ق",0,0,0,0,1,1,0,0,16,3.2,1.0
38,87,إِنْ هُوَ إِلَّا ذِكْرٌ لِّلْعَـٰلَمِينَ,5,17,11,3,"ذ,ع,ه",3,0,1,0,2,0,0,2,16,3.2,0.941176
43,27,إِلَّا ٱلَّذِى فَطَرَنِى فَإِنَّهُۥ سَيَهْدِينِ,5,22,13,4,"ذ,ط,ه",3,0,1,0,0,0,0,0,16,3.2,0.727273
44,55,يَدْعُونَ فِيهَا بِكُلِّ فَـٰكِهَةٍ ءَامِنِينَ,5,22,15,4,"ء,ع,ه",0,0,0,0,1,0,0,1,16,3.2,0.727273
68,31,قَالُوا۟ يَـٰوَيْلَنَآ إِنَّا كُنَّا طَـٰغِينَ,5,21,10,3,"ط,غ,ق",5,1,1,0,1,0,1,0,16,3.2,0.761905
75,25,تَظُنُّ أَن يُفْعَلَ بِهَا فَاقِرَةٌ,5,17,16,4,"ظ,ع,ق,ه",0,0,0,0,0,0,0,0,16,3.2,0.941176
79,12,قَالُوا۟ تِلْكَ إِذًا كَرَّةٌ خَاسِرَةٌ,5,19,14,3,"خ,ذ,ق",0,0,0,0,2,0,0,2,16,3.2,0.842105
92,20,إِلَّا ٱبْتِغَآءَ وَجْهِ رَبِّهِ ٱلْأَعْلَىٰ,5,21,15,5,"ء,ع,غ,ه",0,0,0,0,1,0,1,0,16,3.2,0.761905
96,1,ٱقْرَأْ بِٱسْمِ رَبِّكَ ٱلَّذِى خَلَقَ,5,18,16,4,"خ,ذ,ق",0,0,0,0,0,0,0,0,16,3.2,0.888889
100,11,إِنَّ رَبَّهُم بِهِمْ يَوْمَئِذٍ لَّخَبِيرٌۢ,5,19,12,4,"خ,ذ,ه",3,0,1,0,1,0,0,1,16,3.2,0.842105
105,2,أَلَمْ يَجْعَلْ كَيْدَهُمْ فِى تَضْلِيلٍ,5,19,16,3,"ض,ع,ه",0,0,0,0,0,0,0,0,16,3.2,0.842105
2,153,يَـٰٓأَيُّهَا ٱلَّذِينَ ءَامَنُوا۟ ٱسْتَعِينُوا۟ بِٱلصَّبْرِ وَٱلصَّلَوٰةِ ۚ إِنَّ ٱللَّهَ مَعَ ٱلصَّـٰبِرِينَ,11,52,29,9,"ء,ذ,ص,ع,ه",3,0,1,0,3,3,0,0,35,3.181818,0.673077
8,27,يَـٰٓأَيُّهَا ٱلَّذِينَ ءَامَنُوا۟ لَا تَخُونُوا۟ ٱللَّهَ وَٱلرَّسُولَ وَتَخُونُوٓا۟ أَمَـٰنَـٰتِكُمْ وَأَنتُمْ تَعْلَمُونَ,11,59,26,7,"ء,خ,ذ,ع,ه",9,0,3,0,0,0,0,0,35,3.181818,0.59322
11,1,الٓر ۚ كِتَـٰبٌ أُحْكِمَتْ ءَايَـٰتُهُۥ ثُمَّ فُصِّلَتْ مِن لَّدُنْ حَكِيمٍ خَبِيرٍ,11,35,29,7,"ء,ث,ح,خ,ص,ه",3,0,1,0,3,1,0,2,35,3.181818,1.0
11,9,وَلَئِنْ أَذَقْنَا ٱلْإِنسَـٰنَ مِنَّا رَحْمَةً ثُمَّ نَزَعْنَـٰهَا مِنْهُ إِنَّهُۥ لَيَـُٔوسٌ كَفُورٌ,11,44,30,8,"ث,ح,ذ,ع,ق,ه",2,1,0,0,3,0,1,2,35,3.181818,0.795455
17,84,قُلْ كُلٌّ يَعْمَلُ عَلَىٰ شَاكِلَتِهِۦ فَرَبُّكُمْ أَعْلَمُ بِمَنْ هُوَ أَهْدَىٰ سَبِيلًا,11,40,30,7,"ع,ق,ه",3,0,1,0,2,0,0,2,35,3.181818,0.875
21,2,مَا يَأْتِيهِم مِّن ذِكْرٍ مِّن رَّبِّهِم مُّحْدَثٍ إِلَّا ٱسْتَمَعُوهُ وَهُمْ يَلْعَبُونَ,11,42,31,9,"ث,ح,ذ,ع,ه",3,0,1,0,1,0,0,1,35,3.181818,0.833333
21,4,قَالَ رَبِّى يَعْلَمُ ٱلْقَوْلَ فِى ٱلسَّمَآءِ وَٱلْأَرْضِ ۖ وَهُوَ ٱلسَّمِيعُ ٱلْعَلِيمُ,11,44,34,8,"ء,ض,ع,ق,ه",0,0,0,0,1,0,1,0,35,3.181818,0.795455
23,80,وَهُوَ ٱلَّذِى يُحْىِۦ وَيُمِيتُ وَلَهُ ٱخْتِلَـٰفُ ٱلَّيْلِ وَٱلنَّهَارِ ۚ أَفَلَا تَعْقِلُونَ,11,44,29,8,"ح,خ,ذ,ع,ق,ه",6,0,2,0,0,0,0,0,35,3.181818,0.795455
27,11,إِلَّا مَن ظَلَمَ ثُمَّ بَدَّلَ حُسْنًۢا بَعْدَ سُوٓءٍ فَإِنِّى غَفُورٌ رَّحِيمٌ,11,35,31,7,"ء,ث,ح,ظ,ع,غ",0,0,0,0,4,0,1,3,35,3.181818,1.0
34,4,لِّيَجْزِىَ ٱلَّذِينَ ءَامَنُوا۟ وَعَمِلُوا۟ ٱلصَّـٰلِحَـٰتِ ۚ أُو۟لَـٰٓئِكَ لَهُم مَّغْفِرَةٌ وَرِزْقٌ كَرِيمٌ,11,49,32,8,"ء,ح,ذ,ص,ع,غ,ق,ه",0,0,0,0,3,1,0,2,35,3.181818,0.714286
34,5,وَٱلَّذِينَ سَعَوْ فِىٓ ءَايَـٰتِنَا مُعَـٰجِزِينَ أُو۟لَـٰٓئِكَ لَهُمْ عَذَابٌ مِّن رِّجْزٍ أَلِيمٌ,11,44,32,7,"ء,ذ,ع,ه",2,1,0,0,1,0,0,1,35,3.181818,0.795455
36,79,قُلْ يُحْيِيهَا ٱلَّذِىٓ أَنشَأَهَآ أَوَّلَ مَرَّةٍ ۖ وَهُوَ بِكُلِّ خَلْقٍ عَلِيمٌ,11,37,32,9,"ح,خ,ذ,ع,ق,ه",0,0,0,0,3,0,2,1,35,3.181818,0.945946
42,4,لَهُۥ مَا فِى ٱلسَّمَـٰوَٰتِ وَمَا فِى ٱلْأَرْضِ ۖ وَهُوَ ٱلْعَلِىُّ ٱلْعَظِيمُ,11,36,27,6,"ض,ظ,ع,ه",8,1,2,0,0,0,0,0,35,3.181818,0.972222
61,4,إِنَّ ٱللَّهَ يُحِبُّ ٱلَّذِينَ يُقَـٰتِلُونَ فِى سَبِيلِهِۦ صَفًّا كَأَنَّهُم بُنْيَـٰنٌ مَّرْصُوصٌ,11,44,30,9,"ح,ذ,ص,ق,ه",3,0,1,0,2,0,0,2,35,3.181818,0.795455
3,128,لَيْسَ لَكَ مِنَ ٱلْأَمْرِ شَىْءٌ أَوْ يَتُوبَ عَلَيْهِمْ أَوْ يُعَذِّبَهُمْ فَإِنَّهُمْ ظَـٰلِمُونَ,12,44,29,8,"ء,ذ,ظ,ع,ه",8,1,2,0,1,1,0,0,38,3.166667,0.863636
3,192,رَبَّنَآ إِنَّكَ مَن تُدْخِلِ ٱلنَّارَ فَقَدْ أَخْزَيْتَهُۥ ۖ وَمَا لِلظَّـٰلِمِينَ مِنْ أَنصَارٍ,12,44,25,6,"خ,ص,ظ,ق,ه",12,0,4,0,1,1,0,0,38,3.166667,0.863636
7,90,وَقَالَ ٱلْمَلَأُ ٱلَّذِينَ كَفَرُوا۟ مِن قَوْمِهِۦ لَئِنِ ٱتَّبَعْتُمْ شُعَيْبًا إِنَّكُمْ إِذًا لَّخَـٰسِرُونَ,12,52,34,8,"خ,ذ,ع,ق,ه",3,0,1,0,1,0,0,1,38,3.166667,0.730769
7,132,وَقَالُوا۟ مَهْمَا تَأْتِنَا بِهِۦ مِنْ ءَايَةٍ لِّتَسْحَرَنَا بِهَا فَمَا نَحْنُ لَكَ بِمُؤْمِنِينَ,12,48,24,7,"ء,ح,ق,ه",12,0,4,0,2,0,0,2,38,3.166667,0.791667
11,41,وَقَالَ ٱرْكَبُوا۟ فِيهَا بِسْمِ ٱللَّهِ مَجْر۪ىٰهَا وَمُرْسَىٰهَآ ۚ إِنَّ رَبِّى لَغَفُورٌ رَّحِيمٌ,12,48,25,7,"ح,غ,ق,ه",9,0,3,0,4,0,3,1,38,3.166667,0.791667
28,6,وَنُمَكِّنَ لَهُمْ فِى ٱلْأَرْضِ وَنُرِىَ فِرْعَوْنَ وَهَـٰمَـٰنَ وَجُنُودَهُمَا مِنْهُم مَّا كَانُوا۟ يَحْذَرُونَ,12,53,32,8,"ح,ذ,ض,ع,ه",5,1,1,0,1,0,1,0,38,3.166667,0.716981
35,4,وَإِن يُكَذِّبُوكَ فَقَدْ كُذِّبَتْ رُسُلٌ مِّن قَبْلِكَ ۚ وَإِلَى ٱللَّهِ تُرْجَعُ ٱلْأُمُورُ,12,43,26,6,"ذ,ع,ق,ه",9,0,3,0,3,2,0,1,38,3.166667,0.883721
59,15,كَمَثَلِ ٱلَّذِينَ مِن قَبْلِهِمْ قَرِيبًا ۖ ذَاقُوا۟ وَبَالَ أَمْرِهِمْ وَلَهُمْ عَذَابٌ أَلِيمٌ,12,47,33,11,"ث,ذ,ع,ق,ه",5,1,1,0,0,0,0,0,38,3.166667,0.808511
2,192,فَإِنِ ٱنتَهَوْا۟ فَإِنَّ ٱللَّهَ غَفُورٌ رَّحِيمٌ,6,24,15,4,"ح,غ,ه",3,0,1,0,1,0,0,1,19,3.166667,0.791667
11,96,وَلَقَدْ أَرْسَلْنَا مُوسَىٰ بِـَٔايَـٰتِنَا وَسُلْطَـٰنٍ مُّبِينٍ,6,29,9,2,"ط,ق",9,0,3,0,1,0,0,1,19,3.166667,0.655172
14,49,وَتَرَى ٱلْمُجْرِمِينَ يَوْمَئِذٍ مُّقَرَّنِينَ فِى ٱلْأَصْفَادِ,6,32,12,3,"ذ,ص,ق",6,0,2,0,1,0,0,1,19,3.166667,0.59375
20,122,ثُمَّ ٱجْتَبَـٰهُ رَبُّهُۥ فَتَابَ عَلَيْهِ وَهَدَىٰ,6,22,18,6,"ث,ع,ه",0,0,0,0,1,0,1,0,19,3.166667,0.863636
23,87,سَيَقُولُونَ لِلَّهِ ۚ قُلْ أَفَلَا تَتَّقُونَ,6,21,13,4,"ق,ه",6,0,2,0,0,0,0,0,19,3.166667,0.904762
23,89,سَيَقُولُونَ لِلَّهِ ۚ قُلْ فَأَنَّىٰ تُسْحَرُونَ,6,22,16,4,"ح,ق,ه",3,0,1,0,0,0,0,0,19,3.166667,0.863636
35,16,إِن يَشَأْ يُذْهِبْكُمْ وَيَأْتِ بِخَلْقٍ جَدِيدٍ,6,23,16,4,"خ,ذ,ق,ه",2,1,0,0,1,0,0,1,19,3.166667,0.826087
36,42,وَخَلَقْنَا لَهُم مِّن مِّثْلِهِۦ مَا يَرْكَبُونَ,6,23,16,5,"ث,خ,ق,ه",3,0,1,0,0,0,0,0,19,3.166667,0.826087
37,57,وَلَوْلَا نِعْمَةُ رَبِّى لَكُنتُ مِنَ ٱلْمُحْضَرِينَ,6,26,17,3,"ح,ض,ع",2,1,0,0,0,0,0,0,19,3.166667,0.730769
40,2,تَنزِيلُ ٱلْكِتَـٰبِ مِنَ ٱللَّهِ ٱلْعَزِيزِ ٱلْعَلِيمِ,6,28,16,3,"ع,ه",3,0,1,0,0,0,0,0,19,3.166667,0.678571
43,76,وَمَا ظَلَمْنَـٰهُمْ وَلَـٰكِن كَانُوا۟ هُمُ ٱلظَّـٰلِمِينَ,6,27,14,4,"ظ,ه",3,0,1,0,2,1,1,0,19,3.166667,0.703704
90,19,وَٱلَّذِينَ كَفَرُوا۟ بِـَٔايَـٰتِنَا هُمْ أَصْحَـٰبُ ٱلْمَشْـَٔمَةِ,6,29,16,4,"ح,ذ,ص,ه",2,1,0,0,1,0,1,0,19,3.166667,0.655172
7,191,أَيُشْرِكُونَ مَا لَا يَخْلُقُ شَيْـًٔا وَهُمْ يُخْلَقُونَ,7,27,21,5,"خ,ق,ه",0,0,0,0,1,0,0,1,22,3.142857,0.814815
15,27,وَٱلْجَآنَّ خَلَقْنَـٰهُ مِن قَبْلُ مِن نَّارِ ٱلسَّمُومِ,7,27,15,4,"خ,ق,ه",6,0,2,0,1,0,1,0,22,3.142857,0.814815
21,12,فَلَمَّآ أَحَسُّوا۟ بَأْسَنَآ إِذَا هُم مِّنْهَا يَرْكُضُونَ,7,29,22,5,"ح,ذ,ض,ه",0,0,0,0,0,0,0,0,22,3.142857,0.758621
40,63,كَذَٰلِكَ يُؤْفَكُ ٱلَّذِينَ كَانُوا۟ بِـَٔايَـٰتِ ٱللَّهِ يَجْحَدُونَ,7,32,19,4,"ح,ذ,ه",3,0,1,0,0,0,0,0,22,3.142857,0.6875
52,24,وَيَطُوفُ عَلَيْهِمْ غِلْمَانٌ لَّهُمْ كَأَنَّهُمْ لُؤْلُؤٌ مَّكْنُونٌ,7,32,20,6,"ط,ع,غ,ه",0,0,0,0,2,0,0,2,22,3.142857,0.6875
52,37,أَمْ عِندَهُمْ خَزَآئِنُ رَبِّكَ أَمْ هُمُ ٱلْمُصَۣيْطِرُونَ,7,28,22,6,"خ,ص,ط,ع,ه",0,0,0,0,0,0,0,0,22,3.142857,0.785714
69,11,إِنَّا لَمَّا طَغَا ٱلْمَآءُ حَمَلْنَـٰكُمْ فِى ٱلْجَارِيَةِ,7,29,16,4,"ء,ح,ط,غ",5,1,1,0,1,0,1,0,22,3.142857,0.758621
75,40,أَلَيْسَ ذَٰلِكَ بِقَـٰدِرٍ عَلَىٰٓ أَن يُحْـِۧىَ ٱلْمَوْتَىٰ,7,25,18,4,"ح,ذ,ع,ق",3,0,1,0,1,0,0,1,22,3.142857,0.88
83,12,وَمَا يُكَذِّبُ بِهِۦٓ إِلَّا كُلُّ مُعْتَدٍ أَثِيمٍ,7,22,15,4,"ث,ذ,ع,ه",6,0,2,0,1,1,0,0,22,3.142857,1.0
2,46,ٱلَّذِينَ يَظُنُّونَ أَنَّهُم مُّلَـٰقُوا۟ رَبِّهِمْ وَأَنَّهُمْ إِلَيْهِ رَٰجِعُونَ,8,37,24,8,"ذ,ظ,ع,ق,ه",0,0,0,0,1,0,1,0,25,3.125,0.675676
6,85,وَزَكَرِيَّا وَيَحْيَىٰ وَعِيسَىٰ وَإِلْيَاسَ ۖ كُلٌّ مِّنَ ٱلصَّـٰلِحِينَ,8,33,23,4,"ح,ص,ع",0,0,0,0,2,1,0,1,25,3.125,0.757576
10,97,وَلَوْ جَآءَتْهُمْ كُلُّ ءَايَةٍ حَتَّىٰ يَرَوُا۟ ٱلْعَذَابَ ٱلْأَلِيمَ,8,34,21,6,"ء,ح,ذ,ع,ه",2,1,0,0,2,0,1,1,25,3.125,0.735294
15,25,وَإِنَّ رَبَّكَ هُوَ يَحْشُرُهُمْ ۚ إِنَّهُۥ حَكِيمٌ عَلِيمٌ,8,25,24,6,"ح,ع,ه",0,0,0,0,1,0,0,1,25,3.125,1.0
19,18,قَالَتْ إِنِّىٓ أَعُوذُ بِٱلرَّحْمَـٰنِ مِنكَ إِن كُنتَ تَقِيًّا,8,30,21,5,"ح,ذ,ع,ق",3,0,1,0,1,0,1,0,25,3.125,0.833333
19,30,قَالَ إِنِّى عَبْدُ ٱللَّهِ ءَاتَىٰنِىَ ٱلْكِتَـٰبَ وَجَعَلَنِى نَبِيًّا,8,34,19,5,"ء,ع,ق,ه",6,0,2,0,0,0,0,0,25,3.125,0.735294
21,54,قَالَ لَقَدْ كُنتُمْ أَنتُمْ وَءَابَآؤُكُمْ فِى ضَلَـٰلٍ مُّبِينٍ,8,31,17,4,"ء,ض,ق",6,0,2,0,2,0,1,1,25,3.125,0.806452
21,71,وَنَجَّيْنَـٰهُ وَلُوطًا إِلَى ٱلْأَرْضِ ٱلَّتِى بَـٰرَكْنَا فِيهَا لِلْعَـٰلَمِينَ,8,39,21,5,"ض,ط,ع,ه",3,0,1,0,1,0,1,0,25,3.125,0.641026
23,84,قُل لِّمَنِ ٱلْأَرْضُ وَمَن فِيهَآ إِن كُنتُمْ تَعْلَمُونَ,8,29,18,4,"ض,ع,ق,ه",6,0,2,0,1,0,1,0,25,3.125,0.862069
23,105,أَلَمْ تَكُنْ ءَايَـٰتِى تُتْلَىٰ عَلَيْكُمْ فَكُنتُم بِهَا تُكَذِّبُونَ,8,34,17,4,"ء,ذ,ع,ه",6,0,2,0,2,1,0,1,25,3.125,0.735294
52,35,أَمْ خُلِقُوا۟ مِنْ غَيْرِ شَىْءٍ أَمْ هُمُ ٱلْخَـٰلِقُونَ,8,26,24,7,"ء,خ,غ,ق,ه",0,0,0,0,1,0,0,1,25,3.125,0.961538
55,35,يُرْسَلُ عَلَيْكُمَا شُوَاظٌ مِّن نَّارٍ وَنُحَاسٌ فَلَا تَنتَصِرَانِ,8,34,22,4,"ح,ص,ظ,ع",0,0,0,0,3,0,0,3,25,3.125,0.735294
84,6,يَـٰٓأَيُّهَا ٱلْإِنسَـٰنُ إِنَّكَ كَادِحٌ إِلَىٰ رَبِّكَ كَدْحًا فَمُلَـٰقِيهِ,8,34,23,5,"ح,ق,ه",0,0,0,0,2,0,1,1,25,3.125,0.735294
11,25,وَلَقَدْ أَرْسَلْنَا نُوحًا إِلَىٰ قَوْمِهِۦٓ إِنِّى لَكُمْ نَذِيرٌ مُّبِينٌ,9,35,18,5,"ح,ذ,ق,ه",9,0,3,0,1,0,0,1,28,3.111111,0.8
21,37,خُلِقَ ٱلْإِنسَـٰنُ مِنْ عَجَلٍ ۚ سَأُو۟رِيكُمْ ءَايَـٰتِى فَلَا تَسْتَعْجِلُونِ,9,37,27,5,"ء,خ,ع,ق",0,0,0,0,1,0,0,1,28,3.111111,0.756757
25,50,وَلَقَدْ صَرَّفْنَـٰهُ بَيْنَهُمْ لِيَذَّكَّرُوا۟ فَأَبَىٰٓ أَكْثَرُ ٱلنَّاسِ إِلَّا كُفُورًا,9,42,23,6,"ث,ذ,ص,ق,ه",3,0,1,0,2,1,1,0,28,3.111111,0.666667
25,71,وَمَن تَابَ وَعَمِلَ صَـٰلِحًا فَإِنَّهُۥ يَتُوبُ إِلَى ٱللَّهِ مَتَابًا,9,34,18,5,"ح,ص,ع,ه",9,0,3,0,1,0,0,1,28,3.111111,0.823529
39,33,وَٱلَّذِى جَآءَ بِٱلصِّدْقِ وَصَدَّقَ بِهِۦٓ ۙ أُو۟لَـٰٓئِكَ هُمُ ٱلْمُتَّقُونَ,9,34,26,9,"ء,ذ,ص,ق,ه",0,0,0,0,2,1,1,0,28,3.111111,0.823529
39,34,لَهُم مَّا يَشَآءُونَ عِندَ رَبِّهِمْ ۚ ذَٰلِكَ جَزَآءُ ٱلْمُحْسِنِينَ,9,33,26,7,"ء,ح,ذ,ع,ه",0,0,0,0,2,0,2,0,28,3.111111,0.848485
40,76,ٱدْخُلُوٓا۟ أَبْوَٰبَ جَهَنَّمَ خَـٰلِدِينَ فِيهَا ۖ فَبِئْسَ مَثْوَى ٱلْمُتَكَبِّرِينَ,9,40,22,5,"ث,خ,ه",6,0,2,0,0,0,0,0,28,3.111111,0.7
51,42,مَا تَذَرُ مِن شَىْءٍ أَتَتْ عَلَيْهِ إِلَّا جَعَلَتْهُ كَٱلرَّمِيمِ,9,32,22,6,"ء,ذ,ع,ه",6,0,2,0,0,0,0,0,28,3.111111,0.875
54,25,أَءُلْقِىَ ٱلذِّكْرُ عَلَيْهِ مِنۢ بَيْنِنَا بَلْ هُوَ كَذَّابٌ أَشِرٌ,9,32,23,7,"ء,ذ,ع,ق,ه",3,0,1,0,2,2,0,0,28,3.111111,0.875
73,9,رَّبُّ ٱلْمَشْرِقِ وَٱلْمَغْرِبِ لَآ إِلَـٰهَ إِلَّا هُوَ فَٱتَّخِذْهُ وَكِيلًا,9,36,23,7,"خ,ذ,غ,ق,ه",4,2,0,0,1,0,1,0,28,3.111111,0.777778
6,118,فَكُلُوا۟ مِمَّا ذُكِرَ ٱسْمُ ٱللَّهِ عَلَيْهِ إِن كُنتُم بِـَٔايَـٰتِهِۦ مُؤْمِنِينَ,10,39,19,5,"ذ,ع,ه",12,0,4,0,0,0,0,0,31,3.1,0.794872
6,132,وَلِكُلٍّ دَرَجَـٰتٌ مِّمَّا عَمِلُوا۟ ۚ وَمَا رَبُّكَ بِغَـٰفِلٍ عَمَّا يَعْمَلُونَ,10,35,22,4,"ع,غ",6,0,2,0,3,0,0,3,31,3.1,0.885714
10,44,إِنَّ ٱللَّهَ لَا يَظْلِمُ ٱلنَّاسَ شَيْـًٔا وَلَـٰكِنَّ ٱلنَّاسَ أَنفُسَهُمْ يَظْلِمُونَ,10,41,18,4,"ظ,ه",12,0,4,0,1,0,0,1,31,3.1,0.756098
11,11,إِلَّا ٱلَّذِينَ صَبَرُوا۟ وَعَمِلُوا۟ ٱلصَّـٰلِحَـٰتِ أُو۟لَـٰٓئِكَ لَهُم مَّغْفِرَةٌ وَأَجْرٌ كَبِيرٌ,10,46,28,7,"ح,ذ,ص,ع,غ,ه",0,0,0,0,3,1,0,2,31,3.1,0.673913
11,30,وَيَـٰقَوْمِ مَن يَنصُرُنِى مِنَ ٱللَّهِ إِن طَرَدتُّهُمْ ۚ أَفَلَا تَذَكَّرُونَ,10,37,18,6,"ذ,ص,ط,ق,ه",12,0,4,0,1,0,1,0,31,3.1,0.837838
11,98,يَقْدُمُ قَوْمَهُۥ يَوْمَ ٱلْقِيَـٰمَةِ فَأَوْرَدَهُمُ ٱلنَّارَ ۖ وَبِئْسَ ٱلْوِرْدُ ٱلْمَوْرُودُ,10,45,15,5,"ق,ه",15,0,5,0,1,0,1,0,31,3.1,0.688889
16,34,فَأَصَابَهُمْ سَيِّـَٔاتُ مَا عَمِلُوا۟ وَحَاقَ بِهِم مَّا كَانُوا۟ بِهِۦ يَسْتَهْزِءُونَ,10,42,31,9,"ء,ح,ص,ع,ق,ه",0,0,0,0,0,0,0,0,31,3.1,0.738095
17,27,إِنَّ ٱلْمُبَذِّرِينَ كَانُوٓا۟ إِخْوَٰنَ ٱلشَّيَـٰطِينِ ۖ وَكَانَ ٱلشَّيْطَـٰنُ لِرَبِّهِۦ كَفُورًا,10,45,22,5,"خ,ذ,ط,ه",6,0,2,0,3,1,2,0,31,3.1,0.688889
18,73,قَالَ لَا تُؤَاخِذْنِى بِمَا نَسِيتُ وَلَا تُرْهِقْنِى مِنْ أَمْرِى عُسْرًا,10,38,23,6,"خ,ذ,ع,ق,ه",8,1,2,0,0,0,0,0,31,3.1,0.815789
19,34,ذَٰلِكَ عِيسَى ٱبْنُ مَرْيَمَ ۚ قَوْلَ ٱلْحَقِّ ٱلَّذِى فِيهِ يَمْتَرُونَ,10,34,27,7,"ح,ذ,ع,ق,ه",3,0,1,0,1,1,0,0,31,3.1,0.911765
21,13,لَا تَرْكُضُوا۟ وَٱرْجِعُوٓا۟ إِلَىٰ مَآ أُتْرِفْتُمْ فِيهِ وَمَسَـٰكِنِكُمْ لَعَلَّكُمْ تُسْـَٔلُونَ,10,46,27,4,"ض,ع,ه",3,0,1,0,1,0,1,0,31,3.1,0.673913
21,96,حَتَّىٰٓ إِذَا فُتِحَتْ يَأْجُوجُ وَمَأْجُوجُ وَهُم مِّن كُلِّ حَدَبٍ يَنسِلُونَ,10,37,27,5,"ح,ذ,ه",3,0,1,0,1,0,0,1,31,3.1,0.837838
28,41,وَجَعَلْنَـٰهُمْ أَئِمَّةً يَدْعُونَ إِلَى ٱلنَّارِ ۖ وَيَوْمَ ٱلْقِيَـٰمَةِ لَا يُنصَرُونَ,10,42,19,5,"ص,ع,ق,ه",9,0,3,0,3,0,2,1,31,3.1,0.738095
39,72,قِيلَ ٱدْخُلُوٓا۟ أَبْوَٰبَ جَهَنَّمَ خَـٰلِدِينَ فِيهَا ۖ فَبِئْسَ مَثْوَى ٱلْمُتَكَبِّرِينَ,10,43,25,6,"ث,خ,ق,ه",6,0,2,0,0,0,0,0,31,3.1,0.72093
72,19,وَأَنَّهُۥ لَمَّا قَامَ عَبْدُ ٱللَّهِ يَدْعُوهُ كَادُوا۟ يَكُونُونَ عَلَيْهِ لِبَدًا,10,41,28,8,"ع,ق,ه",3,0,1,0,0,0,0,0,31,3.1,0.756098
76,9,إِنَّمَا نُطْعِمُكُمْ لِوَجْهِ ٱللَّهِ لَا نُرِيدُ مِنكُمْ جَزَآءً وَلَا شُكُورًا,10,40,21,5,"ء,ط,ع,ه",8,1,2,0,2,0,1,1,31,3.1,0.775
3,5,إِنَّ ٱللَّهَ لَا يَخْفَىٰ عَلَيْهِ شَىْءٌ فِى ٱلْأَرْضِ وَلَا فِى ٱلسَّمَآءِ,11,37,29,7,"ء,خ,ض,ع,ه",3,0,1,0,2,0,1,1,34,3.090909,0.918919
3,190,إِنَّ فِى خَلْقِ ٱلسَّمَـٰوَٰتِ وَٱلْأَرْضِ وَٱخْتِلَـٰفِ ٱلَّيْلِ وَٱلنَّهَارِ لَـَٔايَـٰتٍ لِّأُو۟لِى ٱلْأَلْبَـٰبِ,11,51,24,5,"خ,ض,ق,ه",9,0,3,0,1,0,0,1,34,3.090909,0.666667
7,62,أُبَلِّغُكُمْ رِسَـٰلَـٰتِ رَبِّى وَأَنصَحُ لَكُمْ وَأَعْلَمُ مِنَ ٱللَّهِ مَا لَا تَعْلَمُونَ,11,42,26,6,"ح,ص,ع,غ,ه",8,1,2,0,0,0,0,0,34,3.090909,0.809524
7,135,فَلَمَّا كَشَفْنَا عَنْهُمُ ٱلرِّجْزَ إِلَىٰٓ أَجَلٍ هُم بَـٰلِغُوهُ إِذَا هُمْ يَنكُثُونَ,11,42,30,8,"ث,ذ,ع,غ,ه",3,0,1,0,1,0,0,1,34,3.090909,0.809524
11,97,إِلَىٰ فِرْعَوْنَ وَمَلَإِي۟هِۦ فَٱتَّبَعُوٓا۟ أَمْرَ فِرْعَوْنَ ۖ وَمَآ أَمْرُ فِرْعَوْنَ بِرَشِيدٍ,11,45,27,5,"ع,ه",6,0,2,0,1,0,1,0,34,3.090909,0.755556
17,91,أَوْ تَكُونَ لَكَ جَنَّةٌ مِّن نَّخِيلٍ وَعِنَبٍ فَتُفَجِّرَ ٱلْأَنْهَـٰرَ خِلَـٰلَهَا تَفْجِيرًا,11,43,27,5,"خ,ع,ه",3,0,1,0,4,0,1,3,34,3.090909,0.790698
20,64,فَأَجْمِعُوا۟ كَيْدَكُمْ ثُمَّ ٱئْتُوا۟ صَفًّا ۚ وَقَدْ أَفْلَحَ ٱلْيَوْمَ مَنِ ٱسْتَعْلَىٰ,11,42,31,6,"ث,ح,ص,ع,ق",3,0,1,0,0,0,0,0,34,3.090909,0.809524
21,17,لَوْ أَرَدْنَآ أَن نَّتَّخِذَ لَهْوًا لَّٱتَّخَذْنَـٰهُ مِن لَّدُنَّآ إِن كُنَّا فَـٰعِلِينَ,11,40,27,7,"خ,ذ,ع,ه",4,2,0,0,3,0,2,1,34,3.090909,0.85
25,47,وَهُوَ ٱلَّذِى جَعَلَ لَكُمُ ٱلَّيْلَ لِبَاسًا وَٱلنَّوْمَ سُبَاتًا وَجَعَلَ ٱلنَّهَارَ نُشُورًا,11,48,23,5,"ذ,ع,ه",9,0,3,0,2,0,0,2,34,3.090909,0.708333
26,51,إِنَّا نَطْمَعُ أَن يَغْفِرَ لَنَا رَبُّنَا خَطَـٰيَـٰنَآ أَن كُنَّآ أَوَّلَ ٱلْمُؤْمِنِينَ,11,41,21,5,"خ,ط,ع,غ",11,1,3,0,2,0,2,0,34,3.090909,0.829268
37,30,وَمَا كَانَ لَنَا عَلَيْكُم مِّن سُلْطَـٰنٍۭ ۖ بَلْ كُنتُمْ قَوْمًا طَـٰغِينَ,11,34,21,5,"ط,ع,غ,ق",11,1,3,0,2,0,1,1,34,3.090909,1.0
39,61,وَيُنَجِّى ٱللَّهُ ٱلَّذِينَ ٱتَّقَوْا۟ بِمَفَازَتِهِمْ لَا يَمَسُّهُمُ ٱلسُّوٓءُ وَلَا هُمْ يَحْزَنُونَ,11,50,27,8,"ء,ح,ذ,ق,ه",6,0,2,0,1,0,1,0,34,3.090909,0.68
43,12,وَٱلَّذِى خَلَقَ ٱلْأَزْوَٰجَ كُلَّهَا وَجَعَلَ لَكُم مِّنَ ٱلْفُلْكِ وَٱلْأَنْعَـٰمِ مَا تَرْكَبُونَ,11,47,31,6,"خ,ذ,ع,ق,ه",3,0,1,0,0,0,0,0,34,3.090909,0.723404
53,29,فَأَعْرِضْ عَن مَّن تَوَلَّىٰ عَن ذِكْرِنَا وَلَمْ يُرِدْ إِلَّا ٱلْحَيَوٰةَ ٱلدُّنْيَا,11,41,31,6,"ح,ذ,ض,ع",3,0,1,0,0,0,0,0,34,3.090909,0.829268
85,9,ٱلَّذِى لَهُۥ مُلْكُ ٱلسَّمَـٰوَٰتِ وَٱلْأَرْضِ ۚ وَٱللَّهُ عَلَىٰ كُلِّ شَىْءٍ شَهِيدٌ,11,38,27,7,"ء,ذ,ض,ع,ه",6,0,2,0,1,0,0,1,34,3.090909,0.894737
2,160,إِلَّا ٱلَّذِينَ تَابُوا۟ وَأَصْلَحُوا۟ وَبَيَّنُوا۟ فَأُو۟لَـٰٓئِكَ أَتُوبُ عَلَيْهِمْ ۚ وَأَنَا ٱلتَّوَّابُ ٱلرَّحِيمُ,12,57,25,6,"ح,ذ,ص,ع,ه",12,0,4,0,0,0,0,0,37,3.083333,0.649123
4,31,إِن تَجْتَنِبُوا۟ كَبَآئِرَ مَا تُنْهَوْنَ عَنْهُ نُكَفِّرْ عَنكُمْ سَيِّـَٔاتِكُمْ وَنُدْخِلْكُم مُّدْخَلًا كَرِيمًا,12,55,33,6,"خ,ع,ه",3,0,1,0,1,0,0,1,37,3.083333,0.672727
5,120,لِلَّهِ مُلْكُ ٱلسَّمَـٰوَٰتِ وَٱلْأَرْضِ وَمَا فِيهِنَّ ۚ وَهُوَ عَلَىٰ كُلِّ شَىْءٍ قَدِيرٌۢ,12,40,27,7,"ء,ض,ع,ق,ه",9,0,3,0,1,0,0,1,37,3.083333,0.925
7,10,وَلَقَدْ مَكَّنَّـٰكُمْ فِى ٱلْأَرْضِ وَجَعَلْنَا لَكُمْ فِيهَا مَعَـٰيِشَ ۗ قَلِيلًا مَّا تَشْكُرُونَ,12,46,33,6,"ض,ع,ق,ه",3,0,1,0,1,0,0,1,37,3.083333,0.804348
7,201,إِنَّ ٱلَّذِينَ ٱتَّقَوْا۟ إِذَا مَسَّهُمْ طَـٰٓئِفٌ مِّنَ ٱلشَّيْطَـٰنِ تَذَكَّرُوا۟ فَإِذَا هُم مُّبْصِرُونَ,12,48,33,10,"ذ,ص,ط,ق,ه",3,0,1,0,1,0,0,1,37,3.083333,0.770833
10,50,قُلْ أَرَءَيْتُمْ إِنْ أَتَىٰكُمْ عَذَابُهُۥ بَيَـٰتًا أَوْ نَهَارًا مَّاذَا يَسْتَعْجِلُ مِنْهُ ٱلْمُجْرِمُونَ,12,52,31,9,"ء,ذ,ع,ق,ه",5,1,1,0,1,0,0,1,37,3.083333,0.711538
12,73,قَالُوا۟ تَٱللَّهِ لَقَدْ عَلِمْتُم مَّا جِئْنَا لِنُفْسِدَ فِى ٱلْأَرْضِ وَمَا كُنَّا سَـٰرِقِينَ,12,47,28,6,"ض,ع,ق,ه",9,0,3,0,0,0,0,0,37,3.083333,0.787234
15,28,وَإِذْ قَالَ رَبُّكَ لِلْمَلَـٰٓئِكَةِ إِنِّى خَـٰلِقٌۢ بَشَرًا مِّن صَلْصَـٰلٍ مِّنْ حَمَإٍ مَّسْنُونٍ,12,42,29,7,"ح,خ,ذ,ص,ق",3,0,1,0,5,0,0,5,37,3.083333,0.880952
17,92,أَوْ تُسْقِطَ ٱلسَّمَآءَ كَمَا زَعَمْتَ عَلَيْنَا كِسَفًا أَوْ تَأْتِىَ بِٱللَّهِ وَٱلْمَلَـٰٓئِكَةِ قَبِيلًا,12,52,31,7,"ء,ط,ع,ق,ه",5,1,1,0,1,0,1,0,37,3.083333,0.711538
17,96,قُلْ كَفَىٰ بِٱللَّهِ شَهِيدًۢا بَيْنِى وَبَيْنَكُمْ ۚ إِنَّهُۥ كَانَ بِعِبَادِهِۦ خَبِيرًۢا بَصِيرًا,12,47,29,8,"خ,ص,ع,ق,ه",6,0,2,0,2,0,0,2,37,3.083333,0.787234
21,76,وَنُوحًا إِذْ نَادَىٰ مِن قَبْلُ فَٱسْتَجَبْنَا لَهُۥ فَنَجَّيْنَـٰهُ وَأَهْلَهُۥ مِنَ ٱلْكَرْبِ ٱلْعَظِيمِ,12,50,34,9,"ح,ذ,ظ,ع,ق,ه",2,1,0,0,1,0,1,0,37,3.083333,0.74
23,51,يَـٰٓأَيُّهَا ٱلرُّسُلُ كُلُوا۟ مِنَ ٱلطَّيِّبَـٰتِ وَٱعْمَلُوا۟ صَـٰلِحًا ۖ إِنِّى بِمَا تَعْمَلُونَ عَلِيمٌ,12,49,30,7,"ح,ص,ط,ع,ه",6,0,2,0,1,1,0,0,37,3.083333,0.755102
43,84,وَهُوَ ٱلَّذِى فِى ٱلسَّمَآءِ إِلَـٰهٌ وَفِى ٱلْأَرْضِ إِلَـٰهٌ ۚ وَهُوَ ٱلْحَكِيمُ ٱلْعَلِيمُ,12,44,33,9,"ء,ح,ذ,ض,ع,ه",0,0,0,0,4,0,3,1,37,3.083333,0.840909
51,51,وَلَا تَجْعَلُوا۟ مَعَ ٱللَّهِ إِلَـٰهًا ءَاخَرَ ۖ إِنِّى لَكُم مِّنْهُ نَذِيرٌ مُّبِينٌ,12,40,28,8,"ء,خ,ذ,ع,ه",6,0,2,0,3,0,1,2,37,3.083333,0.925
3,95,قُلْ صَدَقَ ٱللَّهُ ۗ فَٱتَّبِعُوا۟ مِلَّةَ إِبْرَٰهِيمَ حَنِيفًا وَمَا كَانَ مِنَ ٱلْمُشْرِكِينَ,12,46,28,7,"ح,ص,ع,ق,ه",6,0,2,0,2,0,1,1,36,3.0,0.782609
12,85,قَالُوا۟ تَٱللَّهِ تَفْتَؤُا۟ تَذْكُرُ يُوسُفَ حَتَّىٰ تَكُونَ حَرَضًا أَوْ تَكُونَ مِنَ ٱلْهَـٰلِكِينَ,12,49,33,7,"ح,ذ,ض,ق,ه",3,0,1,0,0,0,0,0,36,3.0,0.734694
18,36,وَمَآ أَظُنُّ ٱلسَّاعَةَ قَآئِمَةً وَلَئِن رُّدِدتُّ إِلَىٰ رَبِّى لَأَجِدَنَّ خَيْرًا مِّنْهَا مُنقَلَبًا,12,50,24,6,"خ,ظ,ع,ق,ه",9,0,3,0,3,0,1,2,36,3.0,0.72
21,45,قُلْ إِنَّمَآ أُنذِرُكُم بِٱلْوَحْىِ ۚ وَلَا يَسْمَعُ ٱلصُّمُّ ٱلدُّعَآءَ إِذَا مَا يُنذَرُونَ,12,46,34,9,"ء,ح,ذ,ص,ع,ق",0,0,0,0,2,1,1,0,36,3.0,0.782609
23,116,فَتَعَـٰلَى ٱللَّهُ ٱلْمَلِكُ ٱلْحَقُّ ۖ لَآ إِلَـٰهَ إِلَّا هُوَ رَبُّ ٱلْعَرْشِ ٱلْكَرِيمِ,12,41,28,7,"ح,ع,ق,ه",6,0,2,0,2,1,1,0,36,3.0,0.878049
24,46,لَّقَدْ أَنزَلْنَآ ءَايَـٰتٍ مُّبَيِّنَـٰتٍ ۚ وَٱللَّهُ يَهْدِى مَن يَشَآءُ إِلَىٰ صِرَٰطٍ مُّسْتَقِيمٍ,12,45,23,8,"ء,ص,ط,ق,ه",9,0,3,0,4,0,2,2,36,3.0,0.8
28,54,أُو۟لَـٰٓئِكَ يُؤْتَوْنَ أَجْرَهُم مَّرَّتَيْنِ بِمَا صَبَرُوا۟ وَيَدْرَءُونَ بِٱلْحَسَنَةِ ٱلسَّيِّئَةَ وَمِمَّا رَزَقْنَـٰهُمْ يُنفِقُونَ,12,64,26,7,"ء,ح,ص,ق,ه",9,0,3,0,1,0,1,0,36,3.0,0.5625
2,11,وَإِذَا قِيلَ لَهُمْ لَا تُفْسِدُوا۟ فِى ٱلْأَرْضِ قَالُوٓا۟ إِنَّمَا نَحْنُ مُصْلِحُونَ,11,43,33,8,"ح,ذ,ص,ض,ق,ه",0,0,0,0,0,0,0,0,33,3.0,0.767442
6,4,وَمَا تَأْتِيهِم مِّنْ ءَايَةٍ مِّنْ ءَايَـٰتِ رَبِّهِمْ إِلَّا كَانُوا۟ عَنْهَا مُعْرِضِينَ,11,43,27,8,"ء,ض,ع,ه",3,0,1,0,3,0,0,3,33,3.0,0.767442
15,33,قَالَ لَمْ أَكُن لِّأَسْجُدَ لِبَشَرٍ خَلَقْتَهُۥ مِن صَلْصَـٰلٍ مِّنْ حَمَإٍ مَّسْنُونٍ,11,38,29,7,"ح,خ,ص,ق,ه",0,0,0,0,4,0,0,4,33,3.0,0.868421
22,33,لَكُمْ فِيهَا مَنَـٰفِعُ إِلَىٰٓ أَجَلٍ مُّسَمًّى ثُمَّ مَحِلُّهَآ إِلَى ٱلْبَيْتِ ٱلْعَتِيقِ,11,42,30,7,"ث,ح,ع,ق,ه",0,0,0,0,3,0,1,2,33,3.0,0.785714
25,61,تَبَارَكَ ٱلَّذِى جَعَلَ فِى ٱلسَّمَآءِ بُرُوجًا وَجَعَلَ فِيهَا سِرَٰجًا وَقَمَرًا مُّنِيرًا,11,47,29,6,"ء,ذ,ع,ق,ه",0,0,0,0,4,0,1,3,33,3.0,0.702128
26,21,فَفَرَرْتُ مِنكُمْ لَمَّا خِفْتُكُمْ فَوَهَبَ لِى رَبِّى حُكْمًا وَجَعَلَنِى مِنَ ٱلْمُرْسَلِينَ,11,46,26,4,"ح,خ,ع,ه",6,0,2,0,1,0,0,1,33,3.0,0.717391
27,23,إِنِّى وَجَدتُّ ٱمْرَأَةً تَمْلِكُهُمْ وَأُوتِيَتْ مِن كُلِّ شَىْءٍ وَلَهَا عَرْشٌ عَظِيمٌ,11,42,25,6,"ء,ظ,ع,ه",5,1,1,0,3,0,0,3,33,3.0,0.785714
35,15,يَـٰٓأَيُّهَا ٱلنَّاسُ أَنتُمُ ٱلْفُقَرَآءُ إِلَى ٱللَّهِ ۖ وَٱللَّهُ هُوَ ٱلْغَنِىُّ ٱلْحَمِيدُ,11,46,23,8,"ء,ح,غ,ق,ه",9,0,3,0,1,0,1,0,33,3.0,0.717391
38,76,قَالَ أَنَا۠ خَيْرٌ مِّنْهُ ۖ خَلَقْتَنِى مِن نَّارٍ وَخَلَقْتَهُۥ مِن طِينٍ,11,34,31,9,"خ,ط,ق,ه",0,0,0,0,2,0,0,2,33,3.0,0.970588
39,50,قَدْ قَالَهَا ٱلَّذِينَ مِن قَبْلِهِمْ فَمَآ أَغْنَىٰ عَنْهُم مَّا كَانُوا۟ يَكْسِبُونَ,11,43,30,9,"ذ,ع,غ,ق,ه",3,0,1,0,0,0,0,0,33,3.0,0.767442
43,38,حَتَّىٰٓ إِذَا جَآءَنَا قَالَ يَـٰلَيْتَ بَيْنِى وَبَيْنَكَ بُعْدَ ٱلْمَشْرِقَيْنِ فَبِئْسَ ٱلْقَرِينُ,11,48,29,7,"ء,ح,ذ,ع,ق",3,0,1,0,1,0,1,0,33,3.0,0.6875
2,95,وَلَن يَتَمَنَّوْهُ أَبَدًۢا بِمَا قَدَّمَتْ أَيْدِيهِمْ ۗ وَٱللَّهُ عَلِيمٌۢ بِٱلظَّـٰلِمِينَ,10,43,18,6,"ظ,ع,ق,ه",9,0,3,0,3,1,0,2,30,3.0,0.697674
2,252,تِلْكَ ءَايَـٰتُ ٱللَّهِ نَتْلُوهَا عَلَيْكَ بِٱلْحَقِّ ۚ وَإِنَّكَ لَمِنَ ٱلْمُرْسَلِينَ,10,41,23,6,"ء,ح,ع,ق,ه",6,0,2,0,1,1,0,0,30,3.0,0.731707
7,61,قَالَ يَـٰقَوْمِ لَيْسَ بِى ضَلَـٰلَةٌ وَلَـٰكِنِّى رَسُولٌ مِّن رَّبِّ ٱلْعَـٰلَمِينَ,10,36,20,4,"ض,ع,ق",6,0,2,0,4,0,2,2,30,3.0,0.833333
8,22,إِنَّ شَرَّ ٱلدَّوَآبِّ عِندَ ٱللَّهِ ٱلصُّمُّ ٱلْبُكْمُ ٱلَّذِينَ لَا يَعْقِلُونَ,10,39,23,6,"ذ,ص,ع,ق,ه",6,0,2,0,1,1,0,0,30,3.0,0.769231
10,62,أَلَآ إِنَّ أَوْلِيَآءَ ٱللَّهِ لَا خَوْفٌ عَلَيْهِمْ وَلَا هُمْ يَحْزَنُونَ,10,36,25,7,"ء,ح,خ,ع,ه",3,0,1,0,2,0,1,1,30,3.0,0.833333
20,45,قَالَا رَبَّنَآ إِنَّنَا نَخَافُ أَن يَفْرُطَ عَلَيْنَآ أَوْ أَن يَطْغَىٰ,10,35,24,6,"خ,ط,ع,غ,ق",5,1,1,0,1,0,1,0,30,3.0,0.857143
21,83,وَأَيُّوبَ إِذْ نَادَىٰ رَبَّهُۥٓ أَنِّى مَسَّنِىَ ٱلضُّرُّ وَأَنتَ أَرْحَمُ ٱلرَّٰحِمِينَ,10,40,22,5,"ح,ذ,ض,ه",6,0,2,0,2,1,1,0,30,3.0,0.75
21,102,لَا يَسْمَعُونَ حَسِيسَهَا ۖ وَهُمْ فِى مَا ٱشْتَهَتْ أَنفُسُهُمْ خَـٰلِدُونَ,10,37,30,7,"ح,خ,ع,ه",0,0,0,0,0,0,0,0,30,3.0,0.810811
23,101,فَإِذَا نُفِخَ فِى ٱلصُّورِ فَلَآ أَنسَابَ بَيْنَهُمْ يَوْمَئِذٍ وَلَا يَتَسَآءَلُونَ,10,43,24,6,"ء,خ,ذ,ص,ه",3,0,1,0,3,1,1,1,30,3.0,0.697674
27,73,وَإِنَّ رَبَّكَ لَذُو فَضْلٍ عَلَى ٱلنَّاسِ وَلَـٰكِنَّ أَكْثَرَهُمْ لَا يَشْكُرُونَ,10,38,26,5,"ث,ذ,ض,ع,ه",3,0,1,0,1,0,0,1,30,3.0,0.789474
36,76,فَلَا يَحْزُنكَ قَوْلُهُمْ ۘ إِنَّا نَعْلَمُ مَا يُسِرُّونَ وَمَا يُعْلِنُونَ,10,36,24,5,"ح,ع,ق,ه",6,0,2,0,0,0,0,0,30,3.0,0.833333
39,62,ٱللَّهُ خَـٰلِقُ كُلِّ شَىْءٍ ۖ وَهُوَ عَلَىٰ كُلِّ شَىْءٍ وَكِيلٌ,10,27,26,7,"ء,خ,ع,ق,ه",3,0,1,0,1,0,0,1,30,3.0,1.111111
41,41,إِنَّ ٱلَّذِينَ كَفَرُوا۟ بِٱلذِّكْرِ لَمَّا جَآءَهُمْ ۖ وَإِنَّهُۥ لَكِتَـٰبٌ عَزِيزٌ,10,38,24,6,"ء,ذ,ع,ه",3,0,1,0,3,1,1,1,30,3.0,0.789474
10,69,قُلْ إِنَّ ٱلَّذِينَ يَفْتَرُونَ عَلَى ٱللَّهِ ٱلْكَذِبَ لَا يُفْلِحُونَ,9,35,24,6,"ح,ذ,ع,ق,ه",3,0,1,0,0,0,0,0,27,3.0,0.771429
11,4,إِلَى ٱللَّهِ مَرْجِعُكُمْ ۖ وَهُوَ عَلَىٰ كُلِّ شَىْءٍ قَدِيرٌ,9,28,23,6,"ء,ع,ق,ه",3,0,1,0,1,0,0,1,27,3.0,0.964286
11,106,فَأَمَّا ٱلَّذِينَ شَقُوا۟ فَفِى ٱلنَّارِ لَهُمْ فِيهَا زَفِيرٌ وَشَهِيقٌ,9,37,23,6,"ذ,ق,ه",3,0,1,0,1,0,0,1,27,3.0,0.72973
20,126,قَالَ كَذَٰلِكَ أَتَتْكَ ءَايَـٰتُنَا فَنَسِيتَهَا ۖ وَكَذَٰلِكَ ٱلْيَوْمَ تُنسَىٰ,9,38,21,5,"ء,ذ,ق,ه",6,0,2,0,0,0,0,0,27,3.0,0.710526
25,75,أُو۟لَـٰٓئِكَ يُجْزَوْنَ ٱلْغُرْفَةَ بِمَا صَبَرُوا۟ وَيُلَقَّوْنَ فِيهَا تَحِيَّةً وَسَلَـٰمًا,9,43,22,5,"ح,ص,غ,ق,ه",3,0,1,0,2,1,0,1,27,3.0,0.627907
27,3,ٱلَّذِينَ يُقِيمُونَ ٱلصَّلَوٰةَ وَيُؤْتُونَ ٱلزَّكَوٰةَ وَهُم بِٱلْـَٔاخِرَةِ هُمْ يُوقِنُونَ,9,47,23,7,"خ,ذ,ص,ق,ه",3,0,1,0,1,1,0,0,27,3.0,0.574468
27,26,ٱللَّهُ لَآ إِلَـٰهَ إِلَّا هُوَ رَبُّ ٱلْعَرْشِ ٱلْعَظِيمِ ۩,9,27,21,6,"ظ,ع,ه",5,1,1,0,1,0,1,0,27,3.0,1.0
35,30,لِيُوَفِّيَهُمْ أُجُورَهُمْ وَيَزِيدَهُم مِّن فَضْلِهِۦٓ ۚ إِنَّهُۥ غَفُورٌ شَكُورٌ,9,37,26,7,"ض,غ,ه",0,0,0,0,1,0,0,1,27,3.0,0.72973
38,69,مَا كَانَ لِىَ مِنْ عِلْمٍۭ بِٱلْمَلَإِ ٱلْأَعْلَىٰٓ إِذْ يَخْتَصِمُونَ,9,33,22,5,"خ,ذ,ص,ع",3,0,1,0,2,0,0,2,27,3.0,0.818182
51,30,قَالُوا۟ كَذَٰلِكِ قَالَ رَبُّكِ ۖ إِنَّهُۥ هُوَ ٱلْحَكِيمُ ٱلْعَلِيمُ,9,32,27,7,"ح,ذ,ع,ق,ه",0,0,0,0,0,0,0,0,27,3.0,0.84375
57,5,لَّهُۥ مُلْكُ ٱلسَّمَـٰوَٰتِ وَٱلْأَرْضِ ۚ وَإِلَى ٱللَّهِ تُرْجَعُ ٱلْأُمُورُ,9,35,18,4,"ض,ع,ه",9,0,3,0,0,0,0,0,27,3.0,0.771429
98,7,إِنَّ ٱلَّذِينَ ءَامَنُوا۟ وَعَمِلُوا۟ ٱلصَّـٰلِحَـٰتِ أُو۟لَـٰٓئِكَ هُمْ خَيْرُ ٱلْبَرِيَّةِ,9,41,26,7,"ء,ح,خ,ذ,ص,ع,ه",0,0,0,0,1,1,0,0,27,3.0,0.658537
16,57,وَيَجْعَلُونَ لِلَّهِ ٱلْبَنَـٰتِ سُبْحَـٰنَهُۥ ۙ وَلَهُم مَّا يَشْتَهُونَ,8,32,21,6,"ح,ع,ه",3,0,1,0,0,0,0,0,24,3.0,0.75
19,66,وَيَقُولُ ٱلْإِنسَـٰنُ أَءِذَا مَا مِتُّ لَسَوْفَ أُخْرَجُ حَيًّا,8,30,22,5,"ء,ح,خ,ذ,ق",2,1,0,0,0,0,0,0,24,3.0,0.8
20,46,قَالَ لَا تَخَافَآ ۖ إِنَّنِى مَعَكُمَآ أَسْمَعُ وَأَرَىٰ,8,27,21,4,"خ,ع,ق",3,0,1,0,0,0,0,0,24,3.0,0.888889
21,111,وَإِنْ أَدْرِى لَعَلَّهُۥ فِتْنَةٌ لَّكُمْ وَمَتَـٰعٌ إِلَىٰ حِينٍ,8,28,19,4,"ح,ع,ه",3,0,1,0,2,0,1,1,24,3.0,0.857143
24,42,وَلِلَّهِ مُلْكُ ٱلسَّمَـٰوَٰتِ وَٱلْأَرْضِ ۖ وَإِلَى ٱللَّهِ ٱلْمَصِيرُ,8,33,15,4,"ص,ض,ه",9,0,3,0,0,0,0,0,24,3.0,0.727273
50,3,أَءِذَا مِتْنَا وَكُنَّا تُرَابًا ۖ ذَٰلِكَ رَجْعٌۢ بَعِيدٌ,8,27,21,5,"ء,ذ,ع",2,1,0,0,1,0,0,1,24,3.0,0.888889
3,2,ٱللَّهُ لَآ إِلَـٰهَ إِلَّا هُوَ ٱلْحَىُّ ٱلْقَيُّومُ,7,24,14,5,"ح,ق,ه",6,0,2,0,1,0,1,0,21,3.0,0.875
7,111,قَالُوٓا۟ أَرْجِهْ وَأَخَاهُ وَأَرْسِلْ فِى ٱلْمَدَآئِنِ حَـٰشِرِينَ,7,33,21,5,"ح,خ,ق,ه",0,0,0,0,0,0,0,0,21,3.0,0.636364
12,7,لَّقَدْ كَانَ فِى يُوسُفَ وَإِخْوَتِهِۦٓ ءَايَـٰتٌ لِّلسَّآئِلِينَ,7,30,17,4,"ء,خ,ق,ه",3,0,1,0,1,0,0,1,21,3.0,0.7
12,106,وَمَا يُؤْمِنُ أَكْثَرُهُم بِٱللَّهِ إِلَّا وَهُم مُّشْرِكُونَ,7,30,12,4,"ث,ه",9,0,3,0,0,0,0,0,21,3.0,0.7
19,53,وَوَهَبْنَا لَهُۥ مِن رَّحْمَتِنَآ أَخَاهُ هَـٰرُونَ نَبِيًّا,7,28,18,6,"ح,خ,ه",3,0,1,0,0,0,0,0,21,3.0,0.75
20,7,وَإِن تَجْهَرْ بِٱلْقَوْلِ فَإِنَّهُۥ يَعْلَمُ ٱلسِّرَّ وَأَخْفَى,7,30,21,5,"خ,ع,ق,ه",0,0,0,0,0,0,0,0,21,3.0,0.7
23,7,فَمَنِ ٱبْتَغَىٰ وَرَآءَ ذَٰلِكَ فَأُو۟لَـٰٓئِكَ هُمُ ٱلْعَادُونَ,7,30,19,5,"ء,ذ,ع,غ,ه",0,0,0,0,2,0,2,0,21,3.0,0.7
23,61,أُو۟لَـٰٓئِكَ يُسَـٰرِعُونَ فِى ٱلْخَيْرَٰتِ وَهُمْ لَهَا سَـٰبِقُونَ,7,30,21,5,"خ,ع,ق,ه",0,0,0,0,0,0,0,0,21,3.0,0.7
23,97,وَقُل رَّبِّ أَعُوذُ بِكَ مِنْ هَمَزَٰتِ ٱلشَّيَـٰطِينِ,7,24,19,5,"ذ,ط,ع,ق,ه",0,0,0,0,2,0,1,1,21,3.0,0.875
26,19,وَفَعَلْتَ فَعْلَتَكَ ٱلَّتِى فَعَلْتَ وَأَنتَ مِنَ ٱلْكَـٰفِرِينَ,7,31,21,3,ع,0,0,0,0,0,0,0,0,21,3.0,0.677419
68,22,أَنِ ٱغْدُوا۟ عَلَىٰ حَرْثِكُمْ إِن كُنتُمْ صَـٰرِمِينَ,7,26,21,5,"ث,ح,ص,ع,غ",0,0,0,0,0,0,0,0,21,3.0,0.807692
68,28,قَالَ أَوْسَطُهُمْ أَلَمْ أَقُل لَّكُمْ لَوْلَا تُسَبِّحُونَ,7,28,19,5,"ح,ط,ق,ه",2,1,0,0,0,0,0,0,21,3.0,0.75
73,10,وَٱصْبِرْ عَلَىٰ مَا يَقُولُونَ وَٱهْجُرْهُمْ هَجْرًا جَمِيلًا,7,32,20,6,"ص,ع,ق,ه",0,0,0,0,1,0,0,1,21,3.0,0.65625
105,1,أَلَمْ تَرَ كَيْفَ فَعَلَ رَبُّكَ بِأَصْحَـٰبِ ٱلْفِيلِ,7,24,18,3,"ح,ص,ع",2,1,0,0,1,0,1,0,21,3.0,0.875
20,68,قُلْنَا لَا تَخَفْ إِنَّكَ أَنتَ ٱلْأَعْلَىٰ,6,21,15,3,"خ,ع,ق",3,0,1,0,0,0,0,0,18,3.0,0.857143
21,27,لَا يَسْبِقُونَهُۥ بِٱلْقَوْلِ وَهُم بِأَمْرِهِۦ يَعْمَلُونَ,6,29,18,6,"ع,ق,ه",0,0,0,0,0,0,0,0,18,3.0,0.62069
23,11,ٱلَّذِينَ يَرِثُونَ ٱلْفِرْدَوْسَ هُمْ فِيهَا خَـٰلِدُونَ,6,28,18,5,"ث,خ,ذ,ه",0,0,0,0,0,0,0,0,18,3.0,0.642857
33,46,وَدَاعِيًا إِلَى ٱللَّهِ بِإِذْنِهِۦ وَسِرَاجًا مُّنِيرًا,6,29,14,4,"ذ,ع,ه",3,0,1,0,1,0,0,1,18,3.0,0.62069
38,11,جُندٌ مَّا هُنَالِكَ مَهْزُومٌ مِّنَ ٱلْأَحْزَابِ,6,24,13,3,"ح,ه",3,0,1,0,2,0,0,2,18,3.0,0.75
43,41,فَإِمَّا نَذْهَبَنَّ بِكَ فَإِنَّا مِنْهُم مُّنتَقِمُونَ,6,26,13,4,"ذ,ق,ه",5,1,1,0,0,0,0,0,18,3.0,0.692308
44,16,يَوْمَ نَبْطِشُ ٱلْبَطْشَةَ ٱلْكُبْرَىٰٓ إِنَّا مُنتَقِمُونَ,6,29,12,3,"ط,ق",6,0,2,0,0,0,0,0,18,3.0,0.62069
51,56,وَمَا خَلَقْتُ ٱلْجِنَّ وَٱلْإِنسَ إِلَّا لِيَعْبُدُونِ,6,27,15,3,"خ,ع,ق",3,0,1,0,0,0,0,0,18,3.0,0.666667
52,13,يَوْمَ يُدَعُّونَ إِلَىٰ نَارِ جَهَنَّمَ دَعًّا,6,21,13,3,"ع,ه",3,0,1,0,2,2,0,0,18,3.0,0.857143
54,14,تَجْرِى بِأَعْيُنِنَا جَزَآءً لِّمَن كَانَ كُفِرَ,6,24,13,2,"ء,ع",3,0,1,0,2,0,1,1,18,3.0,0.75
55,74,لَمْ يَطْمِثْهُنَّ إِنسٌ قَبْلَهُمْ وَلَا جَآنٌّ,6,22,15,5,"ث,ط,ق,ه",2,1,0,0,1,0,0,1,18,3.0,0.818182
71,2,قَالَ يَـٰقَوْمِ إِنِّى لَكُمْ نَذِيرٌ مُّبِينٌ,6,21,10,3,"ذ,ق",6,0,2,0,2,0,1,1,18,3.0,0.857143
75,16,لَا تُحَرِّكْ بِهِۦ لِسَانَكَ لِتَعْجَلَ بِهِۦٓ,6,20,18,4,"ح,ع,ه",0,0,0,0,0,0,0,0,18,3.0,0.9
77,29,ٱنطَلِقُوٓا۟ إِلَىٰ مَا كُنتُم بِهِۦ تُكَذِّبُونَ,6,24,13,4,"ذ,ط,ق,ه",3,0,1,0,2,1,1,0,18,3.0,0.75
78,35,لَّا يَسْمَعُونَ فِيهَا لَغْوًا وَلَا كِذَّٰبًا,6,23,16,4,"ذ,ع,غ,ه",0,0,0,0,2,1,0,1,18,3.0,0.782609
80,37,لِكُلِّ ٱمْرِئٍ مِّنْهُمْ يَوْمَئِذٍ شَأْنٌ يُغْنِيهِ,6,24,12,4,"ذ,غ,ه",3,0,1,0,3,0,0,3,18,3.0,0.75
83,2,ٱلَّذِينَ إِذَا ٱكْتَالُوا۟ عَلَى ٱلنَّاسِ يَسْتَوْفُونَ,6,30,15,3,"ذ,ع",3,0,1,0,0,0,0,0,18,3.0,0.6
92,11,وَمَا يُغْنِى عَنْهُ مَالُهُۥٓ إِذَا تَرَدَّىٰٓ,6,21,15,5,"ذ,ع,غ,ه",3,0,1,0,0,0,0,0,18,3.0,0.857143
3,48,وَيُعَلِّمُهُ ٱلْكِتَـٰبَ وَٱلْحِكْمَةَ وَٱلتَّوْرَىٰةَ وَٱلْإِنجِيلَ,5,34,15,3,"ح,ع,ه",0,0,0,0,0,0,0,0,15,3.0,0.441176
10,56,هُوَ يُحْىِۦ وَيُمِيتُ وَإِلَيْهِ تُرْجَعُونَ,5,21,15,4,"ح,ع,ه",0,0,0,0,0,0,0,0,15,3.0,0.714286
10,86,وَنَجِّنَا بِرَحْمَتِكَ مِنَ ٱلْقَوْمِ ٱلْكَـٰفِرِينَ,5,25,12,2,"ح,ق",3,0,1,0,0,0,0,0,15,3.0,0.6
14,29,جَهَنَّمَ يَصْلَوْنَهَا ۖ وَبِئْسَ ٱلْقَرَارُ,5,21,12,4,"ص,ق,ه",3,0,1,0,0,0,0,0,15,3.0,0.714286
15,34,قَالَ فَٱخْرُجْ مِنْهَا فَإِنَّكَ رَجِيمٌ,5,20,15,3,"خ,ق,ه",0,0,0,0,0,0,0,0,15,3.0,0.75
15,77,إِنَّ فِى ذَٰلِكَ لَـَٔايَةً لِّلْمُؤْمِنِينَ,5,19,5,1,ذ,9,0,3,0,1,0,0,1,15,3.0,0.789474
15,99,وَٱعْبُدْ رَبَّكَ حَتَّىٰ يَأْتِيَكَ ٱلْيَقِينُ,5,22,15,3,"ح,ع,ق",0,0,0,0,0,0,0,0,15,3.0,0.681818
17,50,قُلْ كُونُوا۟ حِجَارَةً أَوْ حَدِيدًا,5,19,15,3,"ح,ق",0,0,0,0,0,0,0,0,15,3.0,0.789474
19,3,إِذْ نَادَىٰ رَبَّهُۥ نِدَآءً خَفِيًّا,5,17,13,4,"ء,خ,ذ,ه",0,0,0,0,2,0,1,1,15,3.0,0.882353
19,95,وَكُلُّهُمْ ءَاتِيهِ يَوْمَ ٱلْقِيَـٰمَةِ فَرْدًا,5,23,11,4,"ء,ق,ه",3,0,1,0,1,0,1,0,15,3.0,0.652174
25,64,وَٱلَّذِينَ يَبِيتُونَ لِرَبِّهِمْ سُجَّدًا وَقِيَـٰمًا,5,26,10,3,"ذ,ق,ه",3,0,1,0,2,0,1,1,15,3.0,0.576923
26,11,قَوْمَ فِرْعَوْنَ ۚ أَلَا يَتَّقُونَ,5,16,12,3,"ع,ق",3,0,1,0,0,0,0,0,15,3.0,0.9375
26,53,فَأَرْسَلَ فِرْعَوْنُ فِى ٱلْمَدَآئِنِ حَـٰشِرِينَ,5,24,15,2,"ح,ع",0,0,0,0,0,0,0,0,15,3.0,0.625
26,146,أَتُتْرَكُونَ فِى مَا هَـٰهُنَآ ءَامِنِينَ,5,21,8,3,"ء,ه",6,0,2,0,1,0,1,0,15,3.0,0.714286
36,17,وَمَا عَلَيْنَآ إِلَّا ٱلْبَلَـٰغُ ٱلْمُبِينُ,5,22,8,2,"ع,غ",6,0,2,0,1,0,1,0,15,3.0,0.681818
44,4,فِيهَا يُفْرَقُ كُلُّ أَمْرٍ حَكِيمٍ,5,17,14,3,"ح,ق,ه",0,0,0,0,1,0,0,1,15,3.0,0.882353
50,8,تَبْصِرَةً وَذِكْرَىٰ لِكُلِّ عَبْدٍ مُّنِيبٍ,5,20,13,3,"ذ,ص,ع",0,0,0,0,2,0,0,2,15,3.0,0.75
51,54,فَتَوَلَّ عَنْهُمْ فَمَآ أَنتَ بِمَلُومٍ,5,19,9,2,"ع,ه",6,0,2,0,0,0,0,0,15,3.0,0.789474
53,4,إِنْ هُوَ إِلَّا وَحْىٌ يُوحَىٰ,5,14,12,3,"ح,ه",0,0,0,0,3,0,1,2,15,3.0,1.071429
54,52,وَكُلُّ شَىْءٍ فَعَلُوهُ فِى ٱلزُّبُرِ,5,18,14,3,"ء,ع,ه",0,0,0,0,1,0,0,1,15,3.0,0.833333
56,91,فَسَلَـٰمٌ لَّكَ مِنْ أَصْحَـٰبِ ٱلْيَمِينِ,5,18,11,2,"ح,ص",2,1,0,0,2,0,1,1,15,3.0,0.833333
69,36,وَلَا طَعَامٌ إِلَّا مِنْ غِسْلِينٍ,5,17,12,3,"ط,ع,غ",2,1,0,0,1,0,0,1,15,3.0,0.882353
77,20,أَلَمْ نَخْلُقكُّم مِّن مَّآءٍ مَّهِينٍ,5,18,13,4,"ء,خ,ق,ه",0,0,0,0,2,0,1,1,15,3.0,0.833333
79,35,يَوْمَ يَتَذَكَّرُ ٱلْإِنسَـٰنُ مَا سَعَىٰ,5,19,11,2,"ذ,ع",3,0,1,0,1,0,1,0,15,3.0,0.789474
83,3,وَإِذَا كَالُوهُمْ أَو وَّزَنُوهُمْ يُخْسِرُونَ,5,24,15,4,"خ,ذ,ه",0,0,0,0,0,0,0,0,15,3.0,0.625
89,22,وَجَآءَ رَبُّكَ وَٱلْمَلَكُ صَفًّا صَفًّا,5,19,13,3,"ء,ص",0,0,0,0,2,0,1,1,15,3.0,0.789474
93,4,وَلَلْـَٔاخِرَةُ خَيْرٌ لَّكَ مِنَ ٱلْأُولَىٰ,5,20,11,2,خ,3,0,1,0,1,0,0,1,15,3.0,0.75
104,4,كَلَّا ۖ لَيُنۢبَذَنَّ فِى ٱلْحُطَمَةِ,5,17,13,3,"ح,ذ,ط",2,1,0,0,0,0,0,0,15,3.0,0.882353
15,62,قَالَ إِنَّكُمْ قَوْمٌ مُّنكَرُونَ,4,16,8,2,ق,3,0,1,0,1,0,0,1,12,3.0,0.75
26,114,وَمَآ أَنَا۠ بِطَارِدِ ٱلْمُؤْمِنِينَ,4,19,3,1,ط,9,0,3,0,0,0,0,0,12,3.0,0.631579
26,130,وَإِذَا بَطَشْتُم بَطَشْتُمْ جَبَّارِينَ,4,20,12,3,"ذ,ط",0,0,0,0,0,0,0,0,12,3.0,0.6
26,171,إِلَّا عَجُوزًا فِى ٱلْغَـٰبِرِينَ,4,17,11,2,"ع,غ",0,0,0,0,1,0,0,1,12,3.0,0.705882
26,205,أَفَرَءَيْتَ إِن مَّتَّعْنَـٰهُمْ سِنِينَ,4,18,11,3,"ء,ع,ه",0,0,0,0,1,0,1,0,12,3.0,0.666667
26,209,ذِكْرَىٰ وَمَا كُنَّا ظَـٰلِمِينَ,4,15,9,2,"ذ,ظ",3,0,1,0,0,0,0,0,12,3.0,0.8
35,19,وَمَا يَسْتَوِى ٱلْأَعْمَىٰ وَٱلْبَصِيرُ,4,21,9,2,"ص,ع",3,0,1,0,0,0,0,0,12,3.0,0.571429
37,34,إِنَّا كَذَٰلِكَ نَفْعَلُ بِٱلْمُجْرِمِينَ,4,20,12,2,"ذ,ع",0,0,0,0,0,0,0,0,12,3.0,0.6
37,52,يَقُولُ أَءِنَّكَ لَمِنَ ٱلْمُصَدِّقِينَ,4,19,12,4,"ء,ص,ق",0,0,0,0,0,0,0,0,12,3.0,0.631579
37,154,مَا لَكُمْ كَيْفَ تَحْكُمُونَ,4,14,9,1,ح,3,0,1,0,0,0,0,0,12,3.0,0.857143
38,56,جَهَنَّمَ يَصْلَوْنَهَا فَبِئْسَ ٱلْمِهَادُ,4,21,12,4,"ص,ه",0,0,0,0,0,0,0,0,12,3.0,0.571429
51,8,إِنَّكُمْ لَفِى قَوْلٍ مُّخْتَلِفٍ,4,15,11,2,"خ,ق",0,0,0,0,1,0,0,1,12,3.0,0.8
53,21,أَلَكُمُ ٱلذَّكَرُ وَلَهُ ٱلْأُنثَىٰ,4,18,10,3,"ث,ذ,ه",0,0,0,0,2,1,1,0,12,3.0,0.666667
55,13,فَبِأَىِّ ءَالَآءِ رَبِّكُمَا تُكَذِّبَانِ,4,20,10,3,"ء,ذ",0,0,0,0,2,1,1,0,12,3.0,0.6
55,20,بَيْنَهُمَا بَرْزَخٌ لَّا يَبْغِيَانِ,4,18,11,3,"خ,غ,ه",0,0,0,0,1,0,0,1,12,3.0,0.666667
55,22,يَخْرُجُ مِنْهُمَا ٱللُّؤْلُؤُ وَٱلْمَرْجَانُ,4,23,9,2,"خ,ه",3,0,1,0,0,0,0,0,12,3.0,0.521739
70,10,وَلَا يَسْـَٔلُ حَمِيمٌ حَمِيمًا,4,15,11,2,ح,0,0,0,0,1,0,0,1,12,3.0,0.8
70,26,وَٱلَّذِينَ يُصَدِّقُونَ بِيَوْمِ ٱلدِّينِ,4,21,9,3,"ذ,ص,ق",3,0,1,0,0,0,0,0,12,3.0,0.571429
74,12,وَجَعَلْتُ لَهُۥ مَالًا مَّمْدُودًا,4,17,8,2,"ع,ه",3,0,1,0,1,0,0,1,12,3.0,0.705882
74,15,ثُمَّ يَطْمَعُ أَنْ أَزِيدَ,4,12,12,3,"ث,ط,ع",0,0,0,0,0,0,0,0,12,3.0,1.0
75,2,وَلَآ أُقْسِمُ بِٱلنَّفْسِ ٱللَّوَّامَةِ,4,20,6,1,ق,6,0,2,0,0,0,0,0,12,3.0,0.6
76,18,عَيْنًا فِيهَا تُسَمَّىٰ سَلْسَبِيلًا,4,19,11,2,"ع,ه",0,0,0,0,1,0,0,1,12,3.0,0.631579
80,8,وَأَمَّا مَن جَآءَكَ يَسْعَىٰ,4,14,10,2,"ء,ع",0,0,0,0,2,0,2,0,12,3.0,0.857143
80,25,أَنَّا صَبَبْنَا ٱلْمَآءَ صَبًّا,4,16,8,3,"ء,ص",3,0,1,0,1,0,1,0,12,3.0,0.75
85,17,هَلْ أَتَىٰكَ حَدِيثُ ٱلْجُنُودِ,4,16,12,3,"ث,ح,ه",0,0,0,0,0,0,0,0,12,3.0,0.75
88,18,وَإِلَى ٱلسَّمَآءِ كَيْفَ رُفِعَتْ,4,17,11,2,"ء,ع",0,0,0,0,1,0,1,0,12,3.0,0.705882
89,11,ٱلَّذِينَ طَغَوْا۟ فِى ٱلْبِلَـٰدِ,4,16,10,3,"ذ,ط,غ",2,1,0,0,0,0,0,0,12,3.0,0.75
90,1,لَآ أُقْسِمُ بِهَـٰذَا ٱلْبَلَدِ,4,15,9,3,"ذ,ق,ه",2,1,0,0,1,0,1,0,12,3.0,0.8
91,10,وَقَدْ خَابَ مَن دَسَّىٰهَا,4,13,11,3,"خ,ق,ه",0,0,0,0,1,0,1,0,12,3.0,0.923077
94,6,إِنَّ مَعَ ٱلْعُسْرِ يُسْرًا,4,13,12,2,ع,0,0,0,0,0,0,0,0,12,3.0,0.923077
95,7,فَمَا يُكَذِّبُكَ بَعْدُ بِٱلدِّينِ,4,17,11,2,"ذ,ع",0,0,0,0,1,1,0,0,12,3.0,0.705882
101,3,وَمَآ أَدْرَىٰكَ مَا ٱلْقَارِعَةُ,4,17,9,2,"ع,ق",3,0,1,0,0,0,0,0,12,3.0,0.705882
7,117,وَأَوْحَيْنَآ إِلَىٰ مُوسَىٰٓ أَنْ أَلْقِ عَصَاكَ ۖ فَإِذَا هِىَ تَلْقَفُ مَا يَأْفِكُونَ,12,41,30,7,"ح,ذ,ص,ع,ق,ه",5,1,1,0,0,0,0,0,35,2.916667,0.853659
10,42,وَمِنْهُم مَّن يَسْتَمِعُونَ إِلَيْكَ ۚ أَفَأَنتَ تُسْمِعُ ٱلصُّمَّ وَلَوْ كَانُوا۟ لَا يَعْقِلُونَ,12,47,28,6,"ص,ع,ق,ه",6,0,2,0,1,1,0,0,35,2.916667,0.744681
11,26,أَن لَّا تَعْبُدُوٓا۟ إِلَّا ٱللَّهَ ۖ إِنِّىٓ أَخَافُ عَلَيْكُمْ عَذَابَ يَوْمٍ أَلِيمٍ,12,40,27,6,"خ,ذ,ع,ه",8,1,2,0,0,0,0,0,35,2.916667,0.875
12,75,قَالُوا۟ جَزَٰٓؤُهُۥ مَن وُجِدَ فِى رَحْلِهِۦ فَهُوَ جَزَٰٓؤُهُۥ ۚ كَذَٰلِكَ نَجْزِى ٱلظَّـٰلِمِينَ,12,42,34,8,"ح,ذ,ظ,ق,ه",0,0,0,0,1,1,0,0,35,2.916667,0.833333
17,35,وَأَوْفُوا۟ ٱلْكَيْلَ إِذَا كِلْتُمْ وَزِنُوا۟ بِٱلْقِسْطَاسِ ٱلْمُسْتَقِيمِ ۚ ذَٰلِكَ خَيْرٌ وَأَحْسَنُ تَأْوِيلًا,12,56,34,7,"ح,خ,ذ,ط,ق",0,0,0,0,1,0,0,1,35,2.916667,0.625
18,33,كِلْتَا ٱلْجَنَّتَيْنِ ءَاتَتْ أُكُلَهَا وَلَمْ تَظْلِم مِّنْهُ شَيْـًٔا ۚ وَفَجَّرْنَا خِلَـٰلَهُمَا نَهَرًا,12,49,25,7,"ء,خ,ظ,ه",9,0,3,0,1,0,1,0,35,2.916667,0.714286
19,62,لَّا يَسْمَعُونَ فِيهَا لَغْوًا إِلَّا سَلَـٰمًا ۖ وَلَهُمْ رِزْقُهُمْ فِيهَا بُكْرَةً وَعَشِيًّا,12,45,31,8,"ع,غ,ق,ه",3,0,1,0,1,0,0,1,35,2.916667,0.777778
21,33,وَهُوَ ٱلَّذِى خَلَقَ ٱلَّيْلَ وَٱلنَّهَارَ وَٱلشَّمْسَ وَٱلْقَمَرَ ۖ كُلٌّ فِى فَلَكٍ يَسْبَحُونَ,12,46,30,7,"ح,خ,ذ,ق,ه",3,0,1,0,2,0,0,2,35,2.916667,0.76087
27,41,قَالَ نَكِّرُوا۟ لَهَا عَرْشَهَا نَنظُرْ أَتَهْتَدِىٓ أَمْ تَكُونُ مِنَ ٱلَّذِينَ لَا يَهْتَدُونَ,12,47,26,8,"ذ,ظ,ع,ق,ه",9,0,3,0,0,0,0,0,35,2.916667,0.744681
30,32,مِنَ ٱلَّذِينَ فَرَّقُوا۟ دِينَهُمْ وَكَانُوا۟ شِيَعًا ۖ كُلُّ حِزْبٍۭ بِمَا لَدَيْهِمْ فَرِحُونَ,12,45,31,7,"ح,ذ,ع,ق,ه",3,0,1,0,1,0,0,1,35,2.916667,0.777778
2,6,إِنَّ ٱلَّذِينَ كَفَرُوا۟ سَوَآءٌ عَلَيْهِمْ ءَأَنذَرْتَهُمْ أَمْ لَمْ تُنذِرْهُمْ لَا يُؤْمِنُونَ,11,47,27,9,"ء,ذ,ع,ه",3,0,1,0,2,0,1,1,32,2.909091,0.680851
4,50,ٱنظُرْ كَيْفَ يَفْتَرُونَ عَلَى ٱللَّهِ ٱلْكَذِبَ ۖ وَكَفَىٰ بِهِۦٓ إِثْمًا مُّبِينًا,11,40,25,6,"ث,ذ,ظ,ع,ه",6,0,2,0,1,0,0,1,32,2.909091,0.8
7,113,وَجَآءَ ٱلسَّحَرَةُ فِرْعَوْنَ قَالُوٓا۟ إِنَّ لَنَا لَأَجْرًا إِن كُنَّا نَحْنُ ٱلْغَـٰلِبِينَ,11,45,28,6,"ء,ح,ع,غ,ق",3,0,1,0,1,0,1,0,32,2.909091,0.711111
11,118,وَلَوْ شَآءَ رَبُّكَ لَجَعَلَ ٱلنَّاسَ أُمَّةً وَٰحِدَةً ۖ وَلَا يَزَالُونَ مُخْتَلِفِينَ,11,41,23,4,"ء,ح,خ,ع",6,0,2,0,3,0,2,1,32,2.909091,0.780488
16,39,لِيُبَيِّنَ لَهُمُ ٱلَّذِى يَخْتَلِفُونَ فِيهِ وَلِيَعْلَمَ ٱلَّذِينَ كَفَرُوٓا۟ أَنَّهُمْ كَانُوا۟ كَـٰذِبِينَ,11,52,31,8,"خ,ذ,ع,ه",0,0,0,0,1,0,1,0,32,2.909091,0.615385
21,34,وَمَا جَعَلْنَا لِبَشَرٍ مِّن قَبْلِكَ ٱلْخُلْدَ ۖ أَفَإِي۟ن مِّتَّ فَهُمُ ٱلْخَـٰلِدُونَ,11,40,25,5,"خ,ع,ق,ه",6,0,2,0,1,0,0,1,32,2.909091,0.8
22,76,يَعْلَمُ مَا بَيْنَ أَيْدِيهِمْ وَمَا خَلْفَهُمْ ۗ وَإِلَى ٱللَّهِ تُرْجَعُ ٱلْأُمُورُ,11,41,23,6,"خ,ع,ه",9,0,3,0,0,0,0,0,32,2.909091,0.780488
29,4,أَمْ حَسِبَ ٱلَّذِينَ يَعْمَلُونَ ٱلسَّيِّـَٔاتِ أَن يَسْبِقُونَا ۚ سَآءَ مَا يَحْكُمُونَ,11,42,28,6,"ء,ح,ذ,ع,ق",3,0,1,0,1,0,1,0,32,2.909091,0.761905
30,52,فَإِنَّكَ لَا تُسْمِعُ ٱلْمَوْتَىٰ وَلَا تُسْمِعُ ٱلصُّمَّ ٱلدُّعَآءَ إِذَا وَلَّوْا۟ مُدْبِرِينَ,11,46,27,6,"ء,ذ,ص,ع",3,0,1,0,2,1,1,0,32,2.909091,0.695652
43,22,بَلْ قَالُوٓا۟ إِنَّا وَجَدْنَآ ءَابَآءَنَا عَلَىٰٓ أُمَّةٍ وَإِنَّا عَلَىٰٓ ءَاثَـٰرِهِم مُّهْتَدُونَ,11,47,27,9,"ء,ث,ع,ق,ه",3,0,1,0,2,0,1,1,32,2.909091,0.680851
6,103,لَّا تُدْرِكُهُ ٱلْأَبْصَـٰرُ وَهُوَ يُدْرِكُ ٱلْأَبْصَـٰرَ ۖ وَهُوَ ٱللَّطِيفُ ٱلْخَبِيرُ,10,41,23,7,"خ,ص,ط,ه",6,0,2,0,0,0,0,0,29,2.9,0.707317
12,27,وَإِن كَانَ قَمِيصُهُۥ قُدَّ مِن دُبُرٍ فَكَذَبَتْ وَهُوَ مِنَ ٱلصَّـٰدِقِينَ,10,35,25,8,"ذ,ص,ق,ه",2,1,0,0,2,1,0,1,29,2.9,0.828571
16,122,وَءَاتَيْنَـٰهُ فِى ٱلدُّنْيَا حَسَنَةً ۖ وَإِنَّهُۥ فِى ٱلْـَٔاخِرَةِ لَمِنَ ٱلصَّـٰلِحِينَ,10,41,27,7,"ء,ح,خ,ص,ه",0,0,0,0,2,1,1,0,29,2.9,0.707317
18,69,قَالَ سَتَجِدُنِىٓ إِن شَآءَ ٱللَّهُ صَابِرًا وَلَآ أَعْصِى لَكَ أَمْرًا,10,36,22,6,"ء,ص,ع,ق,ه",5,1,1,0,2,0,1,1,29,2.9,0.805556
38,25,فَغَفَرْنَا لَهُۥ ذَٰلِكَ ۖ وَإِنَّ لَهُۥ عِندَنَا لَزُلْفَىٰ وَحُسْنَ مَـَٔابٍ,10,33,26,6,"ح,ذ,ع,غ,ه",3,0,1,0,0,0,0,0,29,2.9,0.878788
43,66,هَلْ يَنظُرُونَ إِلَّا ٱلسَّاعَةَ أَن تَأْتِيَهُم بَغْتَةً وَهُمْ لَا يَشْعُرُونَ,10,40,25,7,"ظ,ع,غ,ه",3,0,1,0,1,0,0,1,29,2.9,0.725
72,5,وَأَنَّا ظَنَنَّآ أَن لَّن تَقُولَ ٱلْإِنسُ وَٱلْجِنُّ عَلَى ٱللَّهِ كَذِبًا,10,37,20,5,"ذ,ظ,ع,ق,ه",9,0,3,0,0,0,0,0,29,2.9,0.783784
72,11,وَأَنَّا مِنَّا ٱلصَّـٰلِحُونَ وَمِنَّا دُونَ ذَٰلِكَ ۖ كُنَّا طَرَآئِقَ قِدَدًا,10,36,22,6,"ح,ذ,ص,ط,ق",6,0,2,0,1,1,0,0,29,2.9,0.805556
3,53,رَبَّنَآ ءَامَنَّا بِمَآ أَنزَلْتَ وَٱتَّبَعْنَا ٱلرَّسُولَ فَٱكْتُبْنَا مَعَ ٱلشَّـٰهِدِينَ,9,46,19,4,"ء,ع,ه",6,0,2,0,1,0,1,0,26,2.888889,0.565217
15,52,إِذْ دَخَلُوا۟ عَلَيْهِ فَقَالُوا۟ سَلَـٰمًا قَالَ إِنَّا مِنكُمْ وَجِلُونَ,9,36,25,6,"خ,ذ,ع,ق,ه",0,0,0,0,1,0,0,1,26,2.888889,0.722222
33,44,تَحِيَّتُهُمْ يَوْمَ يَلْقَوْنَهُۥ سَلَـٰمٌ ۚ وَأَعَدَّ لَهُمْ أَجْرًا كَرِيمًا,9,34,22,6,"ح,ع,ق,ه",3,0,1,0,1,0,0,1,26,2.888889,0.764706
43,77,وَنَادَوْا۟ يَـٰمَـٰلِكُ لِيَقْضِ عَلَيْنَا رَبُّكَ ۖ قَالَ إِنَّكُم مَّـٰكِثُونَ,9,34,24,5,"ث,ض,ع,ق",2,1,0,0,0,0,0,0,26,2.888889,0.764706
47,7,يَـٰٓأَيُّهَا ٱلَّذِينَ ءَامَنُوٓا۟ إِن تَنصُرُوا۟ ٱللَّهَ يَنصُرْكُمْ وَيُثَبِّتْ أَقْدَامَكُمْ,9,46,23,8,"ء,ث,ذ,ص,ق,ه",3,0,1,0,0,0,0,0,26,2.888889,0.565217
54,6,فَتَوَلَّ عَنْهُمْ ۘ يَوْمَ يَدْعُ ٱلدَّاعِ إِلَىٰ شَىْءٍ نُّكُرٍ,9,28,22,5,"ء,ع,ه",3,0,1,0,1,0,0,1,26,2.888889,0.928571
54,28,وَنَبِّئْهُمْ أَنَّ ٱلْمَآءَ قِسْمَةٌۢ بَيْنَهُمْ ۖ كُلُّ شِرْبٍ مُّحْتَضَرٌ,9,32,23,6,"ء,ح,ض,ق,ه",0,0,0,0,3,0,1,2,26,2.888889,0.8125
79,40,وَأَمَّا مَنْ خَافَ مَقَامَ رَبِّهِۦ وَنَهَى ٱلنَّفْسَ عَنِ ٱلْهَوَىٰ,9,32,22,6,"خ,ع,ق,ه",3,0,1,0,1,0,0,1,26,2.888889,0.8125
15,6,وَقَالُوا۟ يَـٰٓأَيُّهَا ٱلَّذِى نُزِّلَ عَلَيْهِ ٱلذِّكْرُ إِنَّكَ لَمَجْنُونٌ,8,36,22,6,"ذ,ع,ق,ه",0,0,0,0,1,1,0,0,23,2.875,0.638889
16,17,أَفَمَن يَخْلُقُ كَمَن لَّا يَخْلُقُ ۗ أَفَلَا تَذَكَّرُونَ,8,27,23,5,"خ,ذ,ق",0,0,0,0,0,0,0,0,23,2.875,0.851852
24,18,وَيُبَيِّنُ ٱللَّهُ لَكُمُ ٱلْـَٔايَـٰتِ ۚ وَٱللَّهُ عَلِيمٌ حَكِيمٌ,8,30,16,4,"ح,ع,ه",6,0,2,0,1,0,0,1,23,2.875,0.766667
26,13,وَيَضِيقُ صَدْرِى وَلَا يَنطَلِقُ لِسَانِى فَأَرْسِلْ إِلَىٰ هَـٰرُونَ,8,34,23,6,"ص,ض,ط,ق,ه",0,0,0,0,0,0,0,0,23,2.875,0.676471
27,74,وَإِنَّ رَبَّكَ لَيَعْلَمُ مَا تُكِنُّ صُدُورُهُمْ وَمَا يُعْلِنُونَ,8,31,17,4,"ص,ع,ه",6,0,2,0,0,0,0,0,23,2.875,0.741935
29,57,كُلُّ نَفْسٍ ذَآئِقَةُ ٱلْمَوْتِ ۖ ثُمَّ إِلَيْنَا تُرْجَعُونَ,8,28,18,4,"ث,ذ,ع,ق",3,0,1,0,2,0,1,1,23,2.875,0.821429
32,8,ثُمَّ جَعَلَ نَسْلَهُۥ مِن سُلَـٰلَةٍ مِّن مَّآءٍ مَّهِينٍ,8,24,17,5,"ء,ث,ع,ه",3,0,1,0,3,0,1,2,23,2.875,0.958333
33,70,يَـٰٓأَيُّهَا ٱلَّذِينَ ءَامَنُوا۟ ٱتَّقُوا۟ ٱللَّهَ وَقُولُوا۟ قَوْلًا سَدِيدًا,8,40,19,7,"ء,ذ,ق,ه",3,0,1,0,1,0,0,1,23,2.875,0.575
35,26,ثُمَّ أَخَذْتُ ٱلَّذِينَ كَفَرُوا۟ ۖ فَكَيْفَ كَانَ نَكِيرِ,8,27,21,4,"ث,خ,ذ",2,1,0,0,0,0,0,0,23,2.875,0.851852
43,81,قُلْ إِن كَانَ لِلرَّحْمَـٰنِ وَلَدٌ فَأَنَا۠ أَوَّلُ ٱلْعَـٰبِدِينَ,8,30,15,3,"ح,ع,ق",6,0,2,0,2,0,1,1,23,2.875,0.766667
70,38,أَيَطْمَعُ كُلُّ ٱمْرِئٍ مِّنْهُمْ أَن يُدْخَلَ جَنَّةَ نَعِيمٍ,8,28,22,5,"خ,ط,ع,ه",0,0,0,0,1,0,0,1,23,2.875,0.821429
110,3,فَسَبِّحْ بِحَمْدِ رَبِّكَ وَٱسْتَغْفِرْهُ ۚ إِنَّهُۥ كَانَ تَوَّابًۢا,8,30,23,5,"ح,غ,ه",0,0,0,0,0,0,0,0,23,2.875,0.766667
23,12,وَلَقَدْ خَلَقْنَا ٱلْإِنسَـٰنَ مِن سُلَـٰلَةٍ مِّن طِينٍ,7,26,16,4,"خ,ط,ق",3,0,1,0,1,0,0,1,20,2.857143,0.769231
25,51,وَلَوْ شِئْنَا لَبَعَثْنَا فِى كُلِّ قَرْيَةٍ نَّذِيرًا,7,26,17,4,"ث,ذ,ع,ق",2,1,0,0,1,0,0,1,20,2.857143,0.769231
26,201,لَا يُؤْمِنُونَ بِهِۦ حَتَّىٰ يَرَوُا۟ ٱلْعَذَابَ ٱلْأَلِيمَ,7,29,15,4,"ح,ذ,ع,ه",5,1,1,0,0,0,0,0,20,2.857143,0.689655
43,88,وَقِيلِهِۦ يَـٰرَبِّ إِنَّ هَـٰٓؤُلَآءِ قَوْمٌ لَّا يُؤْمِنُونَ,7,26,12,5,"ء,ق,ه",6,0,2,0,2,0,1,1,20,2.857143,0.769231
44,30,وَلَقَدْ نَجَّيْنَا بَنِىٓ إِسْرَٰٓءِيلَ مِنَ ٱلْعَذَابِ ٱلْمُهِينِ,7,32,17,5,"ء,ذ,ع,ق,ه",2,1,0,0,1,0,1,0,20,2.857143,0.625
51,53,أَتَوَاصَوْا۟ بِهِۦ ۚ بَلْ هُمْ قَوْمٌ طَاغُونَ,7,21,16,6,"ص,ط,غ,ق,ه",3,0,1,0,1,0,0,1,20,2.857143,0.952381
51,58,إِنَّ ٱللَّهَ هُوَ ٱلرَّزَّاقُ ذُو ٱلْقُوَّةِ ٱلْمَتِينُ,7,27,14,5,"ذ,ق,ه",6,0,2,0,0,0,0,0,20,2.857143,0.740741
52,40,أَمْ تَسْـَٔلُهُمْ أَجْرًا فَهُم مِّن مَّغْرَمٍ مُّثْقَلُونَ,7,26,16,5,"ث,غ,ق,ه",2,1,0,0,2,0,0,2,20,2.857143,0.769231
54,4,وَلَقَدْ جَآءَهُم مِّنَ ٱلْأَنۢبَآءِ مَا فِيهِ مُزْدَجَرٌ,7,28,15,5,"ء,ق,ه",3,0,1,0,2,0,2,0,20,2.857143,0.714286
71,9,ثُمَّ إِنِّىٓ أَعْلَنتُ لَهُمْ وَأَسْرَرْتُ لَهُمْ إِسْرَارًا,7,28,14,4,"ث,ع,ه",6,0,2,0,0,0,0,0,20,2.857143,0.714286
83,26,خِتَـٰمُهُۥ مِسْكٌ ۚ وَفِى ذَٰلِكَ فَلْيَتَنَافَسِ ٱلْمُتَنَـٰفِسُونَ,7,30,19,3,"خ,ذ,ه",0,0,0,0,1,0,1,0,20,2.857143,0.666667
84,21,وَإِذَا قُرِئَ عَلَيْهِمُ ٱلْقُرْءَانُ لَا يَسْجُدُونَ ۩,7,27,20,6,"ء,ذ,ع,ق,ه",0,0,0,0,0,0,0,0,20,2.857143,0.740741
3,32,قُلْ أَطِيعُوا۟ ٱللَّهَ وَٱلرَّسُولَ ۖ فَإِن تَوَلَّوْا۟ فَإِنَّ ٱللَّهَ لَا يُحِبُّ ٱلْكَـٰفِرِينَ,12,46,25,6,"ح,ط,ع,ق,ه",9,0,3,0,0,0,0,0,34,2.833333,0.73913
3,109,وَلِلَّهِ مَا فِى ٱلسَّمَـٰوَٰتِ وَمَا فِى ٱلْأَرْضِ ۚ وَإِلَى ٱللَّهِ تُرْجَعُ ٱلْأُمُورُ,12,42,19,4,"ض,ع,ه",15,0,5,0,0,0,0,0,34,2.833333,0.809524
3,177,إِنَّ ٱلَّذِينَ ٱشْتَرَوُا۟ ٱلْكُفْرَ بِٱلْإِيمَـٰنِ لَن يَضُرُّوا۟ ٱللَّهَ شَيْـًٔا وَلَهُمْ عَذَابٌ أَلِيمٌ,12,51,25,6,"ذ,ض,ع,ه",8,1,2,0,1,0,0,1,34,2.833333,0.666667
4,55,فَمِنْهُم مَّنْ ءَامَنَ بِهِۦ وَمِنْهُم مَّن صَدَّ عَنْهُ ۚ وَكَفَىٰ بِجَهَنَّمَ سَعِيرًا,12,39,30,9,"ء,ص,ع,ه",3,0,1,0,1,0,0,1,34,2.833333,0.871795
4,168,إِنَّ ٱلَّذِينَ كَفَرُوا۟ وَظَلَمُوا۟ لَمْ يَكُنِ ٱللَّهُ لِيَغْفِرَ لَهُمْ وَلَا لِيَهْدِيَهُمْ طَرِيقًا,12,50,28,9,"ذ,ط,ظ,غ,ق,ه",6,0,2,0,0,0,0,0,34,2.833333,0.68
4,169,إِلَّا طَرِيقَ جَهَنَّمَ خَـٰلِدِينَ فِيهَآ أَبَدًا ۚ وَكَانَ ذَٰلِكَ عَلَى ٱللَّهِ يَسِيرًا,12,43,30,8,"خ,ذ,ط,ع,ق,ه",3,0,1,0,1,0,1,0,34,2.833333,0.790698
6,26,وَهُمْ يَنْهَوْنَ عَنْهُ وَيَنْـَٔوْنَ عَنْهُ ۖ وَإِن يُهْلِكُونَ إِلَّآ أَنفُسَهُمْ وَمَا يَشْعُرُونَ,12,46,31,9,"ع,ه",3,0,1,0,0,0,0,0,34,2.833333,0.73913
6,117,إِنَّ رَبَّكَ هُوَ أَعْلَمُ مَن يَضِلُّ عَن سَبِيلِهِۦ ۖ وَهُوَ أَعْلَمُ بِٱلْمُهْتَدِينَ,12,39,31,8,"ض,ع,ه",3,0,1,0,0,0,0,0,34,2.833333,0.871795
7,23,قَالَا رَبَّنَا ظَلَمْنَآ أَنفُسَنَا وَإِن لَّمْ تَغْفِرْ لَنَا وَتَرْحَمْنَا لَنَكُونَنَّ مِنَ ٱلْخَـٰسِرِينَ,12,53,25,5,"ح,خ,ظ,غ,ق",9,0,3,0,0,0,0,0,34,2.833333,0.641509
8,6,يُجَـٰدِلُونَكَ فِى ٱلْحَقِّ بَعْدَ مَا تَبَيَّنَ كَأَنَّمَا يُسَاقُونَ إِلَى ٱلْمَوْتِ وَهُمْ يَنظُرُونَ,12,50,27,6,"ح,ظ,ع,ق,ه",6,0,2,0,1,1,0,0,34,2.833333,0.68
18,95,قَالَ مَا مَكَّنِّى فِيهِ رَبِّى خَيْرٌ فَأَعِينُونِى بِقُوَّةٍ أَجْعَلْ بَيْنَكُمْ وَبَيْنَهُمْ رَدْمًا,12,49,30,7,"خ,ع,ق,ه",3,0,1,0,1,0,0,1,34,2.833333,0.693878
20,6,لَهُۥ مَا فِى ٱلسَّمَـٰوَٰتِ وَمَا فِى ٱلْأَرْضِ وَمَا بَيْنَهُمَا وَمَا تَحْتَ ٱلثَّرَىٰ,12,42,21,5,"ث,ح,ض,ه",12,0,4,0,1,1,0,0,34,2.833333,0.809524
22,3,وَمِنَ ٱلنَّاسِ مَن يُجَـٰدِلُ فِى ٱللَّهِ بِغَيْرِ عِلْمٍ وَيَتَّبِعُ كُلَّ شَيْطَـٰنٍ مَّرِيدٍ,12,42,23,5,"ط,ع,غ,ه",9,0,3,0,2,0,0,2,34,2.833333,0.809524
22,7,وَأَنَّ ٱلسَّاعَةَ ءَاتِيَةٌ لَّا رَيْبَ فِيهَا وَأَنَّ ٱللَّهَ يَبْعَثُ مَن فِى ٱلْقُبُورِ,12,44,25,7,"ء,ث,ع,ق,ه",8,1,2,0,1,0,0,1,34,2.833333,0.772727
32,19,أَمَّا ٱلَّذِينَ ءَامَنُوا۟ وَعَمِلُوا۟ ٱلصَّـٰلِحَـٰتِ فَلَهُمْ جَنَّـٰتُ ٱلْمَأْوَىٰ نُزُلًۢا بِمَا كَانُوا۟ يَعْمَلُونَ,12,57,29,7,"ء,ح,ذ,ص,ع,ه",3,0,1,0,2,1,0,1,34,2.833333,0.596491
39,63,لَّهُۥ مَقَالِيدُ ٱلسَّمَـٰوَٰتِ وَٱلْأَرْضِ ۗ وَٱلَّذِينَ كَفَرُوا۟ بِـَٔايَـٰتِ ٱللَّهِ أُو۟لَـٰٓئِكَ هُمُ ٱلْخَـٰسِرُونَ,12,53,28,7,"خ,ذ,ض,ق,ه",6,0,2,0,0,0,0,0,34,2.833333,0.641509
50,6,أَفَلَمْ يَنظُرُوٓا۟ إِلَى ٱلسَّمَآءِ فَوْقَهُمْ كَيْفَ بَنَيْنَـٰهَا وَزَيَّنَّـٰهَا وَمَا لَهَا مِن فُرُوجٍ,12,51,25,7,"ء,ظ,ق,ه",6,0,2,0,3,0,3,0,34,2.833333,0.666667
76,30,وَمَا تَشَآءُونَ إِلَّآ أَن يَشَآءَ ٱللَّهُ ۚ إِنَّ ٱللَّهَ كَانَ عَلِيمًا حَكِيمًا,12,41,22,6,"ء,ح,ع,ه",9,0,3,0,3,0,2,1,34,2.833333,0.829268
4,138,بَشِّرِ ٱلْمُنَـٰفِقِينَ بِأَنَّ لَهُمْ عَذَابًا أَلِيمًا,6,27,15,4,"ذ,ع,ق,ه",2,1,0,0,0,0,0,0,17,2.833333,0.62963
8,18,ذَٰلِكُمْ وَأَنَّ ٱللَّهَ مُوهِنُ كَيْدِ ٱلْكَـٰفِرِينَ,6,25,11,3,"ذ,ه",6,0,2,0,0,0,0,0,17,2.833333,0.68
15,35,وَإِنَّ عَلَيْكَ ٱللَّعْنَةَ إِلَىٰ يَوْمِ ٱلدِّينِ,6,24,11,2,ع,6,0,2,0,0,0,0,0,17,2.833333,0.708333
15,49,نَبِّئْ عِبَادِىٓ أَنِّىٓ أَنَا ٱلْغَفُورُ ٱلرَّحِيمُ,6,26,14,3,"ح,ع,غ",3,0,1,0,0,0,0,0,17,2.833333,0.653846
15,84,فَمَآ أَغْنَىٰ عَنْهُم مَّا كَانُوا۟ يَكْسِبُونَ,6,24,14,3,"ع,غ,ه",3,0,1,0,0,0,0,0,17,2.833333,0.708333
20,56,وَلَقَدْ أَرَيْنَـٰهُ ءَايَـٰتِنَا كُلَّهَا فَكَذَّبَ وَأَبَىٰ,6,27,15,5,"ء,ذ,ق,ه",0,0,0,0,2,1,1,0,17,2.833333,0.62963
20,103,يَتَخَـٰفَتُونَ بَيْنَهُمْ إِن لَّبِثْتُمْ إِلَّا عَشْرًا,6,26,17,4,"ث,خ,ع,ه",0,0,0,0,0,0,0,0,17,2.833333,0.653846
23,85,سَيَقُولُونَ لِلَّهِ ۚ قُلْ أَفَلَا تَذَكَّرُونَ,6,22,14,4,"ذ,ق,ه",3,0,1,0,0,0,0,0,17,2.833333,0.772727
25,28,يَـٰوَيْلَتَىٰ لَيْتَنِى لَمْ أَتَّخِذْ فُلَانًا خَلِيلًا,6,27,14,3,"خ,ذ",2,1,0,0,1,0,0,1,17,2.833333,0.62963
26,12,قَالَ رَبِّ إِنِّىٓ أَخَافُ أَن يُكَذِّبُونِ,6,20,13,3,"خ,ذ,ق",3,0,1,0,1,1,0,0,17,2.833333,0.85
36,57,لَهُمْ فِيهَا فَـٰكِهَةٌ وَلَهُم مَّا يَدَّعُونَ,6,22,16,5,"ع,ه",0,0,0,0,1,0,0,1,17,2.833333,0.772727
37,164,وَمَا مِنَّآ إِلَّا لَهُۥ مَقَامٌ مَّعْلُومٌ,6,20,10,3,"ع,ق,ه",6,0,2,0,1,0,0,1,17,2.833333,0.85
43,73,لَكُمْ فِيهَا فَـٰكِهَةٌ كَثِيرَةٌ مِّنْهَا تَأْكُلُونَ,6,26,15,4,"ث,ه",0,0,0,0,2,0,0,2,17,2.833333,0.653846
43,75,لَا يُفَتَّرُ عَنْهُمْ وَهُمْ فِيهِ مُبْلِسُونَ,6,22,14,4,"ع,ه",3,0,1,0,0,0,0,0,17,2.833333,0.772727
51,35,فَأَخْرَجْنَا مَن كَانَ فِيهَا مِنَ ٱلْمُؤْمِنِينَ,6,26,11,2,"خ,ه",6,0,2,0,0,0,0,0,17,2.833333,0.653846
52,19,كُلُوا۟ وَٱشْرَبُوا۟ هَنِيٓـًٔۢا بِمَا كُنتُمْ تَعْمَلُونَ,6,28,10,2,"ع,ه",6,0,2,0,1,0,0,1,17,2.833333,0.607143
54,51,وَلَقَدْ أَهْلَكْنَآ أَشْيَاعَكُمْ فَهَلْ مِن مُّدَّكِرٍ,6,26,17,4,"ع,ق,ه",0,0,0,0,0,0,0,0,17,2.833333,0.653846
55,24,وَلَهُ ٱلْجَوَارِ ٱلْمُنشَـَٔاتُ فِى ٱلْبَحْرِ كَٱلْأَعْلَـٰمِ,6,30,16,3,"ح,ع,ه",0,0,0,0,1,0,1,0,17,2.833333,0.566667
56,62,وَلَقَدْ عَلِمْتُمُ ٱلنَّشْأَةَ ٱلْأُولَىٰ فَلَوْلَا تَذَكَّرُونَ,6,32,14,3,"ذ,ع,ق",3,0,1,0,0,0,0,0,17,2.833333,0.53125
71,10,فَقُلْتُ ٱسْتَغْفِرُوا۟ رَبَّكُمْ إِنَّهُۥ كَانَ غَفَّارًا,6,27,17,4,"غ,ق,ه",0,0,0,0,0,0,0,0,17,2.833333,0.62963
73,7,إِنَّ لَكَ فِى ٱلنَّهَارِ سَبْحًا طَوِيلًا,6,21,13,3,"ح,ط,ه",3,0,1,0,1,0,0,1,17,2.833333,0.809524
76,17,وَيُسْقَوْنَ فِيهَا كَأْسًا كَانَ مِزَاجُهَا زَنجَبِيلًا,6,30,16,3,"ق,ه",0,0,0,0,1,0,0,1,17,2.833333,0.566667
78,18,يَوْمَ يُنفَخُ فِى ٱلصُّورِ فَتَأْتُونَ أَفْوَاجًا,6,26,13,2,"خ,ص",3,0,1,0,1,1,0,0,17,2.833333,0.653846
79,26,إِنَّ فِى ذَٰلِكَ لَعِبْرَةً لِّمَن يَخْشَىٰٓ,6,19,16,3,"خ,ذ,ع",0,0,0,0,1,0,0,1,17,2.833333,0.894737
83,36,هَلْ ثُوِّبَ ٱلْكُفَّارُ مَا كَانُوا۟ يَفْعَلُونَ,6,24,14,3,"ث,ع,ه",3,0,1,0,0,0,0,0,17,2.833333,0.708333
111,2,مَآ أَغْنَىٰ عَنْهُ مَالُهُۥ وَمَا كَسَبَ,6,19,14,4,"ع,غ,ه",3,0,1,0,0,0,0,0,17,2.833333,0.894737
3,3,نَزَّلَ عَلَيْكَ ٱلْكِتَـٰبَ بِٱلْحَقِّ مُصَدِّقًا لِّمَا بَيْنَ يَدَيْهِ وَأَنزَلَ ٱلتَّوْرَىٰةَ وَٱلْإِنجِيلَ,11,52,26,6,"ح,ص,ع,ق,ه",3,0,1,0,2,1,0,1,31,2.818182,0.596154
15,19,وَٱلْأَرْضَ مَدَدْنَـٰهَا وَأَلْقَيْنَا فِيهَا رَوَٰسِىَ وَأَنۢبَتْنَا فِيهَا مِن كُلِّ شَىْءٍ مَّوْزُونٍ,11,50,23,6,"ء,ض,ق,ه",6,0,2,0,2,0,1,1,31,2.818182,0.62
19,27,فَأَتَتْ بِهِۦ قَوْمَهَا تَحْمِلُهُۥ ۖ قَالُوا۟ يَـٰمَرْيَمُ لَقَدْ جِئْتِ شَيْـًٔا فَرِيًّا,11,39,24,7,"ح,ق,ه",6,0,2,0,1,0,0,1,31,2.818182,0.794872
22,48,وَكَأَيِّن مِّن قَرْيَةٍ أَمْلَيْتُ لَهَا وَهِىَ ظَالِمَةٌ ثُمَّ أَخَذْتُهَا وَإِلَىَّ ٱلْمَصِيرُ,11,45,28,9,"ث,خ,ذ,ص,ظ,ق,ه",2,1,0,0,1,0,0,1,31,2.818182,0.688889
27,80,إِنَّكَ لَا تُسْمِعُ ٱلْمَوْتَىٰ وَلَا تُسْمِعُ ٱلصُّمَّ ٱلدُّعَآءَ إِذَا وَلَّوْا۟ مُدْبِرِينَ,11,45,26,6,"ء,ذ,ص,ع",3,0,1,0,2,1,1,0,31,2.818182,0.688889
27,83,وَيَوْمَ نَحْشُرُ مِن كُلِّ أُمَّةٍ فَوْجًا مِّمَّن يُكَذِّبُ بِـَٔايَـٰتِنَا فَهُمْ يُوزَعُونَ,11,41,22,4,"ح,ذ,ع,ه",6,0,2,0,3,1,0,2,31,2.818182,0.756098
28,67,فَأَمَّا مَن تَابَ وَءَامَنَ وَعَمِلَ صَـٰلِحًا فَعَسَىٰٓ أَن يَكُونَ مِنَ ٱلْمُفْلِحِينَ,11,42,30,6,"ء,ح,ص,ع",0,0,0,0,1,0,0,1,31,2.818182,0.738095
31,26,لِلَّهِ مَا فِى ٱلسَّمَـٰوَٰتِ وَٱلْأَرْضِ ۚ إِنَّ ٱللَّهَ هُوَ ٱلْغَنِىُّ ٱلْحَمِيدُ,11,38,22,6,"ح,ض,غ,ه",9,0,3,0,0,0,0,0,31,2.818182,0.815789
32,29,قُلْ يَوْمَ ٱلْفَتْحِ لَا يَنفَعُ ٱلَّذِينَ كَفَرُوٓا۟ إِيمَـٰنُهُمْ وَلَا هُمْ يُنظَرُونَ,11,43,28,7,"ح,ذ,ظ,ع,ق,ه",3,0,1,0,0,0,0,0,31,2.818182,0.72093
10,95,وَلَا تَكُونَنَّ مِنَ ٱلَّذِينَ كَذَّبُوا۟ بِـَٔايَـٰتِ ٱللَّهِ فَتَكُونَ مِنَ ٱلْخَـٰسِرِينَ,10,42,18,4,"خ,ذ,ه",9,0,3,0,1,1,0,0,28,2.8,0.666667
11,33,قَالَ إِنَّمَا يَأْتِيكُم بِهِ ٱللَّهُ إِن شَآءَ وَمَآ أَنتُم بِمُعْجِزِينَ,10,38,18,5,"ء,ع,ق,ه",9,0,3,0,1,0,1,0,28,2.8,0.736842
16,99,إِنَّهُۥ لَيْسَ لَهُۥ سُلْطَـٰنٌ عَلَى ٱلَّذِينَ ءَامَنُوا۟ وَعَلَىٰ رَبِّهِمْ يَتَوَكَّلُونَ,10,41,27,8,"ء,ذ,ط,ع,ه",0,0,0,0,1,0,0,1,28,2.8,0.682927
19,93,إِن كُلُّ مَن فِى ٱلسَّمَـٰوَٰتِ وَٱلْأَرْضِ إِلَّآ ءَاتِى ٱلرَّحْمَـٰنِ عَبْدًا,10,37,21,4,"ء,ح,ض,ع",6,0,2,0,1,0,1,0,28,2.8,0.756757
19,97,فَإِنَّمَا يَسَّرْنَـٰهُ بِلِسَانِكَ لِتُبَشِّرَ بِهِ ٱلْمُتَّقِينَ وَتُنذِرَ بِهِۦ قَوْمًا لُّدًّا,10,44,20,6,"ذ,ق,ه",6,0,2,0,2,0,1,1,28,2.8,0.636364
20,16,فَلَا يَصُدَّنَّكَ عَنْهَا مَن لَّا يُؤْمِنُ بِهَا وَٱتَّبَعَ هَوَىٰهُ فَتَرْدَىٰ,10,37,24,7,"ص,ع,ه",3,0,1,0,1,0,1,0,28,2.8,0.756757
20,48,إِنَّا قَدْ أُوحِىَ إِلَيْنَآ أَنَّ ٱلْعَذَابَ عَلَىٰ مَن كَذَّبَ وَتَوَلَّىٰ,10,35,25,6,"ح,ذ,ع,ق",2,1,0,0,1,1,0,0,28,2.8,0.8
30,35,أَمْ أَنزَلْنَا عَلَيْهِمْ سُلْطَـٰنًا فَهُوَ يَتَكَلَّمُ بِمَا كَانُوا۟ بِهِۦ يُشْرِكُونَ,10,42,21,5,"ط,ع,ه",6,0,2,0,1,0,0,1,28,2.8,0.666667
64,13,ٱللَّهُ لَآ إِلَـٰهَ إِلَّا هُوَ ۚ وَعَلَى ٱللَّهِ فَلْيَتَوَكَّلِ ٱلْمُؤْمِنُونَ,10,37,15,5,"ع,ه",12,0,4,0,1,0,1,0,28,2.8,0.756757
87,7,إِلَّا مَا شَآءَ ٱللَّهُ ۚ إِنَّهُۥ يَعْلَمُ ٱلْجَهْرَ وَمَا يَخْفَىٰ,10,31,21,6,"ء,خ,ع,ه",6,0,2,0,1,0,1,0,28,2.8,0.903226
16,42,ٱلَّذِينَ صَبَرُوا۟ وَعَلَىٰ رَبِّهِمْ يَتَوَكَّلُونَ,5,25,14,4,"ذ,ص,ع,ه",0,0,0,0,0,0,0,0,14,2.8,0.56
19,80,وَنَرِثُهُۥ مَا يَقُولُ وَيَأْتِينَا فَرْدًا,5,22,9,3,"ث,ق,ه",5,1,1,0,0,0,0,0,14,2.8,0.636364
36,64,ٱصْلَوْهَا ٱلْيَوْمَ بِمَا كُنتُمْ تَكْفُرُونَ,5,24,8,2,"ص,ه",6,0,2,0,0,0,0,0,14,2.8,0.583333
37,84,إِذْ جَآءَ رَبَّهُۥ بِقَلْبٍ سَلِيمٍ,5,16,12,4,"ء,ذ,ق,ه",0,0,0,0,2,0,1,1,14,2.8,0.875
37,140,إِذْ أَبَقَ إِلَى ٱلْفُلْكِ ٱلْمَشْحُونِ,5,20,14,3,"ح,ذ,ق",0,0,0,0,0,0,0,0,14,2.8,0.7
37,171,وَلَقَدْ سَبَقَتْ كَلِمَتُنَا لِعِبَادِنَا ٱلْمُرْسَلِينَ,5,29,14,3,"ع,ق",0,0,0,0,0,0,0,0,14,2.8,0.482759
43,70,ٱدْخُلُوا۟ ٱلْجَنَّةَ أَنتُمْ وَأَزْوَٰجُكُمْ تُحْبَرُونَ,5,28,14,2,"ح,خ",0,0,0,0,0,0,0,0,14,2.8,0.5
44,9,بَلْ هُمْ فِى شَكٍّ يَلْعَبُونَ,5,14,10,2,"ع,ه",3,0,1,0,1,0,0,1,14,2.8,1.0
51,13,يَوْمَ هُمْ عَلَى ٱلنَّارِ يُفْتَنُونَ,5,19,8,2,"ع,ه",6,0,2,0,0,0,0,0,14,2.8,0.736842
69,49,وَإِنَّا لَنَعْلَمُ أَنَّ مِنكُم مُّكَذِّبِينَ,5,21,10,2,"ذ,ع",3,0,1,0,1,1,0,0,14,2.8,0.666667
71,6,فَلَمْ يَزِدْهُمْ دُعَآءِىٓ إِلَّا فِرَارًا,5,21,12,3,"ء,ع,ه",0,0,0,0,2,0,2,0,14,2.8,0.666667
74,25,إِنْ هَـٰذَآ إِلَّا قَوْلُ ٱلْبَشَرِ,5,16,9,3,"ذ,ق,ه",2,1,0,0,3,0,2,1,14,2.8,0.875
77,46,كُلُوا۟ وَتَمَتَّعُوا۟ قَلِيلًا إِنَّكُم مُّجْرِمُونَ,5,26,11,2,"ع,ق",3,0,1,0,0,0,0,0,14,2.8,0.538462
80,23,كَلَّا لَمَّا يَقْضِ مَآ أَمَرَهُۥ,5,15,12,3,"ض,ق,ه",2,1,0,0,0,0,0,0,14,2.8,0.933333
81,25,وَمَا هُوَ بِقَوْلِ شَيْطَـٰنٍ رَّجِيمٍ,5,17,10,3,"ط,ق,ه",3,0,1,0,1,0,0,1,14,2.8,0.823529
84,14,إِنَّهُۥ ظَنَّ أَن لَّن يَحُورَ,5,13,11,3,"ح,ظ,ه",3,0,1,0,0,0,0,0,14,2.8,1.076923
90,4,لَقَدْ خَلَقْنَا ٱلْإِنسَـٰنَ فِى كَبَدٍ,5,19,14,3,"خ,ق",0,0,0,0,0,0,0,0,14,2.8,0.736842
109,4,وَلَآ أَنَا۠ عَابِدٌ مَّا عَبَدتُّمْ,5,17,10,2,ع,3,0,1,0,1,0,0,1,14,2.8,0.823529
8,59,وَلَا يَحْسَبَنَّ ٱلَّذِينَ كَفَرُوا۟ سَبَقُوٓا۟ ۚ إِنَّهُمْ لَا يُعْجِزُونَ,9,35,24,5,"ح,ذ,ع,ق,ه",0,0,0,0,1,0,1,0,25,2.777778,0.714286
13,39,يَمْحُوا۟ ٱللَّهُ مَا يَشَآءُ وَيُثْبِتُ ۖ وَعِندَهُۥٓ أُمُّ ٱلْكِتَـٰبِ,9,32,21,6,"ء,ث,ح,ع,ه",3,0,1,0,1,0,1,0,25,2.777778,0.78125
16,100,إِنَّمَا سُلْطَـٰنُهُۥ عَلَى ٱلَّذِينَ يَتَوَلَّوْنَهُۥ وَٱلَّذِينَ هُم بِهِۦ مُشْرِكُونَ,9,40,25,8,"ذ,ط,ع,ه",0,0,0,0,0,0,0,0,25,2.777778,0.625
19,55,وَكَانَ يَأْمُرُ أَهْلَهُۥ بِٱلصَّلَوٰةِ وَٱلزَّكَوٰةِ وَكَانَ عِندَ رَبِّهِۦ مَرْضِيًّا,9,41,24,6,"ص,ض,ع,ه",0,0,0,0,1,1,0,0,25,2.777778,0.609756
27,17,وَحُشِرَ لِسُلَيْمَـٰنَ جُنُودُهُۥ مِنَ ٱلْجِنِّ وَٱلْإِنسِ وَٱلطَّيْرِ فَهُمْ يُوزَعُونَ,9,42,24,5,"ح,ط,ع,ه",0,0,0,0,1,1,0,0,25,2.777778,0.595238
27,67,وَقَالَ ٱلَّذِينَ كَفَرُوٓا۟ أَءِذَا كُنَّا تُرَٰبًا وَءَابَآؤُنَآ أَئِنَّا لَمُخْرَجُونَ,9,44,22,6,"ء,خ,ذ,ق",2,1,0,0,1,0,0,1,25,2.777778,0.568182
38,29,كِتَـٰبٌ أَنزَلْنَـٰهُ إِلَيْكَ مُبَـٰرَكٌ لِّيَدَّبَّرُوٓا۟ ءَايَـٰتِهِۦ وَلِيَتَذَكَّرَ أُو۟لُوا۟ ٱلْأَلْبَـٰبِ,9,47,14,4,"ء,ذ,ه",9,0,3,0,2,0,1,1,25,2.777778,0.531915
38,71,إِذْ قَالَ رَبُّكَ لِلْمَلَـٰٓئِكَةِ إِنِّى خَـٰلِقٌۢ بَشَرًا مِّن طِينٍ,9,30,20,5,"خ,ذ,ط,ق",3,0,1,0,2,0,0,2,25,2.777778,0.833333
67,26,قُلْ إِنَّمَا ٱلْعِلْمُ عِندَ ٱللَّهِ وَإِنَّمَآ أَنَا۠ نَذِيرٌ مُّبِينٌ,9,34,18,5,"ذ,ع,ق,ه",6,0,2,0,1,0,0,1,25,2.777778,0.735294
10,84,وَقَالَ مُوسَىٰ يَـٰقَوْمِ إِن كُنتُمْ ءَامَنتُم بِٱللَّهِ فَعَلَيْهِ تَوَكَّلُوٓا۟ إِن كُنتُم مُّسْلِمِينَ,12,52,23,6,"ء,ع,ق,ه",9,0,3,0,1,0,1,0,33,2.75,0.634615
12,52,ذَٰلِكَ لِيَعْلَمَ أَنِّى لَمْ أَخُنْهُ بِٱلْغَيْبِ وَأَنَّ ٱللَّهَ لَا يَهْدِى كَيْدَ ٱلْخَآئِنِينَ,12,47,29,8,"خ,ذ,ع,غ,ه",3,0,1,0,1,0,1,0,33,2.75,0.702128
16,52,وَلَهُۥ مَا فِى ٱلسَّمَـٰوَٰتِ وَٱلْأَرْضِ وَلَهُ ٱلدِّينُ وَاصِبًا ۚ أَفَغَيْرَ ٱللَّهِ تَتَّقُونَ,12,46,24,7,"ص,ض,غ,ق,ه",9,0,3,0,0,0,0,0,33,2.75,0.717391
26,41,فَلَمَّا جَآءَ ٱلسَّحَرَةُ قَالُوا۟ لِفِرْعَوْنَ أَئِنَّ لَنَا لَأَجْرًا إِن كُنَّا نَحْنُ ٱلْغَـٰلِبِينَ,12,50,29,6,"ء,ح,ع,غ,ق",3,0,1,0,1,0,1,0,33,2.75,0.66
40,48,قَالَ ٱلَّذِينَ ٱسْتَكْبَرُوٓا۟ إِنَّا كُلٌّ فِيهَآ إِنَّ ٱللَّهَ قَدْ حَكَمَ بَيْنَ ٱلْعِبَادِ,12,45,28,7,"ح,ذ,ع,ق,ه",3,0,1,0,2,0,1,1,33,2.75,0.733333
46,22,قَالُوٓا۟ أَجِئْتَنَا لِتَأْفِكَنَا عَنْ ءَالِهَتِنَا فَأْتِنَا بِمَا تَعِدُنَآ إِن كُنتَ مِنَ ٱلصَّـٰدِقِينَ,12,54,28,7,"ء,ص,ع,ق,ه",3,0,1,0,2,1,0,1,33,2.75,0.611111
68,51,وَإِن يَكَادُ ٱلَّذِينَ كَفَرُوا۟ لَيُزْلِقُونَكَ بِأَبْصَـٰرِهِمْ لَمَّا سَمِعُوا۟ ٱلذِّكْرَ وَيَقُولُونَ إِنَّهُۥ لَمَجْنُونٌ,12,61,32,8,"ذ,ص,ع,ق,ه",0,0,0,0,1,1,0,0,33,2.75,0.540984
8,21,وَلَا تَكُونُوا۟ كَٱلَّذِينَ قَالُوا۟ سَمِعْنَا وَهُمْ لَا يَسْمَعُونَ,8,36,22,5,"ذ,ع,ق,ه",0,0,0,0,0,0,0,0,22,2.75,0.611111
21,110,إِنَّهُۥ يَعْلَمُ ٱلْجَهْرَ مِنَ ٱلْقَوْلِ وَيَعْلَمُ مَا تَكْتُمُونَ,8,32,19,5,"ع,ق,ه",3,0,1,0,0,0,0,0,22,2.75,0.6875
27,35,وَإِنِّى مُرْسِلَةٌ إِلَيْهِم بِهَدِيَّةٍ فَنَاظِرَةٌۢ بِمَ يَرْجِعُ ٱلْمُرْسَلُونَ,8,39,17,4,"ظ,ع,ه",3,0,1,0,2,0,0,2,22,2.75,0.564103
44,6,رَحْمَةً مِّن رَّبِّكَ ۚ إِنَّهُۥ هُوَ ٱلسَّمِيعُ ٱلْعَلِيمُ,8,26,21,5,"ح,ع,ه",0,0,0,0,1,0,0,1,22,2.75,0.846154
52,23,يَتَنَـٰزَعُونَ فِيهَا كَأْسًا لَّا لَغْوٌ فِيهَا وَلَا تَأْثِيمٌ,8,32,20,5,"ث,ع,غ,ه",0,0,0,0,2,0,0,2,22,2.75,0.6875
55,39,فَيَوْمَئِذٍ لَّا يُسْـَٔلُ عَن ذَنۢبِهِۦٓ إِنسٌ وَلَا جَآنٌّ,8,26,17,4,"ذ,ع,ه",3,0,1,0,2,0,0,2,22,2.75,0.846154
58,20,إِنَّ ٱلَّذِينَ يُحَآدُّونَ ٱللَّهَ وَرَسُولَهُۥٓ أُو۟لَـٰٓئِكَ فِى ٱلْأَذَلِّينَ,8,37,18,5,"ح,ذ,ه",3,0,1,0,1,0,1,0,22,2.75,0.594595
72,8,وَأَنَّا لَمَسْنَا ٱلسَّمَآءَ فَوَجَدْنَـٰهَا مُلِئَتْ حَرَسًا شَدِيدًا وَشُهُبًا,8,40,18,4,"ء,ح,ه",0,0,0,0,4,0,2,2,22,2.75,0.55
73,17,فَكَيْفَ تَتَّقُونَ إِن كَفَرْتُمْ يَوْمًا يَجْعَلُ ٱلْوِلْدَٰنَ شِيبًا,8,34,15,2,"ع,ق",6,0,2,0,1,0,0,1,22,2.75,0.647059
20,3,إِلَّا تَذْكِرَةً لِّمَن يَخْشَىٰ,4,15,10,2,"خ,ذ",0,0,0,0,1,0,0,1,11,2.75,0.733333
20,23,لِنُرِيَكَ مِنْ ءَايَـٰتِنَا ٱلْكُبْرَى,4,19,4,1,ء,6,0,2,0,1,0,0,1,11,2.75,0.578947
26,81,وَٱلَّذِى يُمِيتُنِى ثُمَّ يُحْيِينِ,4,18,11,3,"ث,ح,ذ",0,0,0,0,0,0,0,0,11,2.75,0.611111
26,100,فَمَا لَنَا مِن شَـٰفِعِينَ,4,13,8,1,ع,3,0,1,0,0,0,0,0,11,2.75,0.846154
26,193,نَزَلَ بِهِ ٱلرُّوحُ ٱلْأَمِينُ,4,16,8,2,"ح,ه",3,0,1,0,0,0,0,0,11,2.75,0.6875
26,210,وَمَا تَنَزَّلَتْ بِهِ ٱلشَّيَـٰطِينُ,4,17,7,2,"ط,ه",3,0,1,0,1,0,1,0,11,2.75,0.647059
37,13,وَإِذَا ذُكِّرُوا۟ لَا يَذْكُرُونَ,4,17,11,3,ذ,0,0,0,0,0,0,0,0,11,2.75,0.647059
37,83,وَإِنَّ مِن شِيعَتِهِۦ لَإِبْرَٰهِيمَ,4,17,10,3,"ع,ه",0,0,0,0,1,0,1,0,11,2.75,0.647059
37,87,فَمَا ظَنُّكُم بِرَبِّ ٱلْعَـٰلَمِينَ,4,17,11,2,"ظ,ع",0,0,0,0,0,0,0,0,11,2.75,0.647059
51,9,يُؤْفَكُ عَنْهُ مَنْ أُفِكَ,4,12,11,2,"ع,ه",0,0,0,0,0,0,0,0,11,2.75,0.916667
56,4,إِذَا رُجَّتِ ٱلْأَرْضُ رَجًّا,4,14,11,2,"ذ,ض",0,0,0,0,0,0,0,0,11,2.75,0.785714
56,79,لَّا يَمَسُّهُۥٓ إِلَّا ٱلْمُطَهَّرُونَ,4,17,8,3,"ط,ه",2,1,0,0,1,1,0,0,11,2.75,0.647059
69,38,فَلَآ أُقْسِمُ بِمَا تُبْصِرُونَ,4,16,8,2,"ص,ق",3,0,1,0,0,0,0,0,11,2.75,0.6875
70,8,يَوْمَ تَكُونُ ٱلسَّمَآءُ كَٱلْمُهْلِ,4,19,7,2,"ء,ه",3,0,1,0,1,0,1,0,11,2.75,0.578947
71,11,يُرْسِلِ ٱلسَّمَآءَ عَلَيْكُم مِّدْرَارًا,4,21,10,2,"ء,ع",0,0,0,0,1,0,1,0,11,2.75,0.52381
74,10,عَلَى ٱلْكَـٰفِرِينَ غَيْرُ يَسِيرٍ,4,17,11,2,"ع,غ",0,0,0,0,0,0,0,0,11,2.75,0.647059
74,20,ثُمَّ قُتِلَ كَيْفَ قَدَّرَ,4,11,11,3,"ث,ق",0,0,0,0,0,0,0,0,11,2.75,1.0
75,1,لَآ أُقْسِمُ بِيَوْمِ ٱلْقِيَـٰمَةِ,4,16,7,2,ق,3,0,1,0,1,0,1,0,11,2.75,0.6875
75,12,إِلَىٰ رَبِّكَ يَوْمَئِذٍ ٱلْمُسْتَقَرُّ,4,18,8,2,"ذ,ق",3,0,1,0,0,0,0,0,11,2.75,0.611111
75,30,إِلَىٰ رَبِّكَ يَوْمَئِذٍ ٱلْمَسَاقُ,4,17,8,2,"ذ,ق",3,0,1,0,0,0,0,0,11,2.75,0.647059
79,19,وَأَهْدِيَكَ إِلَىٰ رَبِّكَ فَتَخْشَىٰ,4,17,11,2,"خ,ه",0,0,0,0,0,0,0,0,11,2.75,0.647059
80,7,وَمَا عَلَيْكَ أَلَّا يَزَّكَّىٰ,4,14,8,1,ع,3,0,1,0,0,0,0,0,11,2.75,0.785714
84,4,وَأَلْقَتْ مَا فِيهَا وَتَخَلَّتْ,4,16,11,3,"خ,ق,ه",0,0,0,0,0,0,0,0,11,2.75,0.6875
86,2,وَمَآ أَدْرَىٰكَ مَا ٱلطَّارِقُ,4,16,7,2,"ط,ق",3,0,1,0,1,1,0,0,11,2.75,0.6875
87,14,قَدْ أَفْلَحَ مَن تَزَكَّىٰ,4,12,11,2,"ح,ق",0,0,0,0,0,0,0,0,11,2.75,0.916667
87,15,وَذَكَرَ ٱسْمَ رَبِّهِۦ فَصَلَّىٰ,4,14,11,3,"ذ,ص,ه",0,0,0,0,0,0,0,0,11,2.75,0.785714
89,24,يَقُولُ يَـٰلَيْتَنِى قَدَّمْتُ لِحَيَاتِى,4,20,11,3,"ح,ق",0,0,0,0,0,0,0,0,11,2.75,0.55
92,13,وَإِنَّ لَنَا لَلْـَٔاخِرَةَ وَٱلْأُولَىٰ,4,19,5,1,خ,6,0,2,0,0,0,0,0,11,2.75,0.578947
92,15,لَا يَصْلَىٰهَآ إِلَّا ٱلْأَشْقَى,4,17,9,3,"ص,ق,ه",0,0,0,0,2,0,2,0,11,2.75,0.647059
94,1,أَلَمْ نَشْرَحْ لَكَ صَدْرَكَ,4,13,11,2,"ح,ص",0,0,0,0,0,0,0,0,11,2.75,0.846154
96,6,كَلَّآ إِنَّ ٱلْإِنسَـٰنَ لَيَطْغَىٰٓ,4,16,8,2,"ط,غ",2,1,0,0,1,0,1,0,11,2.75,0.6875
96,8,إِنَّ إِلَىٰ رَبِّكَ ٱلرُّجْعَىٰٓ,4,14,7,1,ع,3,0,1,0,1,0,1,0,11,2.75,0.785714
105,3,وَأَرْسَلَ عَلَيْهِمْ طَيْرًا أَبَابِيلَ,4,20,11,3,"ط,ع,ه",0,0,0,0,0,0,0,0,11,2.75,0.55
105,4,تَرْمِيهِم بِحِجَارَةٍ مِّن سِجِّيلٍ,4,18,10,2,"ح,ه",0,0,0,0,1,0,0,1,11,2.75,0.611111
2,72,وَإِذْ قَتَلْتُمْ نَفْسًا فَٱدَّٰرَْٰٔتُمْ فِيهَا ۖ وَٱللَّهُ مُخْرِجٌ مَّا كُنتُمْ تَكْتُمُونَ,11,43,22,5,"خ,ذ,ق,ه",6,0,2,0,2,0,0,2,30,2.727273,0.697674
10,25,وَٱللَّهُ يَدْعُوٓا۟ إِلَىٰ دَارِ ٱلسَّلَـٰمِ وَيَهْدِى مَن يَشَآءُ إِلَىٰ صِرَٰطٍ مُّسْتَقِيمٍ,11,44,23,7,"ء,ص,ط,ع,ق,ه",3,0,1,0,4,0,3,1,30,2.727273,0.681818
12,104,وَمَا تَسْـَٔلُهُمْ عَلَيْهِ مِنْ أَجْرٍ ۚ إِنْ هُوَ إِلَّا ذِكْرٌ لِّلْعَـٰلَمِينَ,11,34,22,6,"ذ,ع,ه",6,0,2,0,2,0,0,2,30,2.727273,0.882353
14,51,لِيَجْزِىَ ٱللَّهُ كُلَّ نَفْسٍ مَّا كَسَبَتْ ۚ إِنَّ ٱللَّهَ سَرِيعُ ٱلْحِسَابِ,11,36,23,4,"ح,ع,ه",6,0,2,0,1,0,0,1,30,2.727273,0.833333
16,87,وَأَلْقَوْا۟ إِلَى ٱللَّهِ يَوْمَئِذٍ ٱلسَّلَمَ ۖ وَضَلَّ عَنْهُم مَّا كَانُوا۟ يَفْتَرُونَ,11,43,24,6,"ذ,ض,ع,ق,ه",6,0,2,0,0,0,0,0,30,2.727273,0.697674
21,66,قَالَ أَفَتَعْبُدُونَ مِن دُونِ ٱللَّهِ مَا لَا يَنفَعُكُمْ شَيْـًٔا وَلَا يَضُرُّكُمْ,11,41,26,5,"ض,ع,ق,ه",3,0,1,0,1,0,0,1,30,2.727273,0.731707
39,48,وَبَدَا لَهُمْ سَيِّـَٔاتُ مَا كَسَبُوا۟ وَحَاقَ بِهِم مَّا كَانُوا۟ بِهِۦ يَسْتَهْزِءُونَ,11,42,24,7,"ء,ح,ق,ه",6,0,2,0,0,0,0,0,30,2.727273,0.714286
45,33,وَبَدَا لَهُمْ سَيِّـَٔاتُ مَا عَمِلُوا۟ وَحَاقَ بِهِم مَّا كَانُوا۟ بِهِۦ يَسْتَهْزِءُونَ,11,42,27,8,"ء,ح,ع,ق,ه",3,0,1,0,0,0,0,0,30,2.727273,0.714286
50,15,أَفَعَيِينَا بِٱلْخَلْقِ ٱلْأَوَّلِ ۚ بَلْ هُمْ فِى لَبْسٍ مِّنْ خَلْقٍ جَدِيدٍ,11,36,27,6,"خ,ع,ق,ه",0,0,0,0,3,0,0,3,30,2.727273,0.833333
61,8,يُرِيدُونَ لِيُطْفِـُٔوا۟ نُورَ ٱللَّهِ بِأَفْوَٰهِهِمْ وَٱللَّهُ مُتِمُّ نُورِهِۦ وَلَوْ كَرِهَ ٱلْكَـٰفِرُونَ,11,51,20,7,"ط,ه",9,0,3,0,1,0,1,0,30,2.727273,0.588235
61,10,يَـٰٓأَيُّهَا ٱلَّذِينَ ءَامَنُوا۟ هَلْ أَدُلُّكُمْ عَلَىٰ تِجَـٰرَةٍ تُنجِيكُم مِّنْ عَذَابٍ أَلِيمٍ,11,46,26,7,"ء,ذ,ع,ه",2,1,0,0,2,0,0,2,30,2.727273,0.652174
67,16,ءَأَمِنتُم مَّن فِى ٱلسَّمَآءِ أَن يَخْسِفَ بِكُمُ ٱلْأَرْضَ فَإِذَا هِىَ تَمُورُ,11,40,26,6,"ء,خ,ذ,ض,ه",3,0,1,0,1,0,1,0,30,2.727273,0.75
73,15,إِنَّآ أَرْسَلْنَآ إِلَيْكُمْ رَسُولًا شَـٰهِدًا عَلَيْكُمْ كَمَآ أَرْسَلْنَآ إِلَىٰ فِرْعَوْنَ رَسُولًا,11,50,21,3,"ع,ه",6,0,2,0,3,0,1,2,30,2.727273,0.6
3,82,فَمَن تَوَلَّىٰ بَعْدَ ذَٰلِكَ فَأُو۟لَـٰٓئِكَ هُمُ ٱلْفَـٰسِقُونَ,7,28,19,4,"ذ,ع,ق,ه",0,0,0,0,0,0,0,0,19,2.714286,0.678571
21,100,لَهُمْ فِيهَا زَفِيرٌ وَهُمْ فِيهَا لَا يَسْمَعُونَ,7,26,18,5,"ع,ه",0,0,0,0,1,0,0,1,19,2.714286,0.730769
23,57,إِنَّ ٱلَّذِينَ هُم مِّنْ خَشْيَةِ رَبِّهِم مُّشْفِقُونَ,7,25,18,5,"خ,ذ,ق,ه",0,0,0,0,1,0,0,1,19,2.714286,0.76
23,95,وَإِنَّا عَلَىٰٓ أَن نُّرِيَكَ مَا نَعِدُهُمْ لَقَـٰدِرُونَ,7,26,16,4,"ع,ق,ه",3,0,1,0,0,0,0,0,19,2.714286,0.730769
33,3,وَتَوَكَّلْ عَلَى ٱللَّهِ ۚ وَكَفَىٰ بِٱللَّهِ وَكِيلًا,7,26,13,3,"ع,ه",6,0,2,0,0,0,0,0,19,2.714286,0.730769
37,5,رَّبُّ ٱلسَّمَـٰوَٰتِ وَٱلْأَرْضِ وَمَا بَيْنَهُمَا وَرَبُّ ٱلْمَشَـٰرِقِ,7,32,13,3,"ض,ق,ه",6,0,2,0,0,0,0,0,19,2.714286,0.59375
37,97,قَالُوا۟ ٱبْنُوا۟ لَهُۥ بُنْيَـٰنًا فَأَلْقُوهُ فِى ٱلْجَحِيمِ,7,31,18,5,"ح,ق,ه",0,0,0,0,1,0,0,1,19,2.714286,0.612903
43,72,وَتِلْكَ ٱلْجَنَّةُ ٱلَّتِىٓ أُورِثْتُمُوهَا بِمَا كُنتُمْ تَعْمَلُونَ,7,35,13,3,"ث,ع,ه",6,0,2,0,0,0,0,0,19,2.714286,0.542857
53,36,أَمْ لَمْ يُنَبَّأْ بِمَا فِى صُحُفِ مُوسَىٰ,7,20,11,2,"ح,ص",8,1,2,0,0,0,0,0,19,2.714286,0.95
2,157,أُو۟لَـٰٓئِكَ عَلَيْهِمْ صَلَوَٰتٌ مِّن رَّبِّهِمْ وَرَحْمَةٌ ۖ وَأُو۟لَـٰٓئِكَ هُمُ ٱلْمُهْتَدُونَ,10,41,23,7,"ح,ص,ع,ه",3,0,1,0,1,0,0,1,27,2.7,0.658537
7,4,وَكَم مِّن قَرْيَةٍ أَهْلَكْنَـٰهَا فَجَآءَهَا بَأْسُنَا بَيَـٰتًا أَوْ هُمْ قَآئِلُونَ,10,41,21,7,"ء,ق,ه",3,0,1,0,3,0,3,0,27,2.7,0.658537
12,98,قَالَ سَوْفَ أَسْتَغْفِرُ لَكُمْ رَبِّىٓ ۖ إِنَّهُۥ هُوَ ٱلْغَفُورُ ٱلرَّحِيمُ,10,35,24,6,"ح,غ,ق,ه",3,0,1,0,0,0,0,0,27,2.7,0.771429
19,71,وَإِن مِّنكُمْ إِلَّا وَارِدُهَا ۚ كَانَ عَلَىٰ رَبِّكَ حَتْمًا مَّقْضِيًّا,10,34,24,5,"ح,ض,ع,ق,ه",2,1,0,0,1,0,0,1,27,2.7,0.794118
26,28,قَالَ رَبُّ ٱلْمَشْرِقِ وَٱلْمَغْرِبِ وَمَا بَيْنَهُمَآ ۖ إِن كُنتُمْ تَعْقِلُونَ,10,39,21,6,"ع,غ,ق,ه",6,0,2,0,0,0,0,0,27,2.7,0.692308
34,51,وَلَوْ تَرَىٰٓ إِذْ فَزِعُوا۟ فَلَا فَوْتَ وَأُخِذُوا۟ مِن مَّكَانٍ قَرِيبٍ,10,35,24,5,"خ,ذ,ع,ق",2,1,0,0,1,0,0,1,27,2.7,0.771429
43,15,وَجَعَلُوا۟ لَهُۥ مِنْ عِبَادِهِۦ جُزْءًا ۚ إِنَّ ٱلْإِنسَـٰنَ لَكَفُورٌ مُّبِينٌ,10,36,22,5,"ء,ع,ه",3,0,1,0,2,0,0,2,27,2.7,0.75
62,7,وَلَا يَتَمَنَّوْنَهُۥٓ أَبَدًۢا بِمَا قَدَّمَتْ أَيْدِيهِمْ ۚ وَٱللَّهُ عَلِيمٌۢ بِٱلظَّـٰلِمِينَ,10,44,18,6,"ظ,ع,ق,ه",6,0,2,0,3,1,0,2,27,2.7,0.613636
2,4,وَٱلَّذِينَ يُؤْمِنُونَ بِمَآ أُنزِلَ إِلَيْكَ وَمَآ أُنزِلَ مِن قَبْلِكَ وَبِٱلْـَٔاخِرَةِ هُمْ يُوقِنُونَ,12,52,20,5,"خ,ذ,ق,ه",12,0,4,0,0,0,0,0,32,2.666667,0.615385
2,37,فَتَلَقَّىٰٓ ءَادَمُ مِن رَّبِّهِۦ كَلِمَـٰتٍ فَتَابَ عَلَيْهِ ۚ إِنَّهُۥ هُوَ ٱلتَّوَّابُ ٱلرَّحِيمُ,12,43,26,8,"ء,ح,ع,ق,ه",3,0,1,0,3,1,1,1,32,2.666667,0.744186
3,98,قُلْ يَـٰٓأَهْلَ ٱلْكِتَـٰبِ لِمَ تَكْفُرُونَ بِـَٔايَـٰتِ ٱللَّهِ وَٱللَّهُ شَهِيدٌ عَلَىٰ مَا تَعْمَلُونَ,12,47,25,7,"ع,ق,ه",6,0,2,0,1,0,0,1,32,2.666667,0.680851
14,28,أَلَمْ تَرَ إِلَى ٱلَّذِينَ بَدَّلُوا۟ نِعْمَتَ ٱللَّهِ كُفْرًا وَأَحَلُّوا۟ قَوْمَهُمْ دَارَ ٱلْبَوَارِ,12,50,22,6,"ح,ذ,ع,ق,ه",9,0,3,0,1,0,0,1,32,2.666667,0.64
16,104,إِنَّ ٱلَّذِينَ لَا يُؤْمِنُونَ بِـَٔايَـٰتِ ٱللَّهِ لَا يَهْدِيهِمُ ٱللَّهُ وَلَهُمْ عَذَابٌ أَلِيمٌ,12,47,21,8,"ذ,ع,ه",11,1,3,0,0,0,0,0,32,2.666667,0.680851
19,60,إِلَّا مَن تَابَ وَءَامَنَ وَعَمِلَ صَـٰلِحًا فَأُو۟لَـٰٓئِكَ يَدْخُلُونَ ٱلْجَنَّةَ وَلَا يُظْلَمُونَ شَيْـًٔا,12,50,28,6,"ء,ح,خ,ص,ظ,ع",3,0,1,0,1,0,0,1,32,2.666667,0.64
25,31,وَكَذَٰلِكَ جَعَلْنَا لِكُلِّ نَبِىٍّ عَدُوًّا مِّنَ ٱلْمُجْرِمِينَ ۗ وَكَفَىٰ بِرَبِّكَ هَادِيًا وَنَصِيرًا,12,49,26,5,"ذ,ص,ع,ه",3,0,1,0,3,0,0,3,32,2.666667,0.653061
38,65,قُلْ إِنَّمَآ أَنَا۠ مُنذِرٌ ۖ وَمَا مِنْ إِلَـٰهٍ إِلَّا ٱللَّهُ ٱلْوَٰحِدُ ٱلْقَهَّارُ,12,39,20,7,"ح,ذ,ق,ه",9,0,3,0,3,1,2,0,32,2.666667,0.820513
40,84,فَلَمَّا رَأَوْا۟ بَأْسَنَا قَالُوٓا۟ ءَامَنَّا بِٱللَّهِ وَحْدَهُۥ وَكَفَرْنَا بِمَا كُنَّا بِهِۦ مُشْرِكِينَ,12,52,23,6,"ء,ح,ق,ه",9,0,3,0,0,0,0,0,32,2.666667,0.615385
43,46,وَلَقَدْ أَرْسَلْنَا مُوسَىٰ بِـَٔايَـٰتِنَآ إِلَىٰ فِرْعَوْنَ وَمَلَإِي۟هِۦ فَقَالَ إِنِّى رَسُولُ رَبِّ ٱلْعَـٰلَمِينَ,12,54,23,5,"ع,ق,ه",9,0,3,0,0,0,0,0,32,2.666667,0.592593
43,80,أَمْ يَحْسَبُونَ أَنَّا لَا نَسْمَعُ سِرَّهُمْ وَنَجْوَىٰهُم ۚ بَلَىٰ وَرُسُلُنَا لَدَيْهِمْ يَكْتُبُونَ,12,48,22,5,"ح,ع,ه",9,0,3,0,1,0,1,0,32,2.666667,0.666667
45,11,هَـٰذَا هُدًى ۖ وَٱلَّذِينَ كَفَرُوا۟ بِـَٔايَـٰتِ رَبِّهِمْ لَهُمْ عَذَابٌ مِّن رِّجْزٍ أَلِيمٌ,12,41,26,8,"ذ,ع,ه",4,2,0,0,2,0,1,1,32,2.666667,0.780488
72,22,قُلْ إِنِّى لَن يُجِيرَنِى مِنَ ٱللَّهِ أَحَدٌ وَلَنْ أَجِدَ مِن دُونِهِۦ مُلْتَحَدًا,12,40,19,5,"ح,ق,ه",12,0,4,0,1,0,0,1,32,2.666667,0.8
17,32,وَلَا تَقْرَبُوا۟ ٱلزِّنَىٰٓ ۖ إِنَّهُۥ كَانَ فَـٰحِشَةً وَسَآءَ سَبِيلًا,9,33,18,4,"ء,ح,ق,ه",3,0,1,0,3,0,2,1,24,2.666667,0.727273
18,81,فَأَرَدْنَآ أَن يُبْدِلَهُمَا رَبُّهُمَا خَيْرًا مِّنْهُ زَكَوٰةً وَأَقْرَبَ رُحْمًا,9,40,22,6,"ح,خ,ق,ه",0,0,0,0,2,0,0,2,24,2.666667,0.6
21,88,فَٱسْتَجَبْنَا لَهُۥ وَنَجَّيْنَـٰهُ مِنَ ٱلْغَمِّ ۚ وَكَذَٰلِكَ نُـۨجِى ٱلْمُؤْمِنِينَ,9,38,17,4,"ذ,غ,ه",6,0,2,0,1,0,1,0,24,2.666667,0.631579
26,15,قَالَ كَلَّا ۖ فَٱذْهَبَا بِـَٔايَـٰتِنَآ ۖ إِنَّا مَعَكُم مُّسْتَمِعُونَ,9,32,22,5,"ذ,ع,ق,ه",2,1,0,0,0,0,0,0,24,2.666667,0.75
26,197,أَوَلَمْ يَكُن لَّهُمْ ءَايَةً أَن يَعْلَمَهُۥ عُلَمَـٰٓؤُا۟ بَنِىٓ إِسْرَٰٓءِيلَ,9,35,20,6,"ء,ع,ه",3,0,1,0,1,0,1,0,24,2.666667,0.685714
39,11,قُلْ إِنِّىٓ أُمِرْتُ أَنْ أَعْبُدَ ٱللَّهَ مُخْلِصًا لَّهُ ٱلدِّينَ,9,31,20,6,"خ,ص,ع,ق,ه",3,0,1,0,1,0,0,1,24,2.666667,0.774194
42,41,وَلَمَنِ ٱنتَصَرَ بَعْدَ ظُلْمِهِۦ فَأُو۟لَـٰٓئِكَ مَا عَلَيْهِم مِّن سَبِيلٍ,9,35,24,6,"ص,ظ,ع,ه",0,0,0,0,0,0,0,0,24,2.666667,0.685714
43,57,وَلَمَّا ضُرِبَ ٱبْنُ مَرْيَمَ مَثَلًا إِذَا قَوْمُكَ مِنْهُ يَصِدُّونَ,9,33,21,6,"ث,ذ,ص,ض,ق,ه",3,0,1,0,0,0,0,0,24,2.666667,0.727273
61,3,كَبُرَ مَقْتًا عِندَ ٱللَّهِ أَن تَقُولُوا۟ مَا لَا تَفْعَلُونَ,9,32,20,5,"ع,ق,ه",3,0,1,0,1,0,0,1,24,2.666667,0.75
67,12,إِنَّ ٱلَّذِينَ يَخْشَوْنَ رَبَّهُم بِٱلْغَيْبِ لَهُم مَّغْفِرَةٌ وَأَجْرٌ كَبِيرٌ,9,38,22,6,"خ,ذ,غ,ه",0,0,0,0,2,0,0,2,24,2.666667,0.631579
69,19,فَأَمَّا مَنْ أُوتِىَ كِتَـٰبَهُۥ بِيَمِينِهِۦ فَيَقُولُ هَآؤُمُ ٱقْرَءُوا۟ كِتَـٰبِيَهْ,9,40,20,7,"ء,ق,ه",3,0,1,0,1,0,1,0,24,2.666667,0.6
90,17,ثُمَّ كَانَ مِنَ ٱلَّذِينَ ءَامَنُوا۟ وَتَوَاصَوْا۟ بِٱلصَّبْرِ وَتَوَاصَوْا۟ بِٱلْمَرْحَمَةِ,9,46,23,7,"ء,ث,ح,ذ,ص",0,0,0,0,1,1,0,0,24,2.666667,0.521739
6,67,لِّكُلِّ نَبَإٍ مُّسْتَقَرٌّ ۚ وَسَوْفَ تَعْلَمُونَ,6,21,12,2,"ع,ق",3,0,1,0,1,0,0,1,16,2.666667,0.761905
10,8,أُو۟لَـٰٓئِكَ مَأْوَىٰهُمُ ٱلنَّارُ بِمَا كَانُوا۟ يَكْسِبُونَ,6,30,6,1,ه,9,0,3,0,1,0,1,0,16,2.666667,0.533333
15,71,قَالَ هَـٰٓؤُلَآءِ بَنَاتِىٓ إِن كُنتُمْ فَـٰعِلِينَ,6,24,14,4,"ء,ع,ق,ه",0,0,0,0,2,0,2,0,16,2.666667,0.666667
15,98,فَسَبِّحْ بِحَمْدِ رَبِّكَ وَكُن مِّنَ ٱلسَّـٰجِدِينَ,6,23,16,2,ح,0,0,0,0,0,0,0,0,16,2.666667,0.695652
22,20,يُصْهَرُ بِهِۦ مَا فِى بُطُونِهِمْ وَٱلْجُلُودُ,6,23,14,5,"ص,ط,ه",2,1,0,0,0,0,0,0,16,2.666667,0.695652
26,42,قَالَ نَعَمْ وَإِنَّكُمْ إِذًا لَّمِنَ ٱلْمُقَرَّبِينَ,6,25,15,4,"ذ,ع,ق",0,0,0,0,1,0,0,1,16,2.666667,0.64
26,207,مَآ أَغْنَىٰ عَنْهُم مَّا كَانُوا۟ يُمَتَّعُونَ,6,23,16,4,"ع,غ,ه",0,0,0,0,0,0,0,0,16,2.666667,0.695652
37,36,وَيَقُولُونَ أَئِنَّا لَتَارِكُوٓا۟ ءَالِهَتِنَا لِشَاعِرٍ مَّجْنُونٍۭ,6,35,15,4,"ء,ع,ق,ه",0,0,0,0,1,0,0,1,16,2.666667,0.457143
50,24,أَلْقِيَا فِى جَهَنَّمَ كُلَّ كَفَّارٍ عَنِيدٍ,6,21,15,3,"ع,ق,ه",0,0,0,0,1,0,0,1,16,2.666667,0.761905
52,31,قُلْ تَرَبَّصُوا۟ فَإِنِّى مَعَكُم مِّنَ ٱلْمُتَرَبِّصِينَ,6,27,16,4,"ص,ع,ق",0,0,0,0,0,0,0,0,16,2.666667,0.592593
55,27,وَيَبْقَىٰ وَجْهُ رَبِّكَ ذُو ٱلْجَلَـٰلِ وَٱلْإِكْرَامِ,6,26,12,3,"ذ,ق,ه",3,0,1,0,1,0,1,0,16,2.666667,0.615385
56,25,لَا يَسْمَعُونَ فِيهَا لَغْوًا وَلَا تَأْثِيمًا,6,25,15,4,"ث,ع,غ,ه",0,0,0,0,1,0,0,1,16,2.666667,0.64
84,10,وَأَمَّا مَنْ أُوتِىَ كِتَـٰبَهُۥ وَرَآءَ ظَهْرِهِۦ,6,22,13,5,"ء,ظ,ه",2,1,0,0,1,0,1,0,16,2.666667,0.727273
8,15,يَـٰٓأَيُّهَا ٱلَّذِينَ ءَامَنُوٓا۟ إِذَا لَقِيتُمُ ٱلَّذِينَ كَفَرُوا۟ زَحْفًا فَلَا تُوَلُّوهُمُ ٱلْأَدْبَارَ,11,54,28,8,"ء,ح,ذ,ق,ه",0,0,0,0,1,0,0,1,29,2.636364,0.537037
11,95,كَأَن لَّمْ يَغْنَوْا۟ فِيهَآ ۗ أَلَا بُعْدًا لِّمَدْيَنَ كَمَا بَعِدَتْ ثَمُودُ,11,37,21,5,"ث,ع,غ,ه",6,0,2,0,2,0,1,1,29,2.636364,0.783784
11,111,وَإِنَّ كُلًّا لَّمَّا لَيُوَفِّيَنَّهُمْ رَبُّكَ أَعْمَـٰلَهُمْ ۚ إِنَّهُۥ بِمَا يَعْمَلُونَ خَبِيرٌ,11,42,24,6,"خ,ع,ه",3,0,1,0,2,0,1,1,29,2.636364,0.690476
16,15,وَأَلْقَىٰ فِى ٱلْأَرْضِ رَوَٰسِىَ أَن تَمِيدَ بِكُمْ وَأَنْهَـٰرًا وَسُبُلًا لَّعَلَّكُمْ تَهْتَدُونَ,11,47,23,5,"ض,ع,ق,ه",3,0,1,0,3,0,1,2,29,2.636364,0.617021
20,115,وَلَقَدْ عَهِدْنَآ إِلَىٰٓ ءَادَمَ مِن قَبْلُ فَنَسِىَ وَلَمْ نَجِدْ لَهُۥ عَزْمًا,11,37,26,7,"ء,ع,ق,ه",3,0,1,0,0,0,0,0,29,2.636364,0.783784
21,98,إِنَّكُمْ وَمَا تَعْبُدُونَ مِن دُونِ ٱللَّهِ حَصَبُ جَهَنَّمَ أَنتُمْ لَهَا وَٰرِدُونَ,11,41,21,6,"ح,ص,ع,ه",8,1,2,0,0,0,0,0,29,2.636364,0.707317
30,20,وَمِنْ ءَايَـٰتِهِۦٓ أَنْ خَلَقَكُم مِّن تُرَابٍ ثُمَّ إِذَآ أَنتُم بَشَرٌ تَنتَشِرُونَ,11,40,21,6,"ء,ث,خ,ذ,ق,ه",3,0,1,0,5,0,1,4,29,2.636364,0.725
34,53,وَقَدْ كَفَرُوا۟ بِهِۦ مِن قَبْلُ ۖ وَيَقْذِفُونَ بِٱلْغَيْبِ مِن مَّكَانٍۭ بَعِيدٍ,11,38,26,7,"ذ,ع,غ,ق,ه",2,1,0,0,1,0,0,1,29,2.636364,0.763158
50,7,وَٱلْأَرْضَ مَدَدْنَـٰهَا وَأَلْقَيْنَا فِيهَا رَوَٰسِىَ وَأَنۢبَتْنَا فِيهَا مِن كُلِّ زَوْجٍۭ بَهِيجٍ,11,49,24,6,"ض,ق,ه",3,0,1,0,2,0,1,1,29,2.636364,0.591837
72,6,وَأَنَّهُۥ كَانَ رِجَالٌ مِّنَ ٱلْإِنسِ يَعُوذُونَ بِرِجَالٍ مِّنَ ٱلْجِنِّ فَزَادُوهُمْ رَهَقًا,11,46,24,6,"ذ,ع,ق,ه",3,0,1,0,2,0,0,2,29,2.636364,0.630435
2,147,ٱلْحَقُّ مِن رَّبِّكَ ۖ فَلَا تَكُونَنَّ مِنَ ٱلْمُمْتَرِينَ,8,27,11,2,"ح,ق",9,0,3,0,1,1,0,0,21,2.625,0.777778
15,4,وَمَآ أَهْلَكْنَا مِن قَرْيَةٍ إِلَّا وَلَهَا كِتَابٌ مَّعْلُومٌ,8,31,14,4,"ع,ق,ه",6,0,2,0,1,0,0,1,21,2.625,0.677419
17,108,وَيَقُولُونَ سُبْحَـٰنَ رَبِّنَآ إِن كَانَ وَعْدُ رَبِّنَا لَمَفْعُولًا,8,34,21,4,"ح,ع,ق",0,0,0,0,0,0,0,0,21,2.625,0.617647
20,125,قَالَ رَبِّ لِمَ حَشَرْتَنِىٓ أَعْمَىٰ وَقَدْ كُنتُ بَصِيرًا,8,28,21,5,"ح,ص,ع,ق",0,0,0,0,0,0,0,0,21,2.625,0.75
25,39,وَكُلًّا ضَرَبْنَا لَهُ ٱلْأَمْثَـٰلَ ۖ وَكُلًّا تَبَّرْنَا تَتْبِيرًا,8,32,13,3,"ث,ض,ه",6,0,2,0,2,0,0,2,21,2.625,0.65625
26,52,وَأَوْحَيْنَآ إِلَىٰ مُوسَىٰٓ أَنْ أَسْرِ بِعِبَادِىٓ إِنَّكُم مُّتَّبَعُونَ,8,35,18,3,"ح,ع",3,0,1,0,0,0,0,0,21,2.625,0.6
28,52,ٱلَّذِينَ ءَاتَيْنَـٰهُمُ ٱلْكِتَـٰبَ مِن قَبْلِهِۦ هُم بِهِۦ يُؤْمِنُونَ,8,33,17,7,"ء,ذ,ق,ه",3,0,1,0,1,0,1,0,21,2.625,0.636364
42,43,وَلَمَن صَبَرَ وَغَفَرَ إِنَّ ذَٰلِكَ لَمِنْ عَزْمِ ٱلْأُمُورِ,8,28,17,4,"ذ,ص,ع,غ",3,0,1,0,1,0,0,1,21,2.625,0.75
44,35,إِنْ هِىَ إِلَّا مَوْتَتُنَا ٱلْأُولَىٰ وَمَا نَحْنُ بِمُنشَرِينَ,8,32,8,2,"ح,ه",12,0,4,0,1,0,0,1,21,2.625,0.65625
52,36,أَمْ خَلَقُوا۟ ٱلسَّمَـٰوَٰتِ وَٱلْأَرْضَ ۚ بَل لَّا يُوقِنُونَ,8,29,18,4,"خ,ض,ق",3,0,1,0,0,0,0,0,21,2.625,0.724138
54,35,نِّعْمَةً مِّنْ عِندِنَا ۚ كَذَٰلِكَ نَجْزِى مَن شَكَرَ,8,24,19,3,"ذ,ع",0,0,0,0,2,0,0,2,21,2.625,0.875
67,18,وَلَقَدْ كَذَّبَ ٱلَّذِينَ مِن قَبْلِهِمْ فَكَيْفَ كَانَ نَكِيرِ,8,30,20,5,"ذ,ق,ه",0,0,0,0,1,1,0,0,21,2.625,0.7
69,41,وَمَا هُوَ بِقَوْلِ شَاعِرٍ ۚ قَلِيلًا مَّا تُؤْمِنُونَ,8,26,14,4,"ع,ق,ه",6,0,2,0,1,0,0,1,21,2.625,0.807692
73,14,يَوْمَ تَرْجُفُ ٱلْأَرْضُ وَٱلْجِبَالُ وَكَانَتِ ٱلْجِبَالُ كَثِيبًا مَّهِيلًا,8,40,17,3,"ث,ض,ه",3,0,1,0,1,0,0,1,21,2.625,0.525
81,29,وَمَا تَشَآءُونَ إِلَّآ أَن يَشَآءَ ٱللَّهُ رَبُّ ٱلْعَـٰلَمِينَ,8,31,13,4,"ء,ع,ه",6,0,2,0,2,0,2,0,21,2.625,0.677419
10,80,فَلَمَّا جَآءَ ٱلسَّحَرَةُ قَالَ لَهُم مُّوسَىٰٓ أَلْقُوا۟ مَآ أَنتُم مُّلْقُونَ,10,39,22,6,"ء,ح,ق,ه",3,0,1,0,1,0,1,0,26,2.6,0.666667
14,33,وَسَخَّرَ لَكُمُ ٱلشَّمْسَ وَٱلْقَمَرَ دَآئِبَيْنِ ۖ وَسَخَّرَ لَكُمُ ٱلَّيْلَ وَٱلنَّهَارَ,10,42,21,4,"خ,ق,ه",3,0,1,0,2,2,0,0,26,2.6,0.619048
18,107,إِنَّ ٱلَّذِينَ ءَامَنُوا۟ وَعَمِلُوا۟ ٱلصَّـٰلِحَـٰتِ كَانَتْ لَهُمْ جَنَّـٰتُ ٱلْفِرْدَوْسِ نُزُلًا,10,46,25,6,"ء,ح,ذ,ص,ع,ه",0,0,0,0,1,1,0,0,26,2.6,0.565217
20,12,إِنِّىٓ أَنَا۠ رَبُّكَ فَٱخْلَعْ نَعْلَيْكَ ۖ إِنَّكَ بِٱلْوَادِ ٱلْمُقَدَّسِ طُوًى,10,37,26,5,"خ,ط,ع,ق",0,0,0,0,0,0,0,0,26,2.6,0.702703
27,75,وَمَا مِنْ غَآئِبَةٍ فِى ٱلسَّمَآءِ وَٱلْأَرْضِ إِلَّا فِى كِتَـٰبٍ مُّبِينٍ,10,36,15,3,"ء,ض,غ",6,0,2,0,5,0,2,3,26,2.6,0.722222
44,19,وَأَن لَّا تَعْلُوا۟ عَلَى ٱللَّهِ ۖ إِنِّىٓ ءَاتِيكُم بِسُلْطَـٰنٍ مُّبِينٍ,10,35,19,5,"ء,ط,ع,ه",6,0,2,0,1,0,0,1,26,2.6,0.742857
44,41,يَوْمَ لَا يُغْنِى مَوْلًى عَن مَّوْلًى شَيْـًٔا وَلَا هُمْ يُنصَرُونَ,10,33,14,4,"ص,ع,غ,ه",9,0,3,0,3,0,0,3,26,2.6,0.787879
58,21,كَتَبَ ٱللَّهُ لَأَغْلِبَنَّ أَنَا۠ وَرُسُلِىٓ ۚ إِنَّ ٱللَّهَ قَوِىٌّ عَزِيزٌ,10,34,19,5,"ع,غ,ق,ه",6,0,2,0,1,0,0,1,26,2.6,0.764706
82,19,يَوْمَ لَا تَمْلِكُ نَفْسٌ لِّنَفْسٍ شَيْـًٔا ۖ وَٱلْأَمْرُ يَوْمَئِذٍ لِّلَّهِ,10,33,11,2,"ذ,ه",12,0,4,0,3,0,0,3,26,2.6,0.787879
23,15,ثُمَّ إِنَّكُم بَعْدَ ذَٰلِكَ لَمَيِّتُونَ,5,18,13,3,"ث,ذ,ع",0,0,0,0,0,0,0,0,13,2.6,0.722222
26,194,عَلَىٰ قَلْبِكَ لِتَكُونَ مِنَ ٱلْمُنذِرِينَ,5,22,13,3,"ذ,ع,ق",0,0,0,0,0,0,0,0,13,2.6,0.590909
37,86,أَئِفْكًا ءَالِهَةً دُونَ ٱللَّهِ تُرِيدُونَ,5,23,8,3,"ء,ه",3,0,1,0,2,0,0,2,13,2.6,0.565217
37,106,إِنَّ هَـٰذَا لَهُوَ ٱلْبَلَـٰٓؤُا۟ ٱلْمُبِينُ,5,20,7,3,"ذ,ه",5,1,1,0,1,0,1,0,13,2.6,0.65
44,23,فَأَسْرِ بِعِبَادِى لَيْلًا إِنَّكُم مُّتَّبَعُونَ,5,24,13,2,ع,0,0,0,0,0,0,0,0,13,2.6,0.541667
51,11,ٱلَّذِينَ هُمْ فِى غَمْرَةٍ سَاهُونَ,5,18,12,4,"ذ,غ,ه",0,0,0,0,1,0,0,1,13,2.6,0.722222
55,46,وَلِمَنْ خَافَ مَقَامَ رَبِّهِۦ جَنَّتَانِ,5,19,12,3,"خ,ق,ه",0,0,0,0,1,0,0,1,13,2.6,0.684211
56,18,بِأَكْوَابٍ وَأَبَارِيقَ وَكَأْسٍ مِّن مَّعِينٍ,5,23,11,2,"ع,ق",0,0,0,0,2,0,0,2,13,2.6,0.565217
68,26,فَلَمَّا رَأَوْهَا قَالُوٓا۟ إِنَّا لَضَآلُّونَ,5,23,12,3,"ض,ق,ه",0,0,0,0,1,0,1,0,13,2.6,0.565217
75,14,بَلِ ٱلْإِنسَـٰنُ عَلَىٰ نَفْسِهِۦ بَصِيرَةٌ,5,20,13,3,"ص,ع,ه",0,0,0,0,0,0,0,0,13,2.6,0.65
80,34,يَوْمَ يَفِرُّ ٱلْمَرْءُ مِنْ أَخِيهِ,5,17,10,3,"ء,خ,ه",3,0,1,0,0,0,0,0,13,2.6,0.764706
90,7,أَيَحْسَبُ أَن لَّمْ يَرَهُۥٓ أَحَدٌ,5,15,13,3,"ح,ه",0,0,0,0,0,0,0,0,13,2.6,0.866667
93,3,مَا وَدَّعَكَ رَبُّكَ وَمَا قَلَىٰ,5,15,10,2,"ع,ق",3,0,1,0,0,0,0,0,13,2.6,0.866667
114,5,ٱلَّذِى يُوَسْوِسُ فِى صُدُورِ ٱلنَّاسِ,5,20,10,2,"ذ,ص",3,0,1,0,0,0,0,0,13,2.6,0.65
3,184,فَإِن كَذَّبُوكَ فَقَدْ كُذِّبَ رُسُلٌ مِّن قَبْلِكَ جَآءُو بِٱلْبَيِّنَـٰتِ وَٱلزُّبُرِ وَٱلْكِتَـٰبِ ٱلْمُنِيرِ,12,52,24,5,"ء,ذ,ق",3,0,1,0,4,2,1,1,31,2.583333,0.596154
6,41,بَلْ إِيَّاهُ تَدْعُونَ فَيَكْشِفُ مَا تَدْعُونَ إِلَيْهِ إِن شَآءَ وَتَنسَوْنَ مَا تُشْرِكُونَ,12,46,24,5,"ء,ع,ه",6,0,2,0,1,0,1,0,31,2.583333,0.673913
7,5,فَمَا كَانَ دَعْوَىٰهُمْ إِذْ جَآءَهُم بَأْسُنَآ إِلَّآ أَن قَالُوٓا۟ إِنَّا كُنَّا ظَـٰلِمِينَ,12,45,26,7,"ء,ذ,ظ,ع,ق,ه",3,0,1,0,2,0,2,0,31,2.583333,0.688889
41,24,فَإِن يَصْبِرُوا۟ فَٱلنَّارُ مَثْوًى لَّهُمْ ۖ وَإِن يَسْتَعْتِبُوا۟ فَمَا هُم مِّنَ ٱلْمُعْتَبِينَ,12,48,24,6,"ث,ص,ع,ه",6,0,2,0,1,0,0,1,31,2.583333,0.645833
45,31,وَأَمَّا ٱلَّذِينَ كَفَرُوٓا۟ أَفَلَمْ تَكُنْ ءَايَـٰتِى تُتْلَىٰ عَلَيْكُمْ فَٱسْتَكْبَرْتُمْ وَكُنتُمْ قَوْمًا مُّجْرِمِينَ,12,59,23,4,"ء,ذ,ع,ق",6,0,2,0,2,0,0,2,31,2.583333,0.525424
3,60,ٱلْحَقُّ مِن رَّبِّكَ فَلَا تَكُن مِّنَ ٱلْمُمْتَرِينَ,7,25,11,2,"ح,ق",6,0,2,0,1,1,0,0,18,2.571429,0.72
15,10,وَلَقَدْ أَرْسَلْنَا مِن قَبْلِكَ فِى شِيَعِ ٱلْأَوَّلِينَ,7,28,15,3,"ع,ق",3,0,1,0,0,0,0,0,18,2.571429,0.642857
17,38,كُلُّ ذَٰلِكَ كَانَ سَيِّئُهُۥ عِندَ رَبِّكَ مَكْرُوهًا,7,24,18,4,"ذ,ع,ه",0,0,0,0,0,0,0,0,18,2.571429,0.75
20,105,وَيَسْـَٔلُونَكَ عَنِ ٱلْجِبَالِ فَقُلْ يَنسِفُهَا رَبِّى نَسْفًا,7,31,18,3,"ع,ق,ه",0,0,0,0,0,0,0,0,18,2.571429,0.580645
21,69,قُلْنَا يَـٰنَارُ كُونِى بَرْدًا وَسَلَـٰمًا عَلَىٰٓ إِبْرَٰهِيمَ,7,30,12,3,"ع,ق,ه",3,0,1,0,3,0,1,2,18,2.571429,0.6
27,1,طسٓ ۚ تِلْكَ ءَايَـٰتُ ٱلْقُرْءَانِ وَكِتَابٍ مُّبِينٍ,7,25,13,4,"ء,ط,ق",3,0,1,0,2,0,1,1,18,2.571429,0.72
36,73,وَلَهُمْ فِيهَا مَنَـٰفِعُ وَمَشَارِبُ ۖ أَفَلَا يَشْكُرُونَ,7,28,15,3,"ع,ه",3,0,1,0,0,0,0,0,18,2.571429,0.642857
37,47,لَا فِيهَا غَوْلٌ وَلَا هُمْ عَنْهَا يُنزَفُونَ,7,24,17,5,"ع,غ,ه",0,0,0,0,1,0,0,1,18,2.571429,0.75
38,54,إِنَّ هَـٰذَا لَرِزْقُنَا مَا لَهُۥ مِن نَّفَادٍ,7,21,12,4,"ذ,ق,ه",5,1,1,0,1,0,1,0,18,2.571429,0.857143
43,44,وَإِنَّهُۥ لَذِكْرٌ لَّكَ وَلِقَوْمِكَ ۖ وَسَوْفَ تُسْـَٔلُونَ,7,25,14,3,"ذ,ق,ه",3,0,1,0,1,0,0,1,18,2.571429,0.72
44,24,وَٱتْرُكِ ٱلْبَحْرَ رَهْوًا ۖ إِنَّهُمْ جُندٌ مُّغْرَقُونَ,7,27,17,5,"ح,غ,ق,ه",0,0,0,0,1,0,0,1,18,2.571429,0.666667
52,26,قَالُوٓا۟ إِنَّا كُنَّا قَبْلُ فِىٓ أَهْلِنَا مُشْفِقِينَ,7,27,15,4,"ق,ه",3,0,1,0,0,0,0,0,18,2.571429,0.666667
76,20,وَإِذَا رَأَيْتَ ثَمَّ رَأَيْتَ نَعِيمًا وَمُلْكًا كَبِيرًا,7,29,13,3,"ث,ذ,ع",3,0,1,0,2,0,0,2,18,2.571429,0.62069
79,27,ءَأَنتُمْ أَشَدُّ خَلْقًا أَمِ ٱلسَّمَآءُ ۚ بَنَىٰهَا,7,25,16,5,"ء,خ,ق,ه",0,0,0,0,2,0,2,0,18,2.571429,0.72
10,105,وَأَنْ أَقِمْ وَجْهَكَ لِلدِّينِ حَنِيفًا وَلَا تَكُونَنَّ مِنَ ٱلْمُشْرِكِينَ,9,38,16,3,"ح,ق,ه",6,0,2,0,1,0,0,1,23,2.555556,0.605263
21,6,مَآ ءَامَنَتْ قَبْلَهُم مِّن قَرْيَةٍ أَهْلَكْنَـٰهَآ ۖ أَفَهُمْ يُؤْمِنُونَ,9,35,18,7,"ء,ق,ه",3,0,1,0,2,0,2,0,23,2.555556,0.657143
22,16,وَكَذَٰلِكَ أَنزَلْنَـٰهُ ءَايَـٰتٍۭ بَيِّنَـٰتٍ وَأَنَّ ٱللَّهَ يَهْدِى مَن يُرِيدُ,9,36,14,5,"ء,ذ,ه",6,0,2,0,3,0,1,2,23,2.555556,0.638889
22,24,وَهُدُوٓا۟ إِلَى ٱلطَّيِّبِ مِنَ ٱلْقَوْلِ وَهُدُوٓا۟ إِلَىٰ صِرَٰطِ ٱلْحَمِيدِ,9,37,21,7,"ح,ص,ط,ق,ه",0,0,0,0,2,1,1,0,23,2.555556,0.621622
38,34,وَلَقَدْ فَتَنَّا سُلَيْمَـٰنَ وَأَلْقَيْنَا عَلَىٰ كُرْسِيِّهِۦ جَسَدًا ثُمَّ أَنَابَ,9,38,22,5,"ث,ع,ق,ه",0,0,0,0,1,0,0,1,23,2.555556,0.605263
51,57,مَآ أُرِيدُ مِنْهُم مِّن رِّزْقٍ وَمَآ أُرِيدُ أَن يُطْعِمُونِ,9,30,14,4,"ط,ع,ق,ه",8,1,2,0,1,0,0,1,23,2.555556,0.766667
52,46,يَوْمَ لَا يُغْنِى عَنْهُمْ كَيْدُهُمْ شَيْـًٔا وَلَا هُمْ يُنصَرُونَ,9,32,19,6,"ص,ع,غ,ه",3,0,1,0,1,0,0,1,23,2.555556,0.71875
56,61,عَلَىٰٓ أَن نُّبَدِّلَ أَمْثَـٰلَكُمْ وَنُنشِئَكُمْ فِى مَا لَا تَعْلَمُونَ,9,34,17,3,"ث,ع",6,0,2,0,0,0,0,0,23,2.555556,0.676471
4,132,وَلِلَّهِ مَا فِى ٱلسَّمَـٰوَٰتِ وَمَا فِى ٱلْأَرْضِ ۚ وَكَفَىٰ بِٱللَّهِ وَكِيلًا,11,38,16,3,"ض,ه",12,0,4,0,0,0,0,0,28,2.545455,0.736842
9,10,لَا يَرْقُبُونَ فِى مُؤْمِنٍ إِلًّا وَلَا ذِمَّةً ۚ وَأُو۟لَـٰٓئِكَ هُمُ ٱلْمُعْتَدُونَ,11,39,15,4,"ذ,ع,ق,ه",12,0,4,0,1,0,0,1,28,2.545455,0.717949
19,31,وَجَعَلَنِى مُبَارَكًا أَيْنَ مَا كُنتُ وَأَوْصَـٰنِى بِٱلصَّلَوٰةِ وَٱلزَّكَوٰةِ مَا دُمْتُ حَيًّا,11,48,21,4,"ح,ص,ع",6,0,2,0,1,1,0,0,28,2.545455,0.583333
20,14,إِنَّنِىٓ أَنَا ٱللَّهُ لَآ إِلَـٰهَ إِلَّآ أَنَا۠ فَٱعْبُدْنِى وَأَقِمِ ٱلصَّلَوٰةَ لِذِكْرِىٓ,11,44,20,6,"ذ,ص,ع,ق,ه",6,0,2,0,2,1,1,0,28,2.545455,0.636364
22,66,وَهُوَ ٱلَّذِىٓ أَحْيَاكُمْ ثُمَّ يُمِيتُكُمْ ثُمَّ يُحْيِيكُمْ ۗ إِنَّ ٱلْإِنسَـٰنَ لَكَفُورٌ,11,42,27,6,"ث,ح,ذ,ه",0,0,0,0,1,0,1,0,28,2.545455,0.666667
25,16,لَّهُمْ فِيهَا مَا يَشَآءُونَ خَـٰلِدِينَ ۚ كَانَ عَلَىٰ رَبِّكَ وَعْدًا مَّسْـُٔولًا,11,38,26,6,"ء,خ,ع,ه",0,0,0,0,2,0,1,1,28,2.545455,0.736842
41,49,لَّا يَسْـَٔمُ ٱلْإِنسَـٰنُ مِن دُعَآءِ ٱلْخَيْرِ وَإِن مَّسَّهُ ٱلشَّرُّ فَيَـُٔوسٌ قَنُوطٌ,11,40,26,6,"ء,خ,ط,ع,ق,ه",0,0,0,0,2,0,1,1,28,2.545455,0.7
59,19,وَلَا تَكُونُوا۟ كَٱلَّذِينَ نَسُوا۟ ٱللَّهَ فَأَنسَىٰهُمْ أَنفُسَهُمْ ۚ أُو۟لَـٰٓئِكَ هُمُ ٱلْفَـٰسِقُونَ,11,50,24,6,"ذ,ق,ه",3,0,1,0,1,0,1,0,28,2.545455,0.56
5,99,مَّا عَلَى ٱلرَّسُولِ إِلَّا ٱلْبَلَـٰغُ ۗ وَٱللَّهُ يَعْلَمُ مَا تُبْدُونَ وَمَا تَكْتُمُونَ,12,44,17,4,"ع,غ,ه",12,0,4,0,1,0,1,0,30,2.5,0.681818
19,54,وَٱذْكُرْ فِى ٱلْكِتَـٰبِ إِسْمَـٰعِيلَ ۚ إِنَّهُۥ كَانَ صَادِقَ ٱلْوَعْدِ وَكَانَ رَسُولًا نَّبِيًّا,12,46,28,6,"ذ,ص,ع,ق,ه",0,0,0,0,2,0,1,1,30,2.5,0.652174
21,108,قُلْ إِنَّمَا يُوحَىٰٓ إِلَىَّ أَنَّمَآ إِلَـٰهُكُمْ إِلَـٰهٌ وَٰحِدٌ ۖ فَهَلْ أَنتُم مُّسْلِمُونَ,12,41,22,6,"ح,ق,ه",3,0,1,0,5,0,4,1,30,2.5,0.731707
27,32,قَالَتْ يَـٰٓأَيُّهَا ٱلْمَلَؤُا۟ أَفْتُونِى فِىٓ أَمْرِى مَا كُنتُ قَاطِعَةً أَمْرًا حَتَّىٰ تَشْهَدُونِ,12,50,27,7,"ح,ط,ع,ق,ه",2,1,0,0,1,0,0,1,30,2.5,0.6
36,30,يَـٰحَسْرَةً عَلَى ٱلْعِبَادِ ۚ مَا يَأْتِيهِم مِّن رَّسُولٍ إِلَّا كَانُوا۟ بِهِۦ يَسْتَهْزِءُونَ,12,46,28,7,"ء,ح,ع,ه",0,0,0,0,2,0,1,1,30,2.5,0.652174
36,71,أَوَلَمْ يَرَوْا۟ أَنَّا خَلَقْنَا لَهُم مِّمَّا عَمِلَتْ أَيْدِينَآ أَنْعَـٰمًا فَهُمْ لَهَا مَـٰلِكُونَ,12,48,26,7,"خ,ع,ق,ه",3,0,1,0,1,0,0,1,30,2.5,0.625
6,131,ذَٰلِكَ أَن لَّمْ يَكُن رَّبُّكَ مُهْلِكَ ٱلْقُرَىٰ بِظُلْمٍ وَأَهْلُهَا غَـٰفِلُونَ,10,37,24,7,"ذ,ظ,غ,ق,ه",0,0,0,0,1,0,0,1,25,2.5,0.675676
7,139,إِنَّ هَـٰٓؤُلَآءِ مُتَبَّرٌ مَّا هُمْ فِيهِ وَبَـٰطِلٌ مَّا كَانُوا۟ يَعْمَلُونَ,10,35,18,6,"ء,ط,ع,ه",3,0,1,0,4,0,2,2,25,2.5,0.714286
21,67,أُفٍّ لَّكُمْ وَلِمَا تَعْبُدُونَ مِن دُونِ ٱللَّهِ ۖ أَفَلَا تَعْقِلُونَ,10,34,18,4,"ع,ق,ه",6,0,2,0,1,0,0,1,25,2.5,0.735294
23,25,إِنْ هُوَ إِلَّا رَجُلٌۢ بِهِۦ جِنَّةٌ فَتَرَبَّصُوا۟ بِهِۦ حَتَّىٰ حِينٍ,10,30,22,6,"ح,ص,ه",0,0,0,0,3,0,0,3,25,2.5,0.833333
26,24,قَالَ رَبُّ ٱلسَّمَـٰوَٰتِ وَٱلْأَرْضِ وَمَا بَيْنَهُمَآ ۖ إِن كُنتُم مُّوقِنِينَ,10,38,16,4,"ض,ق,ه",9,0,3,0,0,0,0,0,25,2.5,0.657895
38,3,كَمْ أَهْلَكْنَا مِن قَبْلِهِم مِّن قَرْنٍ فَنَادَوا۟ وَّلَاتَ حِينَ مَنَاصٍ,10,37,21,6,"ح,ص,ق,ه",3,0,1,0,1,0,0,1,25,2.5,0.675676
67,13,وَأَسِرُّوا۟ قَوْلَكُمْ أَوِ ٱجْهَرُوا۟ بِهِۦٓ ۖ إِنَّهُۥ عَلِيمٌۢ بِذَاتِ ٱلصُّدُورِ,10,38,23,7,"ذ,ص,ع,ق,ه",0,0,0,0,2,1,0,1,25,2.5,0.657895
68,32,عَسَىٰ رَبُّنَآ أَن يُبْدِلَنَا خَيْرًا مِّنْهَآ إِنَّآ إِلَىٰ رَبِّنَا رَٰغِبُونَ,10,38,16,4,"خ,ع,غ,ه",6,0,2,0,3,0,2,1,25,2.5,0.657895
71,26,وَقَالَ نُوحٌ رَّبِّ لَا تَذَرْ عَلَى ٱلْأَرْضِ مِنَ ٱلْكَـٰفِرِينَ دَيَّارًا,10,36,24,5,"ح,ذ,ض,ع,ق",0,0,0,0,1,0,0,1,25,2.5,0.694444
7,104,وَقَالَ مُوسَىٰ يَـٰفِرْعَوْنُ إِنِّى رَسُولٌ مِّن رَّبِّ ٱلْعَـٰلَمِينَ,8,32,16,3,"ع,ق",3,0,1,0,1,0,0,1,20,2.5,0.625
23,29,وَقُل رَّبِّ أَنزِلْنِى مُنزَلًا مُّبَارَكًا وَأَنتَ خَيْرُ ٱلْمُنزِلِينَ,8,37,12,2,"خ,ق",6,0,2,0,2,0,0,2,20,2.5,0.540541
23,56,نُسَارِعُ لَهُمْ فِى ٱلْخَيْرَٰتِ ۚ بَل لَّا يَشْعُرُونَ,8,26,20,4,"خ,ع,ه",0,0,0,0,0,0,0,0,20,2.5,0.769231
26,113,إِنْ حِسَابُهُمْ إِلَّا عَلَىٰ رَبِّى ۖ لَوْ تَشْعُرُونَ,8,25,19,4,"ح,ع,ه",0,0,0,0,1,0,0,1,20,2.5,0.8
43,21,أَمْ ءَاتَيْنَـٰهُمْ كِتَـٰبًا مِّن قَبْلِهِۦ فَهُم بِهِۦ مُسْتَمْسِكُونَ,8,32,18,6,"ء,ق,ه",0,0,0,0,2,0,1,1,20,2.5,0.625
43,62,وَلَا يَصُدَّنَّكُمُ ٱلشَّيْطَـٰنُ ۖ إِنَّهُۥ لَكُمْ عَدُوٌّ مُّبِينٌ,8,28,16,4,"ص,ط,ع,ه",3,0,1,0,1,0,0,1,20,2.5,0.714286
50,29,مَا يُبَدَّلُ ٱلْقَوْلُ لَدَىَّ وَمَآ أَنَا۠ بِظَلَّـٰمٍ لِّلْعَبِيدِ,8,30,12,3,"ظ,ع,ق",6,0,2,0,2,0,1,1,20,2.5,0.666667
3,63,فَإِن تَوَلَّوْا۟ فَإِنَّ ٱللَّهَ عَلِيمٌۢ بِٱلْمُفْسِدِينَ,6,28,11,2,"ع,ه",3,0,1,0,1,0,0,1,15,2.5,0.535714
15,58,قَالُوٓا۟ إِنَّآ أُرْسِلْنَآ إِلَىٰ قَوْمٍ مُّجْرِمِينَ,6,26,8,2,ق,6,0,2,0,1,0,0,1,15,2.5,0.576923
16,82,فَإِن تَوَلَّوْا۟ فَإِنَّمَا عَلَيْكَ ٱلْبَلَـٰغُ ٱلْمُبِينُ,6,28,11,2,"ع,غ",3,0,1,0,1,0,1,0,15,2.5,0.535714
20,38,إِذْ أَوْحَيْنَآ إِلَىٰٓ أُمِّكَ مَا يُوحَىٰٓ,6,20,14,3,"ح,ذ",0,0,0,0,1,0,1,0,15,2.5,0.75
21,23,لَا يُسْـَٔلُ عَمَّا يَفْعَلُ وَهُمْ يُسْـَٔلُونَ,6,20,15,3,"ع,ه",0,0,0,0,0,0,0,0,15,2.5,0.75
26,86,وَٱغْفِرْ لِأَبِىٓ إِنَّهُۥ كَانَ مِنَ ٱلضَّآلِّينَ,6,24,13,3,"ض,غ,ه",0,0,0,0,2,1,1,0,15,2.5,0.625
28,65,وَيَوْمَ يُنَادِيهِمْ فَيَقُولُ مَاذَآ أَجَبْتُمُ ٱلْمُرْسَلِينَ,6,33,11,3,"ذ,ق,ه",3,0,1,0,1,0,1,0,15,2.5,0.454545
33,11,هُنَالِكَ ٱبْتُلِىَ ٱلْمُؤْمِنُونَ وَزُلْزِلُوا۟ زِلْزَالًا شَدِيدًا,6,36,8,1,ه,6,0,2,0,1,0,0,1,15,2.5,0.416667
37,91,فَرَاغَ إِلَىٰٓ ءَالِهَتِهِمْ فَقَالَ أَلَا تَأْكُلُونَ,6,27,15,5,"ء,غ,ق,ه",0,0,0,0,0,0,0,0,15,2.5,0.555556
38,40,وَإِنَّ لَهُۥ عِندَنَا لَزُلْفَىٰ وَحُسْنَ مَـَٔابٍ,6,22,15,3,"ح,ع,ه",0,0,0,0,0,0,0,0,15,2.5,0.681818
40,72,فِى ٱلْحَمِيمِ ثُمَّ فِى ٱلنَّارِ يُسْجَرُونَ,6,23,12,2,"ث,ح",3,0,1,0,0,0,0,0,15,2.5,0.652174
44,20,وَإِنِّى عُذْتُ بِرَبِّى وَرَبِّكُمْ أَن تَرْجُمُونِ,6,24,10,2,"ذ,ع",5,1,1,0,0,0,0,0,15,2.5,0.625
51,39,فَتَوَلَّىٰ بِرُكْنِهِۦ وَقَالَ سَـٰحِرٌ أَوْ مَجْنُونٌ,6,24,14,3,"ح,ق,ه",0,0,0,0,1,0,1,0,15,2.5,0.625
54,15,وَلَقَد تَّرَكْنَـٰهَآ ءَايَةً فَهَلْ مِن مُّدَّكِرٍ,6,23,12,4,"ء,ق,ه",0,0,0,0,3,0,2,1,15,2.5,0.652174
79,16,إِذْ نَادَىٰهُ رَبُّهُۥ بِٱلْوَادِ ٱلْمُقَدَّسِ طُوًى,6,25,14,5,"ذ,ط,ق,ه",0,0,0,0,1,0,1,0,15,2.5,0.6
88,17,أَفَلَا يَنظُرُونَ إِلَى ٱلْإِبِلِ كَيْفَ خُلِقَتْ,6,25,15,3,"خ,ظ,ق",0,0,0,0,0,0,0,0,15,2.5,0.6
7,121,قَالُوٓا۟ ءَامَنَّا بِرَبِّ ٱلْعَـٰلَمِينَ,4,20,10,3,"ء,ع,ق",0,0,0,0,0,0,0,0,10,2.5,0.5
26,69,وَٱتْلُ عَلَيْهِمْ نَبَأَ إِبْرَٰهِيمَ,4,18,9,3,"ع,ه",0,0,0,0,1,0,1,0,10,2.5,0.555556
26,98,إِذْ نُسَوِّيكُم بِرَبِّ ٱلْعَـٰلَمِينَ,4,18,10,2,"ذ,ع",0,0,0,0,0,0,0,0,10,2.5,0.555556
26,165,أَتَأْتُونَ ٱلذُّكْرَانَ مِنَ ٱلْعَـٰلَمِينَ,4,22,9,2,"ذ,ع",0,0,0,0,1,1,0,0,10,2.5,0.454545
31,2,تِلْكَ ءَايَـٰتُ ٱلْكِتَـٰبِ ٱلْحَكِيمِ,4,18,10,2,"ء,ح",0,0,0,0,0,0,0,0,10,2.5,0.555556
35,21,وَلَا ٱلظِّلُّ وَلَا ٱلْحَرُورُ,4,16,9,2,"ح,ظ",0,0,0,0,1,1,0,0,10,2.5,0.625
36,25,إِنِّىٓ ءَامَنتُ بِرَبِّكُمْ فَٱسْمَعُونِ,4,20,10,2,"ء,ع",0,0,0,0,0,0,0,0,10,2.5,0.5
36,59,وَٱمْتَـٰزُوا۟ ٱلْيَوْمَ أَيُّهَا ٱلْمُجْرِمُونَ,4,24,4,1,ه,6,0,2,0,0,0,0,0,10,2.5,0.416667
37,26,بَلْ هُمُ ٱلْيَوْمَ مُسْتَسْلِمُونَ,4,17,4,1,ه,6,0,2,0,0,0,0,0,10,2.5,0.588235
37,42,فَوَٰكِهُ ۖ وَهُم مُّكْرَمُونَ,4,13,7,2,ه,3,0,1,0,0,0,0,0,10,2.5,0.769231
40,54,هُدًى وَذِكْرَىٰ لِأُو۟لِى ٱلْأَلْبَـٰبِ,4,19,6,2,"ذ,ه",3,0,1,0,1,0,0,1,10,2.5,0.526316
44,45,كَٱلْمُهْلِ يَغْلِى فِى ٱلْبُطُونِ,4,18,10,3,"ط,غ,ه",0,0,0,0,0,0,0,0,10,2.5,0.555556
53,40,وَأَنَّ سَعْيَهُۥ سَوْفَ يُرَىٰ,4,13,10,2,"ع,ه",0,0,0,0,0,0,0,0,10,2.5,0.769231
53,48,وَأَنَّهُۥ هُوَ أَغْنَىٰ وَأَقْنَىٰ,4,15,10,4,"غ,ق,ه",0,0,0,0,0,0,0,0,10,2.5,0.666667
53,49,وَأَنَّهُۥ هُوَ رَبُّ ٱلشِّعْرَىٰ,4,14,10,3,"ع,ه",0,0,0,0,0,0,0,0,10,2.5,0.714286
53,50,وَأَنَّهُۥٓ أَهْلَكَ عَادًا ٱلْأُولَىٰ,4,18,10,3,"ع,ه",0,0,0,0,0,0,0,0,10,2.5,0.555556
53,55,فَبِأَىِّ ءَالَآءِ رَبِّكَ تَتَمَارَىٰ,4,18,6,2,ء,3,0,1,0,1,0,1,0,10,2.5,0.555556
54,45,سَيُهْزَمُ ٱلْجَمْعُ وَيُوَلُّونَ ٱلدُّبُرَ,4,21,10,2,"ع,ه",0,0,0,0,0,0,0,0,10,2.5,0.47619
55,26,كُلُّ مَنْ عَلَيْهَا فَانٍ,4,12,9,2,"ع,ه",0,0,0,0,1,0,0,1,10,2.5,0.833333
75,19,ثُمَّ إِنَّ عَلَيْنَا بَيَانَهُۥ,4,14,10,3,"ث,ع,ه",0,0,0,0,0,0,0,0,10,2.5,0.714286
75,26,كَلَّآ إِذَا بَلَغَتِ ٱلتَّرَاقِىَ,4,17,10,3,"ذ,غ,ق",0,0,0,0,0,0,0,0,10,2.5,0.588235
75,31,فَلَا صَدَّقَ وَلَا صَلَّىٰ,4,12,10,3,"ص,ق",0,0,0,0,0,0,0,0,10,2.5,0.833333
79,24,فَقَالَ أَنَا۠ رَبُّكُمُ ٱلْأَعْلَىٰ,4,17,10,2,"ع,ق",0,0,0,0,0,0,0,0,10,2.5,0.588235
79,36,وَبُرِّزَتِ ٱلْجَحِيمُ لِمَن يَرَىٰ,4,17,7,1,ح,3,0,1,0,0,0,0,0,10,2.5,0.588235
86,17,فَمَهِّلِ ٱلْكَـٰفِرِينَ أَمْهِلْهُمْ رُوَيْدًۢا,4,22,9,3,ه,0,0,0,0,1,1,0,0,10,2.5,0.454545
87,12,ٱلَّذِى يَصْلَى ٱلنَّارَ ٱلْكُبْرَىٰ,4,19,7,2,"ذ,ص",3,0,1,0,0,0,0,0,10,2.5,0.526316
93,9,فَأَمَّا ٱلْيَتِيمَ فَلَا تَقْهَرْ,4,17,7,2,"ق,ه",3,0,1,0,0,0,0,0,10,2.5,0.588235
107,1,أَرَءَيْتَ ٱلَّذِى يُكَذِّبُ بِٱلدِّينِ,4,19,9,3,"ء,ذ",0,0,0,0,1,1,0,0,10,2.5,0.526316
109,2,لَآ أَعْبُدُ مَا تَعْبُدُونَ,4,14,10,2,ع,0,0,0,0,0,0,0,0,10,2.5,0.714286
111,3,سَيَصْلَىٰ نَارًا ذَاتَ لَهَبٍ,4,15,9,3,"ذ,ص,ه",0,0,0,0,1,0,0,1,10,2.5,0.666667
4,174,يَـٰٓأَيُّهَا ٱلنَّاسُ قَدْ جَآءَكُم بُرْهَـٰنٌ مِّن رَّبِّكُمْ وَأَنزَلْنَآ إِلَيْكُمْ نُورًا مُّبِينًا,11,48,15,4,"ء,ق,ه",9,0,3,0,3,0,1,2,27,2.454545,0.5625
12,11,قَالُوا۟ يَـٰٓأَبَانَا مَا لَكَ لَا تَأْمَ۫نَّا عَلَىٰ يُوسُفَ وَإِنَّا لَهُۥ لَنَـٰصِحُونَ,11,41,21,5,"ح,ص,ع,ق,ه",5,1,1,0,1,0,1,0,27,2.454545,0.658537
12,35,ثُمَّ بَدَا لَهُم مِّنۢ بَعْدِ مَا رَأَوُا۟ ٱلْـَٔايَـٰتِ لَيَسْجُنُنَّهُۥ حَتَّىٰ حِينٍ,11,37,24,6,"ث,ح,ع,ه",3,0,1,0,0,0,0,0,27,2.454545,0.72973
15,42,إِنَّ عِبَادِى لَيْسَ لَكَ عَلَيْهِمْ سُلْطَـٰنٌ إِلَّا مَنِ ٱتَّبَعَكَ مِنَ ٱلْغَاوِينَ,11,40,27,6,"ط,ع,غ,ه",0,0,0,0,0,0,0,0,27,2.454545,0.675
23,78,وَهُوَ ٱلَّذِىٓ أَنشَأَ لَكُمُ ٱلسَّمْعَ وَٱلْأَبْصَـٰرَ وَٱلْأَفْـِٔدَةَ ۚ قَلِيلًا مَّا تَشْكُرُونَ,11,46,22,5,"ذ,ص,ع,ق,ه",3,0,1,0,2,0,1,1,27,2.454545,0.586957
24,44,يُقَلِّبُ ٱللَّهُ ٱلَّيْلَ وَٱلنَّهَارَ ۚ إِنَّ فِى ذَٰلِكَ لَعِبْرَةً لِّأُو۟لِى ٱلْأَبْصَـٰرِ,11,42,20,6,"ذ,ص,ع,ق,ه",6,0,2,0,1,0,0,1,27,2.454545,0.642857
32,25,إِنَّ رَبَّكَ هُوَ يَفْصِلُ بَيْنَهُمْ يَوْمَ ٱلْقِيَـٰمَةِ فِيمَا كَانُوا۟ فِيهِ يَخْتَلِفُونَ,11,44,23,6,"خ,ص,ق,ه",3,0,1,0,1,0,1,0,27,2.454545,0.613636
38,10,أَمْ لَهُم مُّلْكُ ٱلسَّمَـٰوَٰتِ وَٱلْأَرْضِ وَمَا بَيْنَهُمَا ۖ فَلْيَرْتَقُوا۟ فِى ٱلْأَسْبَـٰبِ,11,45,18,4,"ض,ق,ه",9,0,3,0,0,0,0,0,27,2.454545,0.6
89,15,فَأَمَّا ٱلْإِنسَـٰنُ إِذَا مَا ٱبْتَلَىٰهُ رَبُّهُۥ فَأَكْرَمَهُۥ وَنَعَّمَهُۥ فَيَقُولُ رَبِّىٓ أَكْرَمَنِ,11,48,25,7,"ذ,ع,ق,ه",0,0,0,0,2,1,1,0,27,2.454545,0.5625
20,8,ٱللَّهُ لَآ إِلَـٰهَ إِلَّا هُوَ ۖ لَهُ ٱلْأَسْمَآءُ ٱلْحُسْنَىٰ,9,29,17,6,"ء,ح,ه",3,0,1,0,2,0,2,0,22,2.444444,0.758621
21,51,وَلَقَدْ ءَاتَيْنَآ إِبْرَٰهِيمَ رُشْدَهُۥ مِن قَبْلُ وَكُنَّا بِهِۦ عَـٰلِمِينَ,9,36,21,7,"ء,ع,ق,ه",0,0,0,0,1,0,1,0,22,2.444444,0.611111
37,8,لَّا يَسَّمَّعُونَ إِلَى ٱلْمَلَإِ ٱلْأَعْلَىٰ وَيُقْذَفُونَ مِن كُلِّ جَانِبٍ,9,37,20,4,"ذ,ع,ق",2,1,0,0,0,0,0,0,22,2.444444,0.594595
42,35,وَيَعْلَمَ ٱلَّذِينَ يُجَـٰدِلُونَ فِىٓ ءَايَـٰتِنَا مَا لَهُم مِّن مَّحِيصٍ,9,35,22,6,"ء,ح,ذ,ص,ع,ه",0,0,0,0,0,0,0,0,22,2.444444,0.628571
44,7,رَبِّ ٱلسَّمَـٰوَٰتِ وَٱلْأَرْضِ وَمَا بَيْنَهُمَآ ۖ إِن كُنتُم مُّوقِنِينَ,9,35,13,3,"ض,ق,ه",9,0,3,0,0,0,0,0,22,2.444444,0.628571
67,1,تَبَـٰرَكَ ٱلَّذِى بِيَدِهِ ٱلْمُلْكُ وَهُوَ عَلَىٰ كُلِّ شَىْءٍ قَدِيرٌ,9,32,21,6,"ء,ذ,ع,ق,ه",0,0,0,0,1,0,0,1,22,2.444444,0.6875
11,22,لَا جَرَمَ أَنَّهُمْ فِى ٱلْـَٔاخِرَةِ هُمُ ٱلْأَخْسَرُونَ,7,27,17,4,"خ,ه",0,0,0,0,0,0,0,0,17,2.428571,0.62963
14,16,مِّن وَرَآئِهِۦ جَهَنَّمُ وَيُسْقَىٰ مِن مَّآءٍ صَدِيدٍ,7,25,14,5,"ء,ص,ق,ه",0,0,0,0,3,0,2,1,17,2.428571,0.68
16,109,لَا جَرَمَ أَنَّهُمْ فِى ٱلْـَٔاخِرَةِ هُمُ ٱلْخَـٰسِرُونَ,7,26,17,4,"خ,ه",0,0,0,0,0,0,0,0,17,2.428571,0.653846
23,55,أَيَحْسَبُونَ أَنَّمَا نُمِدُّهُم بِهِۦ مِن مَّالٍ وَبَنِينَ,7,28,10,3,"ح,ه",6,0,2,0,1,0,0,1,17,2.428571,0.607143
26,16,فَأْتِيَا فِرْعَوْنَ فَقُولَآ إِنَّا رَسُولُ رَبِّ ٱلْعَـٰلَمِينَ,7,31,17,3,"ع,ق",0,0,0,0,0,0,0,0,17,2.428571,0.548387
36,27,بِمَا غَفَرَ لِى رَبِّى وَجَعَلَنِى مِنَ ٱلْمُكْرَمِينَ,7,27,11,2,"ع,غ",6,0,2,0,0,0,0,0,17,2.428571,0.62963
71,5,قَالَ رَبِّ إِنِّى دَعَوْتُ قَوْمِى لَيْلًا وَنَهَارًا,7,26,13,4,"ع,ق,ه",3,0,1,0,1,0,0,1,17,2.428571,0.653846
110,2,وَرَأَيْتَ ٱلنَّاسَ يَدْخُلُونَ فِى دِينِ ٱللَّهِ أَفْوَاجًا,7,31,11,2,"خ,ه",6,0,2,0,0,0,0,0,17,2.428571,0.548387
20,89,أَفَلَا يَرَوْنَ أَلَّا يَرْجِعُ إِلَيْهِمْ قَوْلًا وَلَا يَمْلِكُ لَهُمْ ضَرًّا وَلَا نَفْعًا,12,44,27,6,"ض,ع,ق,ه",0,0,0,0,2,0,0,2,29,2.416667,0.659091
34,44,وَمَآ ءَاتَيْنَـٰهُم مِّن كُتُبٍ يَدْرُسُونَهَا ۖ وَمَآ أَرْسَلْنَآ إِلَيْهِمْ قَبْلَكَ مِن نَّذِيرٍ,12,47,18,6,"ء,ذ,ق,ه",9,0,3,0,2,0,1,1,29,2.416667,0.617021
74,56,وَمَا يَذْكُرُونَ إِلَّآ أَن يَشَآءَ ٱللَّهُ ۚ هُوَ أَهْلُ ٱلتَّقْوَىٰ وَأَهْلُ ٱلْمَغْفِرَةِ,12,44,22,8,"ء,ذ,غ,ق,ه",6,0,2,0,1,0,1,0,29,2.416667,0.659091
7,67,قَالَ يَـٰقَوْمِ لَيْسَ بِى سَفَاهَةٌ وَلَـٰكِنِّى رَسُولٌ مِّن رَّبِّ ٱلْعَـٰلَمِينَ,10,37,18,4,"ع,ق,ه",3,0,1,0,3,0,1,2,24,2.4,0.648649
11,2,أَلَّا تَعْبُدُوٓا۟ إِلَّا ٱللَّهَ ۚ إِنَّنِى لَكُم مِّنْهُ نَذِيرٌ وَبَشِيرٌ,10,35,14,4,"ذ,ع,ه",9,0,3,0,1,0,0,1,24,2.4,0.685714
16,40,إِنَّمَا قَوْلُنَا لِشَىْءٍ إِذَآ أَرَدْنَـٰهُ أَن نَّقُولَ لَهُۥ كُن فَيَكُونُ,10,36,19,6,"ء,ذ,ق,ه",3,0,1,0,2,0,2,0,24,2.4,0.666667
17,87,إِلَّا رَحْمَةً مِّن رَّبِّكَ ۚ إِنَّ فَضْلَهُۥ كَانَ عَلَيْكَ كَبِيرًا,10,30,23,4,"ح,ض,ع,ه",0,0,0,0,1,0,0,1,24,2.4,0.8
18,84,إِنَّا مَكَّنَّا لَهُۥ فِى ٱلْأَرْضِ وَءَاتَيْنَـٰهُ مِن كُلِّ شَىْءٍ سَبَبًا,10,34,19,5,"ء,ض,ه",3,0,1,0,2,0,1,1,24,2.4,0.705882
20,54,كُلُوا۟ وَٱرْعَوْا۟ أَنْعَـٰمَكُمْ ۗ إِنَّ فِى ذَٰلِكَ لَـَٔايَـٰتٍ لِّأُو۟لِى ٱلنُّهَىٰ,10,37,19,4,"ذ,ع,ه",3,0,1,0,2,0,1,1,24,2.4,0.648649
23,60,وَٱلَّذِينَ يُؤْتُونَ مَآ ءَاتَوا۟ وَّقُلُوبُهُمْ وَجِلَةٌ أَنَّهُمْ إِلَىٰ رَبِّهِمْ رَٰجِعُونَ,10,45,21,7,"ء,ذ,ع,ق,ه",3,0,1,0,0,0,0,0,24,2.4,0.533333
36,51,وَنُفِخَ فِى ٱلصُّورِ فَإِذَا هُم مِّنَ ٱلْأَجْدَاثِ إِلَىٰ رَبِّهِمْ يَنسِلُونَ,10,39,23,6,"ث,خ,ذ,ص,ه",0,0,0,0,1,1,0,0,24,2.4,0.615385
7,114,قَالَ نَعَمْ وَإِنَّكُمْ لَمِنَ ٱلْمُقَرَّبِينَ,5,22,12,3,"ع,ق",0,0,0,0,0,0,0,0,12,2.4,0.545455
11,75,إِنَّ إِبْرَٰهِيمَ لَحَلِيمٌ أَوَّٰهٌ مُّنِيبٌ,5,20,9,3,"ح,ه",0,0,0,0,3,0,2,1,12,2.4,0.6
15,79,فَٱنتَقَمْنَا مِنْهُمْ وَإِنَّهُمَا لَبِإِمَامٍ مُّبِينٍ,5,28,8,3,"ق,ه",3,0,1,0,1,0,0,1,12,2.4,0.428571
15,89,وَقُلْ إِنِّىٓ أَنَا ٱلنَّذِيرُ ٱلْمُبِينُ,5,21,6,2,"ذ,ق",6,0,2,0,0,0,0,0,12,2.4,0.571429
20,25,قَالَ رَبِّ ٱشْرَحْ لِى صَدْرِى,5,15,12,3,"ح,ص,ق",0,0,0,0,0,0,0,0,12,2.4,0.8
20,36,قَالَ قَدْ أُوتِيتَ سُؤْلَكَ يَـٰمُوسَىٰ,5,19,9,2,ق,3,0,1,0,0,0,0,0,12,2.4,0.631579
21,20,يُسَبِّحُونَ ٱلَّيْلَ وَٱلنَّهَارَ لَا يَفْتُرُونَ,5,25,9,2,"ح,ه",3,0,1,0,0,0,0,0,12,2.4,0.48
26,30,قَالَ أَوَلَوْ جِئْتُكَ بِشَىْءٍ مُّبِينٍ,5,19,8,2,"ء,ق",3,0,1,0,1,0,0,1,12,2.4,0.631579
26,75,قَالَ أَفَرَءَيْتُم مَّا كُنتُمْ تَعْبُدُونَ,5,22,12,3,"ء,ع,ق",0,0,0,0,0,0,0,0,12,2.4,0.545455
26,168,قَالَ إِنِّى لِعَمَلِكُم مِّنَ ٱلْقَالِينَ,5,21,12,3,"ع,ق",0,0,0,0,0,0,0,0,12,2.4,0.571429
26,222,تَنَزَّلُ عَلَىٰ كُلِّ أَفَّاكٍ أَثِيمٍ,5,17,12,2,"ث,ع",0,0,0,0,0,0,0,0,12,2.4,0.705882
36,58,سَلَـٰمٌ قَوْلًا مِّن رَّبٍّ رَّحِيمٍ,5,15,9,2,"ح,ق",0,0,0,0,3,0,0,3,12,2.4,0.8
37,56,قَالَ تَٱللَّهِ إِن كِدتَّ لَتُرْدِينِ,5,19,6,2,"ق,ه",6,0,2,0,0,0,0,0,12,2.4,0.631579
37,163,إِلَّا مَنْ هُوَ صَالِ ٱلْجَحِيمِ,5,16,11,3,"ح,ص,ه",0,0,0,0,1,0,0,1,12,2.4,0.75
44,53,يَلْبَسُونَ مِن سُندُسٍ وَإِسْتَبْرَقٍ مُّتَقَـٰبِلِينَ,5,26,10,2,ق,0,0,0,0,2,0,0,2,12,2.4,0.461538
51,27,فَقَرَّبَهُۥٓ إِلَيْهِمْ قَالَ أَلَا تَأْكُلُونَ,5,22,12,4,"ق,ه",0,0,0,0,0,0,0,0,12,2.4,0.545455
53,16,إِذْ يَغْشَى ٱلسِّدْرَةَ مَا يَغْشَىٰ,5,18,12,3,"ذ,غ",0,0,0,0,0,0,0,0,12,2.4,0.666667
56,52,لَـَٔاكِلُونَ مِن شَجَرٍ مِّن زَقُّومٍ,5,17,7,1,ق,3,0,1,0,2,1,0,1,12,2.4,0.705882
71,17,وَٱللَّهُ أَنۢبَتَكُم مِّنَ ٱلْأَرْضِ نَبَاتًا,5,23,9,2,"ض,ه",3,0,1,0,0,0,0,0,12,2.4,0.521739
79,10,يَقُولُونَ أَءِنَّا لَمَرْدُودُونَ فِى ٱلْحَافِرَةِ,5,27,12,3,"ء,ح,ق",0,0,0,0,0,0,0,0,12,2.4,0.444444
79,45,إِنَّمَآ أَنتَ مُنذِرُ مَن يَخْشَىٰهَا,5,19,11,3,"خ,ذ,ه",0,0,0,0,1,0,1,0,12,2.4,0.631579
15,54,قَالَ أَبَشَّرْتُمُونِى عَلَىٰٓ أَن مَّسَّنِىَ ٱلْكِبَرُ فَبِمَ تُبَشِّرُونَ,8,35,13,2,"ع,ق",6,0,2,0,0,0,0,0,19,2.375,0.542857
21,85,وَإِسْمَـٰعِيلَ وَإِدْرِيسَ وَذَا ٱلْكِفْلِ ۖ كُلٌّ مِّنَ ٱلصَّـٰبِرِينَ,8,32,16,3,"ذ,ص,ع",0,0,0,0,3,1,1,1,19,2.375,0.59375
23,111,إِنِّى جَزَيْتُهُمُ ٱلْيَوْمَ بِمَا صَبَرُوٓا۟ أَنَّهُمْ هُمُ ٱلْفَآئِزُونَ,8,36,13,4,"ص,ه",6,0,2,0,0,0,0,0,19,2.375,0.527778
26,10,وَإِذْ نَادَىٰ رَبُّكَ مُوسَىٰٓ أَنِ ٱئْتِ ٱلْقَوْمَ ٱلظَّـٰلِمِينَ,8,31,12,3,"ذ,ظ,ق",6,0,2,0,1,1,0,0,19,2.375,0.612903
40,53,وَلَقَدْ ءَاتَيْنَا مُوسَى ٱلْهُدَىٰ وَأَوْرَثْنَا بَنِىٓ إِسْرَٰٓءِيلَ ٱلْكِتَـٰبَ,8,40,15,5,"ء,ث,ق,ه",3,0,1,0,1,0,1,0,19,2.375,0.475
50,18,مَّا يَلْفِظُ مِن قَوْلٍ إِلَّا لَدَيْهِ رَقِيبٌ عَتِيدٌ,8,26,18,5,"ظ,ع,ق,ه",0,0,0,0,1,0,0,1,19,2.375,0.730769
68,41,أَمْ لَهُمْ شُرَكَآءُ فَلْيَأْتُوا۟ بِشُرَكَآئِهِمْ إِن كَانُوا۟ صَـٰدِقِينَ,8,37,18,5,"ء,ص,ق,ه",0,0,0,0,1,0,1,0,19,2.375,0.513514
69,24,كُلُوا۟ وَٱشْرَبُوا۟ هَنِيٓـًٔۢا بِمَآ أَسْلَفْتُمْ فِى ٱلْأَيَّامِ ٱلْخَالِيَةِ,8,39,12,2,"خ,ه",6,0,2,0,1,0,0,1,19,2.375,0.487179
5,79,كَانُوا۟ لَا يَتَنَاهَوْنَ عَن مُّنكَرٍ فَعَلُوهُ ۚ لَبِئْسَ مَا كَانُوا۟ يَفْعَلُونَ,11,42,25,5,"ع,ه",0,0,0,0,1,0,0,1,26,2.363636,0.619048
7,99,أَفَأَمِنُوا۟ مَكْرَ ٱللَّهِ ۚ فَلَا يَأْمَنُ مَكْرَ ٱللَّهِ إِلَّا ٱلْقَوْمُ ٱلْخَـٰسِرُونَ,11,43,17,4,"خ,ق,ه",9,0,3,0,0,0,0,0,26,2.363636,0.604651
33,54,إِن تُبْدُوا۟ شَيْـًٔا أَوْ تُخْفُوهُ فَإِنَّ ٱللَّهَ كَانَ بِكُلِّ شَىْءٍ عَلِيمًا,11,38,22,5,"ء,خ,ع,ه",3,0,1,0,1,0,0,1,26,2.363636,0.684211
36,19,قَالُوا۟ طَـٰٓئِرُكُم مَّعَكُمْ ۚ أَئِن ذُكِّرْتُم ۚ بَلْ أَنتُمْ قَوْمٌ مُّسْرِفُونَ,11,37,22,5,"ذ,ط,ع,ق",3,0,1,0,1,0,0,1,26,2.363636,0.702703
3,143,وَلَقَدْ كُنتُمْ تَمَنَّوْنَ ٱلْمَوْتَ مِن قَبْلِ أَن تَلْقَوْهُ فَقَدْ رَأَيْتُمُوهُ وَأَنتُمْ تَنظُرُونَ,12,51,22,7,"ظ,ق,ه",6,0,2,0,0,0,0,0,28,2.333333,0.54902
4,41,فَكَيْفَ إِذَا جِئْنَا مِن كُلِّ أُمَّةٍۭ بِشَهِيدٍ وَجِئْنَا بِكَ عَلَىٰ هَـٰٓؤُلَآءِ شَهِيدًا,12,43,25,6,"ء,ذ,ع,ه",0,0,0,0,3,0,1,2,28,2.333333,0.651163
12,82,وَسْـَٔلِ ٱلْقَرْيَةَ ٱلَّتِى كُنَّا فِيهَا وَٱلْعِيرَ ٱلَّتِىٓ أَقْبَلْنَا فِيهَا ۖ وَإِنَّا لَصَـٰدِقُونَ,12,50,25,7,"ص,ع,ق,ه",3,0,1,0,0,0,0,0,28,2.333333,0.56
14,46,وَقَدْ مَكَرُوا۟ مَكْرَهُمْ وَعِندَ ٱللَّهِ مَكْرُهُمْ وَإِن كَانَ مَكْرُهُمْ لِتَزُولَ مِنْهُ ٱلْجِبَالُ,12,51,25,7,"ع,ق,ه",3,0,1,0,0,0,0,0,28,2.333333,0.54902
19,7,يَـٰزَكَرِيَّآ إِنَّا نُبَشِّرُكَ بِغُلَـٰمٍ ٱسْمُهُۥ يَحْيَىٰ لَمْ نَجْعَل لَّهُۥ مِن قَبْلُ سَمِيًّا,12,43,27,6,"ح,ع,غ,ق,ه",0,0,0,0,1,0,1,0,28,2.333333,0.651163
21,35,كُلُّ نَفْسٍ ذَآئِقَةُ ٱلْمَوْتِ ۗ وَنَبْلُوكُم بِٱلشَّرِّ وَٱلْخَيْرِ فِتْنَةً ۖ وَإِلَيْنَا تُرْجَعُونَ,12,49,23,4,"خ,ذ,ع,ق",3,0,1,0,2,0,1,1,28,2.333333,0.571429
26,166,وَتَذَرُونَ مَا خَلَقَ لَكُمْ رَبُّكُم مِّنْ أَزْوَٰجِكُم ۚ بَلْ أَنتُمْ قَوْمٌ عَادُونَ,12,40,24,5,"خ,ذ,ع,ق",3,0,1,0,1,0,0,1,28,2.333333,0.7
39,58,أَوْ تَقُولَ حِينَ تَرَى ٱلْعَذَابَ لَوْ أَنَّ لِى كَرَّةً فَأَكُونَ مِنَ ٱلْمُحْسِنِينَ,12,42,25,5,"ح,ذ,ع,ق",2,1,0,0,1,0,0,1,28,2.333333,0.666667
26,8,إِنَّ فِى ذَٰلِكَ لَـَٔايَةً ۖ وَمَا كَانَ أَكْثَرُهُم مُّؤْمِنِينَ,9,29,12,3,"ث,ذ,ه",9,0,3,0,0,0,0,0,21,2.333333,0.724138
26,186,وَمَآ أَنتَ إِلَّا بَشَرٌ مِّثْلُنَا وَإِن نَّظُنُّكَ لَمِنَ ٱلْكَـٰذِبِينَ,9,34,13,3,"ث,ذ,ظ",6,0,2,0,2,0,1,1,21,2.333333,0.617647
28,33,قَالَ رَبِّ إِنِّى قَتَلْتُ مِنْهُمْ نَفْسًا فَأَخَافُ أَن يَقْتُلُونِ,9,33,20,5,"خ,ق,ه",0,0,0,0,1,0,0,1,21,2.333333,0.636364
30,13,وَلَمْ يَكُن لَّهُم مِّن شُرَكَآئِهِمْ شُفَعَـٰٓؤُا۟ وَكَانُوا۟ بِشُرَكَآئِهِمْ كَـٰفِرِينَ,9,42,21,4,"ع,ه",0,0,0,0,0,0,0,0,21,2.333333,0.5
34,25,قُل لَّا تُسْـَٔلُونَ عَمَّآ أَجْرَمْنَا وَلَا نُسْـَٔلُ عَمَّا تَعْمَلُونَ,9,33,21,4,"ع,ق",0,0,0,0,0,0,0,0,21,2.333333,0.636364
36,35,لِيَأْكُلُوا۟ مِن ثَمَرِهِۦ وَمَا عَمِلَتْهُ أَيْدِيهِمْ ۖ أَفَلَا يَشْكُرُونَ,9,37,18,5,"ث,ع,ه",3,0,1,0,0,0,0,0,21,2.333333,0.567568
53,27,إِنَّ ٱلَّذِينَ لَا يُؤْمِنُونَ بِٱلْـَٔاخِرَةِ لَيُسَمُّونَ ٱلْمَلَـٰٓئِكَةَ تَسْمِيَةَ ٱلْأُنثَىٰ,9,46,14,3,"ث,خ,ذ",6,0,2,0,1,0,1,0,21,2.333333,0.456522
2,152,فَٱذْكُرُونِىٓ أَذْكُرْكُمْ وَٱشْكُرُوا۟ لِى وَلَا تَكْفُرُونِ,6,32,14,2,ذ,0,0,0,0,0,0,0,0,14,2.333333,0.4375
12,74,قَالُوا۟ فَمَا جَزَٰٓؤُهُۥٓ إِن كُنتُمْ كَـٰذِبِينَ,6,23,13,3,"ذ,ق,ه",0,0,0,0,1,0,1,0,14,2.333333,0.608696
15,59,إِلَّآ ءَالَ لُوطٍ إِنَّا لَمُنَجُّوهُمْ أَجْمَعِينَ,6,25,14,4,"ء,ط,ع,ه",0,0,0,0,0,0,0,0,14,2.333333,0.56
26,77,فَإِنَّهُمْ عَدُوٌّ لِّىٓ إِلَّا رَبَّ ٱلْعَـٰلَمِينَ,6,22,13,3,"ع,ه",0,0,0,0,1,0,0,1,14,2.333333,0.636364
26,221,هَلْ أُنَبِّئُكُمْ عَلَىٰ مَن تَنَزَّلُ ٱلشَّيَـٰطِينُ,6,24,13,3,"ط,ع,ه",0,0,0,0,1,0,1,0,14,2.333333,0.583333
38,19,وَٱلطَّيْرَ مَحْشُورَةً ۖ كُلٌّ لَّهُۥٓ أَوَّابٌ,6,20,12,3,"ح,ط,ه",0,0,0,0,2,1,0,1,14,2.333333,0.7
38,78,وَإِنَّ عَلَيْكَ لَعْنَتِىٓ إِلَىٰ يَوْمِ ٱلدِّينِ,6,23,11,2,ع,3,0,1,0,0,0,0,0,14,2.333333,0.608696
39,66,بَلِ ٱللَّهَ فَٱعْبُدْ وَكُن مِّنَ ٱلشَّـٰكِرِينَ,6,23,11,2,"ع,ه",3,0,1,0,0,0,0,0,14,2.333333,0.608696
40,81,وَيُرِيكُمْ ءَايَـٰتِهِۦ فَأَىَّ ءَايَـٰتِ ٱللَّهِ تُنكِرُونَ,6,28,11,4,"ء,ه",3,0,1,0,0,0,0,0,14,2.333333,0.5
56,72,ءَأَنتُمْ أَنشَأْتُمْ شَجَرَتَهَآ أَمْ نَحْنُ ٱلْمُنشِـُٔونَ,6,29,13,3,"ء,ح,ه",0,0,0,0,1,0,1,0,14,2.333333,0.482759
56,92,وَأَمَّآ إِن كَانَ مِنَ ٱلْمُكَذِّبِينَ ٱلضَّآلِّينَ,6,26,11,2,"ذ,ض",0,0,0,0,3,2,1,0,14,2.333333,0.538462
68,29,قَالُوا۟ سُبْحَـٰنَ رَبِّنَآ إِنَّا كُنَّا ظَـٰلِمِينَ,6,24,14,3,"ح,ظ,ق",0,0,0,0,0,0,0,0,14,2.333333,0.583333
87,13,ثُمَّ لَا يَمُوتُ فِيهَا وَلَا يَحْيَىٰ,6,19,11,3,"ث,ح,ه",3,0,1,0,0,0,0,0,14,2.333333,0.736842
89,6,أَلَمْ تَرَ كَيْفَ فَعَلَ رَبُّكَ بِعَادٍ,6,18,14,2,ع,0,0,0,0,0,0,0,0,14,2.333333,0.777778
89,8,ٱلَّتِى لَمْ يُخْلَقْ مِثْلُهَا فِى ٱلْبِلَـٰدِ,6,22,14,4,"ث,خ,ق,ه",0,0,0,0,0,0,0,0,14,2.333333,0.636364
89,21,كَلَّآ إِذَا دُكَّتِ ٱلْأَرْضُ دَكًّا دَكًّا,6,20,13,2,"ذ,ض",0,0,0,0,1,0,0,1,14,2.333333,0.7
2,131,إِذْ قَالَ لَهُۥ رَبُّهُۥٓ أَسْلِمْ ۖ قَالَ أَسْلَمْتُ لِرَبِّ ٱلْعَـٰلَمِينَ,10,32,20,6,"ذ,ع,ق,ه",3,0,1,0,0,0,0,0,23,2.3,0.71875
6,13,وَلَهُۥ مَا سَكَنَ فِى ٱلَّيْلِ وَٱلنَّهَارِ ۚ وَهُوَ ٱلسَّمِيعُ ٱلْعَلِيمُ,10,36,20,5,"ع,ه",3,0,1,0,0,0,0,0,23,2.3,0.638889
6,64,قُلِ ٱللَّهُ يُنَجِّيكُم مِّنْهَا وَمِن كُلِّ كَرْبٍ ثُمَّ أَنتُمْ تُشْرِكُونَ,10,36,16,4,"ث,ق,ه",6,0,2,0,1,0,0,1,23,2.3,0.638889
11,90,وَٱسْتَغْفِرُوا۟ رَبَّكُمْ ثُمَّ تُوبُوٓا۟ إِلَيْهِ ۚ إِنَّ رَبِّى رَحِيمٌ وَدُودٌ,10,37,16,4,"ث,ح,غ,ه",6,0,2,0,1,0,0,1,23,2.3,0.621622
21,99,لَوْ كَانَ هَـٰٓؤُلَآءِ ءَالِهَةً مَّا وَرَدُوهَا ۖ وَكُلٌّ فِيهَا خَـٰلِدُونَ,10,35,20,7,"ء,خ,ه",0,0,0,0,3,0,1,2,23,2.3,0.657143
23,68,أَفَلَمْ يَدَّبَّرُوا۟ ٱلْقَوْلَ أَمْ جَآءَهُم مَّا لَمْ يَأْتِ ءَابَآءَهُمُ ٱلْأَوَّلِينَ,10,43,15,6,"ء,ق,ه",6,0,2,0,2,0,2,0,23,2.3,0.534884
39,59,بَلَىٰ قَدْ جَآءَتْكَ ءَايَـٰتِى فَكَذَّبْتَ بِهَا وَٱسْتَكْبَرْتَ وَكُنتَ مِنَ ٱلْكَـٰفِرِينَ,10,44,21,5,"ء,ذ,ق,ه",0,0,0,0,2,1,1,0,23,2.3,0.522727
52,28,إِنَّا كُنَّا مِن قَبْلُ نَدْعُوهُ ۖ إِنَّهُۥ هُوَ ٱلْبَرُّ ٱلرَّحِيمُ,10,31,20,6,"ح,ع,ق,ه",3,0,1,0,0,0,0,0,23,2.3,0.741935
71,27,إِنَّكَ إِن تَذَرْهُمْ يُضِلُّوا۟ عِبَادَكَ وَلَا يَلِدُوٓا۟ إِلَّا فَاجِرًا كَفَّارًا,10,41,22,4,"ذ,ض,ع,ه",0,0,0,0,1,0,0,1,23,2.3,0.560976
3,196,لَا يَغُرَّنَّكَ تَقَلُّبُ ٱلَّذِينَ كَفَرُوا۟ فِى ٱلْبِلَـٰدِ,7,28,13,3,"ذ,غ,ق",3,0,1,0,0,0,0,0,16,2.285714,0.571429
7,68,أُبَلِّغُكُمْ رِسَـٰلَـٰتِ رَبِّى وَأَنَا۠ لَكُمْ نَاصِحٌ أَمِينٌ,7,28,14,3,"ح,ص,غ",2,1,0,0,0,0,0,0,16,2.285714,0.571429
15,1,الٓر ۚ تِلْكَ ءَايَـٰتُ ٱلْكِتَـٰبِ وَقُرْءَانٍ مُّبِينٍ,7,25,9,3,"ء,ق",6,0,2,0,1,0,0,1,16,2.285714,0.64
15,5,مَّا تَسْبِقُ مِنْ أُمَّةٍ أَجَلَهَا وَمَا يَسْتَـْٔخِرُونَ,7,26,13,3,"خ,ق,ه",3,0,1,0,0,0,0,0,16,2.285714,0.615385
15,53,قَالُوا۟ لَا تَوْجَلْ إِنَّا نُبَشِّرُكَ بِغُلَـٰمٍ عَلِيمٍ,7,27,14,3,"ع,غ,ق",0,0,0,0,2,0,1,1,16,2.285714,0.592593
21,57,وَتَٱللَّهِ لَأَكِيدَنَّ أَصْنَـٰمَكُم بَعْدَ أَن تُوَلُّوا۟ مُدْبِرِينَ,7,34,12,3,"ص,ع,ه",3,0,1,0,1,0,1,0,16,2.285714,0.470588
36,21,ٱتَّبِعُوا۟ مَن لَّا يَسْـَٔلُكُمْ أَجْرًا وَهُم مُّهْتَدُونَ,7,28,12,3,"ع,ه",3,0,1,0,1,0,0,1,16,2.285714,0.571429
43,4,وَإِنَّهُۥ فِىٓ أُمِّ ٱلْكِتَـٰبِ لَدَيْنَا لَعَلِىٌّ حَكِيمٌ,7,26,15,3,"ح,ع,ه",0,0,0,0,1,0,0,1,16,2.285714,0.615385
11,105,يَوْمَ يَأْتِ لَا تَكَلَّمُ نَفْسٌ إِلَّا بِإِذْنِهِۦ ۚ فَمِنْهُمْ شَقِىٌّ وَسَعِيدٌ,11,36,21,5,"ذ,ع,ق,ه",3,0,1,0,1,0,0,1,25,2.272727,0.694444
19,51,وَٱذْكُرْ فِى ٱلْكِتَـٰبِ مُوسَىٰٓ ۚ إِنَّهُۥ كَانَ مُخْلَصًا وَكَانَ رَسُولًا نَّبِيًّا,11,40,20,4,"خ,ذ,ص,ه",3,0,1,0,2,0,0,2,25,2.272727,0.625
28,22,وَلَمَّا تَوَجَّهَ تِلْقَآءَ مَدْيَنَ قَالَ عَسَىٰ رَبِّىٓ أَن يَهْدِيَنِى سَوَآءَ ٱلسَّبِيلِ,11,44,23,7,"ء,ع,ق,ه",0,0,0,0,2,0,2,0,25,2.272727,0.568182
28,26,قَالَتْ إِحْدَىٰهُمَا يَـٰٓأَبَتِ ٱسْتَـْٔجِرْهُ ۖ إِنَّ خَيْرَ مَنِ ٱسْتَـْٔجَرْتَ ٱلْقَوِىُّ ٱلْأَمِينُ,11,45,24,6,"ح,خ,ق,ه",0,0,0,0,1,0,1,0,25,2.272727,0.555556
16,105,إِنَّمَا يَفْتَرِى ٱلْكَذِبَ ٱلَّذِينَ لَا يُؤْمِنُونَ بِـَٔايَـٰتِ ٱللَّهِ ۖ وَأُو۟لَـٰٓئِكَ هُمُ ٱلْكَـٰذِبُونَ,12,50,17,5,"ذ,ه",9,0,3,0,1,0,1,0,27,2.25,0.54
19,47,قَالَ سَلَـٰمٌ عَلَيْكَ ۖ سَأَسْتَغْفِرُ لَكَ رَبِّىٓ ۖ إِنَّهُۥ كَانَ بِى حَفِيًّا,12,34,26,5,"ح,ع,غ,ق,ه",0,0,0,0,1,0,0,1,27,2.25,0.794118
6,134,إِنَّ مَا تُوعَدُونَ لَـَٔاتٍ ۖ وَمَآ أَنتُم بِمُعْجِزِينَ,8,27,12,2,ع,6,0,2,0,0,0,0,0,18,2.25,0.666667
7,76,قَالَ ٱلَّذِينَ ٱسْتَكْبَرُوٓا۟ إِنَّا بِٱلَّذِىٓ ءَامَنتُم بِهِۦ كَـٰفِرُونَ,8,37,17,5,"ء,ذ,ق,ه",0,0,0,0,1,0,1,0,18,2.25,0.486486
7,110,يُرِيدُ أَن يُخْرِجَكُم مِّنْ أَرْضِكُمْ ۖ فَمَاذَا تَأْمُرُونَ,8,30,18,3,"خ,ذ,ض",0,0,0,0,0,0,0,0,18,2.25,0.6
11,55,مِن دُونِهِۦ ۖ فَكِيدُونِى جَمِيعًا ثُمَّ لَا تُنظِرُونِ,8,28,17,4,"ث,ظ,ع,ه",0,0,0,0,1,0,0,1,18,2.25,0.642857
20,42,ٱذْهَبْ أَنتَ وَأَخُوكَ بِـَٔايَـٰتِى وَلَا تَنِيَا فِى ذِكْرِى,8,30,16,4,"خ,ذ,ه",2,1,0,0,0,0,0,0,18,2.25,0.6
26,116,قَالُوا۟ لَئِن لَّمْ تَنتَهِ يَـٰنُوحُ لَتَكُونَنَّ مِنَ ٱلْمَرْجُومِينَ,8,35,12,3,"ح,ق,ه",6,0,2,0,0,0,0,0,18,2.25,0.514286
26,167,قَالُوا۟ لَئِن لَّمْ تَنتَهِ يَـٰلُوطُ لَتَكُونَنَّ مِنَ ٱلْمُخْرَجِينَ,8,34,15,4,"خ,ط,ق,ه",3,0,1,0,0,0,0,0,18,2.25,0.529412
10,63,ٱلَّذِينَ ءَامَنُوا۟ وَكَانُوا۟ يَتَّقُونَ,4,22,9,3,"ء,ذ,ق",0,0,0,0,0,0,0,0,9,2.25,0.409091
15,37,قَالَ فَإِنَّكَ مِنَ ٱلْمُنظَرِينَ,4,17,9,2,"ظ,ق",0,0,0,0,0,0,0,0,9,2.25,0.529412
20,17,وَمَا تِلْكَ بِيَمِينِكَ يَـٰمُوسَىٰ,4,17,3,0,,6,0,2,0,0,0,0,0,9,2.25,0.529412
20,49,قَالَ فَمَن رَّبُّكُمَا يَـٰمُوسَىٰ,4,16,6,1,ق,3,0,1,0,0,0,0,0,9,2.25,0.5625
23,67,مُسْتَكْبِرِينَ بِهِۦ سَـٰمِرًا تَهْجُرُونَ,4,20,8,2,ه,0,0,0,0,1,0,0,1,9,2.25,0.45
37,24,وَقِفُوهُمْ ۖ إِنَّهُم مَّسْـُٔولُونَ,4,16,9,3,"ق,ه",0,0,0,0,0,0,0,0,9,2.25,0.5625
37,32,فَأَغْوَيْنَـٰكُمْ إِنَّا كُنَّا غَـٰوِينَ,4,18,9,2,غ,0,0,0,0,0,0,0,0,9,2.25,0.5
37,92,مَا لَكُمْ لَا تَنطِقُونَ,4,13,7,2,"ط,ق",2,1,0,0,0,0,0,0,9,2.25,0.692308
37,156,أَمْ لَكُمْ سُلْطَـٰنٌ مُّبِينٌ,4,13,5,1,ط,3,0,1,0,1,0,0,1,9,2.25,0.692308
37,173,وَإِنَّ جُندَنَا لَهُمُ ٱلْغَـٰلِبُونَ,4,18,6,2,"غ,ه",3,0,1,0,0,0,0,0,9,2.25,0.5
50,1,قٓ ۚ وَٱلْقُرْءَانِ ٱلْمَجِيدِ,4,15,9,3,"ء,ق",0,0,0,0,0,0,0,0,9,2.25,0.6
53,44,وَأَنَّهُۥ هُوَ أَمَاتَ وَأَحْيَا,4,15,9,3,"ح,ه",0,0,0,0,0,0,0,0,9,2.25,0.6
71,20,لِّتَسْلُكُوا۟ مِنْهَا سُبُلًا فِجَاجًا,4,20,8,1,ه,0,0,0,0,1,0,0,1,9,2.25,0.45
74,46,وَكُنَّا نُكَذِّبُ بِيَوْمِ ٱلدِّينِ,4,17,5,1,ذ,3,0,1,0,1,1,0,0,9,2.25,0.529412
79,39,فَإِنَّ ٱلْجَحِيمَ هِىَ ٱلْمَأْوَىٰ,4,17,9,2,"ح,ه",0,0,0,0,0,0,0,0,9,2.25,0.529412
79,43,فِيمَ أَنتَ مِن ذِكْرَىٰهَآ,4,14,7,2,"ذ,ه",0,0,0,0,2,0,2,0,9,2.25,0.642857
82,9,كَلَّا بَلْ تُكَذِّبُونَ بِٱلدِّينِ,4,17,5,1,ذ,3,0,1,0,1,1,0,0,9,2.25,0.529412
82,14,وَإِنَّ ٱلْفُجَّارَ لَفِى جَحِيمٍ,4,16,9,1,ح,0,0,0,0,0,0,0,0,9,2.25,0.5625
83,19,وَمَآ أَدْرَىٰكَ مَا عِلِّيُّونَ,4,15,6,1,ع,3,0,1,0,0,0,0,0,9,2.25,0.6
83,30,وَإِذَا مَرُّوا۟ بِهِمْ يَتَغَامَزُونَ,4,19,9,3,"ذ,غ,ه",0,0,0,0,0,0,0,0,9,2.25,0.473684
85,13,إِنَّهُۥ هُوَ يُبْدِئُ وَيُعِيدُ,4,14,9,3,"ع,ه",0,0,0,0,0,0,0,0,9,2.25,0.642857
85,21,بَلْ هُوَ قُرْءَانٌ مَّجِيدٌ,4,13,8,3,"ء,ق,ه",0,0,0,0,1,0,0,1,9,2.25,0.692308
88,21,فَذَكِّرْ إِنَّمَآ أَنتَ مُذَكِّرٌ,4,15,9,2,ذ,0,0,0,0,0,0,0,0,9,2.25,0.6
92,8,وَأَمَّا مَنۢ بَخِلَ وَٱسْتَغْنَىٰ,4,16,9,2,"خ,غ",0,0,0,0,0,0,0,0,9,2.25,0.5625
99,5,بِأَنَّ رَبَّكَ أَوْحَىٰ لَهَا,4,13,8,2,"ح,ه",0,0,0,0,1,0,1,0,9,2.25,0.692308
113,2,مِن شَرِّ مَا خَلَقَ,4,9,9,2,"خ,ق",0,0,0,0,0,0,0,0,9,2.25,1.0
114,4,مِن شَرِّ ٱلْوَسْوَاسِ ٱلْخَنَّاسِ,4,17,9,1,خ,0,0,0,0,0,0,0,0,9,2.25,0.529412
2,5,أُو۟لَـٰٓئِكَ عَلَىٰ هُدًى مِّن رَّبِّهِمْ ۖ وَأُو۟لَـٰٓئِكَ هُمُ ٱلْمُفْلِحُونَ,9,33,19,5,"ح,ع,ه",0,0,0,0,1,0,0,1,20,2.222222,0.606061
3,139,وَلَا تَهِنُوا۟ وَلَا تَحْزَنُوا۟ وَأَنتُمُ ٱلْأَعْلَوْنَ إِن كُنتُم مُّؤْمِنِينَ,9,41,14,3,"ح,ع,ه",6,0,2,0,0,0,0,0,20,2.222222,0.487805
19,83,أَلَمْ تَرَ أَنَّآ أَرْسَلْنَا ٱلشَّيَـٰطِينَ عَلَى ٱلْكَـٰفِرِينَ تَؤُزُّهُمْ أَزًّا,9,39,16,3,"ط,ع,ه",3,0,1,0,1,0,1,0,20,2.222222,0.512821
30,26,وَلَهُۥ مَن فِى ٱلسَّمَـٰوَٰتِ وَٱلْأَرْضِ ۖ كُلٌّ لَّهُۥ قَـٰنِتُونَ,9,28,16,4,"ض,ق,ه",3,0,1,0,1,0,0,1,20,2.222222,0.714286
30,31,مُنِيبِينَ إِلَيْهِ وَٱتَّقُوهُ وَأَقِيمُوا۟ ٱلصَّلَوٰةَ وَلَا تَكُونُوا۟ مِنَ ٱلْمُشْرِكِينَ,9,48,16,5,"ص,ق,ه",3,0,1,0,1,1,0,0,20,2.222222,0.416667
34,17,ذَٰلِكَ جَزَيْنَـٰهُم بِمَا كَفَرُوا۟ ۖ وَهَلْ نُجَـٰزِىٓ إِلَّا ٱلْكَفُورَ,9,33,16,3,"ذ,ه",3,0,1,0,1,0,1,0,20,2.222222,0.606061
8,55,إِنَّ شَرَّ ٱلدَّوَآبِّ عِندَ ٱللَّهِ ٱلَّذِينَ كَفَرُوا۟ فَهُمْ لَا يُؤْمِنُونَ,10,38,16,4,"ذ,ع,ه",6,0,2,0,0,0,0,0,22,2.2,0.578947
16,24,وَإِذَا قِيلَ لَهُم مَّاذَآ أَنزَلَ رَبُّكُمْ ۙ قَالُوٓا۟ أَسَـٰطِيرُ ٱلْأَوَّلِينَ,10,39,20,6,"ذ,ط,ق,ه",0,0,0,0,2,0,2,0,22,2.2,0.564103
17,65,إِنَّ عِبَادِى لَيْسَ لَكَ عَلَيْهِمْ سُلْطَـٰنٌ ۚ وَكَفَىٰ بِرَبِّكَ وَكِيلًا,10,34,22,4,"ط,ع,ه",0,0,0,0,0,0,0,0,22,2.2,0.647059
19,16,وَٱذْكُرْ فِى ٱلْكِتَـٰبِ مَرْيَمَ إِذِ ٱنتَبَذَتْ مِنْ أَهْلِهَا مَكَانًا شَرْقِيًّا,10,41,21,6,"ذ,ق,ه",0,0,0,0,1,0,0,1,22,2.2,0.536585
15,45,إِنَّ ٱلْمُتَّقِينَ فِى جَنَّـٰتٍ وَعُيُونٍ,5,19,10,2,"ع,ق",0,0,0,0,1,0,0,1,11,2.2,0.578947
15,61,فَلَمَّا جَآءَ ءَالَ لُوطٍ ٱلْمُرْسَلُونَ,5,21,10,3,"ء,ط",0,0,0,0,1,0,1,0,11,2.2,0.52381
21,14,قَالُوا۟ يَـٰوَيْلَنَآ إِنَّا كُنَّا ظَـٰلِمِينَ,5,22,8,2,"ظ,ق",3,0,1,0,0,0,0,0,11,2.2,0.5
26,169,رَبِّ نَجِّنِى وَأَهْلِى مِمَّا يَعْمَلُونَ,5,20,8,2,"ع,ه",3,0,1,0,0,0,0,0,11,2.2,0.55
26,226,وَأَنَّهُمْ يَقُولُونَ مَا لَا يَفْعَلُونَ,5,21,11,3,"ع,ق,ه",0,0,0,0,0,0,0,0,11,2.2,0.52381
27,31,أَلَّا تَعْلُوا۟ عَلَىَّ وَأْتُونِى مُسْلِمِينَ,5,23,11,2,ع,0,0,0,0,0,0,0,0,11,2.2,0.478261
37,100,رَبِّ هَبْ لِى مِنَ ٱلصَّـٰلِحِينَ,5,15,10,3,"ح,ص,ه",0,0,0,0,1,1,0,0,11,2.2,0.733333
37,149,فَٱسْتَفْتِهِمْ أَلِرَبِّكَ ٱلْبَنَاتُ وَلَهُمُ ٱلْبَنُونَ,5,29,8,2,ه,3,0,1,0,0,0,0,0,11,2.2,0.37931
43,79,أَمْ أَبْرَمُوٓا۟ أَمْرًا فَإِنَّا مُبْرِمُونَ,5,22,1,0,,9,0,3,0,1,0,0,1,11,2.2,0.5
52,17,إِنَّ ٱلْمُتَّقِينَ فِى جَنَّـٰتٍ وَنَعِيمٍ,5,19,10,2,"ع,ق",0,0,0,0,1,0,0,1,11,2.2,0.578947
55,52,فِيهِمَا مِن كُلِّ فَـٰكِهَةٍ زَوْجَانِ,5,18,10,2,ه,0,0,0,0,1,0,0,1,11,2.2,0.611111
56,45,إِنَّهُمْ كَانُوا۟ قَبْلَ ذَٰلِكَ مُتْرَفِينَ,5,21,11,3,"ذ,ق,ه",0,0,0,0,0,0,0,0,11,2.2,0.52381
74,38,كُلُّ نَفْسٍۭ بِمَا كَسَبَتْ رَهِينَةٌ,5,17,7,1,ه,3,0,1,0,1,0,0,1,11,2.2,0.647059
75,10,يَقُولُ ٱلْإِنسَـٰنُ يَوْمَئِذٍ أَيْنَ ٱلْمَفَرُّ,5,23,8,2,"ذ,ق",3,0,1,0,0,0,0,0,11,2.2,0.478261
76,25,وَٱذْكُرِ ٱسْمَ رَبِّكَ بُكْرَةً وَأَصِيلًا,5,21,10,2,"ذ,ص",0,0,0,0,1,0,0,1,11,2.2,0.52381
77,14,وَمَآ أَدْرَىٰكَ مَا يَوْمُ ٱلْفَصْلِ,5,18,5,1,ص,6,0,2,0,0,0,0,0,11,2.2,0.611111
78,17,إِنَّ يَوْمَ ٱلْفَصْلِ كَانَ مِيقَـٰتًا,5,18,8,2,"ص,ق",3,0,1,0,0,0,0,0,11,2.2,0.611111
96,5,عَلَّمَ ٱلْإِنسَـٰنَ مَا لَمْ يَعْلَمْ,5,17,11,2,ع,0,0,0,0,0,0,0,0,11,2.2,0.647059
97,1,إِنَّآ أَنزَلْنَـٰهُ فِى لَيْلَةِ ٱلْقَدْرِ,5,20,7,2,"ق,ه",3,0,1,0,1,0,1,0,11,2.2,0.55
111,5,فِى جِيدِهَا حَبْلٌ مِّن مَّسَدٍۭ,5,15,10,2,"ح,ه",0,0,0,0,1,0,0,1,11,2.2,0.733333
2,44,أَتَأْمُرُونَ ٱلنَّاسَ بِٱلْبِرِّ وَتَنسَوْنَ أَنفُسَكُمْ وَأَنتُمْ تَتْلُونَ ٱلْكِتَـٰبَ ۚ أَفَلَا تَعْقِلُونَ,11,54,15,2,"ع,ق",9,0,3,0,0,0,0,0,24,2.181818,0.444444
2,99,وَلَقَدْ أَنزَلْنَآ إِلَيْكَ ءَايَـٰتٍۭ بَيِّنَـٰتٍ ۖ وَمَا يَكْفُرُ بِهَآ إِلَّا ٱلْفَـٰسِقُونَ,11,42,16,4,"ء,ق,ه",6,0,2,0,2,0,1,1,24,2.181818,0.571429
16,120,إِنَّ إِبْرَٰهِيمَ كَانَ أُمَّةً قَانِتًا لِّلَّهِ حَنِيفًا وَلَمْ يَكُ مِنَ ٱلْمُشْرِكِينَ,11,42,17,4,"ح,ق,ه",3,0,1,0,4,0,1,3,24,2.181818,0.571429
19,28,يَـٰٓأُخْتَ هَـٰرُونَ مَا كَانَ أَبُوكِ ٱمْرَأَ سَوْءٍ وَمَا كَانَتْ أُمُّكِ بَغِيًّا,11,38,17,4,"ء,خ,غ,ه",6,0,2,0,1,0,0,1,24,2.181818,0.631579
25,67,وَٱلَّذِينَ إِذَآ أَنفَقُوا۟ لَمْ يُسْرِفُوا۟ وَلَمْ يَقْتُرُوا۟ وَكَانَ بَيْنَ ذَٰلِكَ قَوَامًا,11,47,23,6,"ذ,ق",0,0,0,0,1,0,1,0,24,2.181818,0.510638
32,11,قُلْ يَتَوَفَّىٰكُم مَّلَكُ ٱلْمَوْتِ ٱلَّذِى وُكِّلَ بِكُمْ ثُمَّ إِلَىٰ رَبِّكُمْ تُرْجَعُونَ,11,42,21,4,"ث,ذ,ع,ق",3,0,1,0,0,0,0,0,24,2.181818,0.571429
32,24,وَجَعَلْنَا مِنْهُمْ أَئِمَّةً يَهْدُونَ بِأَمْرِنَا لَمَّا صَبَرُوا۟ ۖ وَكَانُوا۟ بِـَٔايَـٰتِنَا يُوقِنُونَ,11,51,17,5,"ص,ع,ق,ه",6,0,2,0,1,0,0,1,24,2.181818,0.470588
43,52,أَمْ أَنَا۠ خَيْرٌ مِّنْ هَـٰذَا ٱلَّذِى هُوَ مَهِينٌ وَلَا يَكَادُ يُبِينُ,11,34,18,6,"خ,ذ,ه",2,1,0,0,4,0,1,3,24,2.181818,0.705882
47,11,ذَٰلِكَ بِأَنَّ ٱللَّهَ مَوْلَى ٱلَّذِينَ ءَامَنُوا۟ وَأَنَّ ٱلْكَـٰفِرِينَ لَا مَوْلَىٰ لَهُمْ,11,44,15,5,"ء,ذ,ه",9,0,3,0,0,0,0,0,24,2.181818,0.545455
72,14,وَأَنَّا مِنَّا ٱلْمُسْلِمُونَ وَمِنَّا ٱلْقَـٰسِطُونَ ۖ فَمَنْ أَسْلَمَ فَأُو۟لَـٰٓئِكَ تَحَرَّوْا۟ رَشَدًا,11,48,18,3,"ح,ط,ق",6,0,2,0,0,0,0,0,24,2.181818,0.5
27,55,أَئِنَّكُمْ لَتَأْتُونَ ٱلرِّجَالَ شَهْوَةً مِّن دُونِ ٱلنِّسَآءِ ۚ بَلْ أَنتُمْ قَوْمٌ تَجْهَلُونَ,12,47,14,4,"ء,ق,ه",9,0,3,0,3,0,1,2,26,2.166667,0.553191
66,7,يَـٰٓأَيُّهَا ٱلَّذِينَ كَفَرُوا۟ لَا تَعْتَذِرُوا۟ ٱلْيَوْمَ ۖ إِنَّمَا تُجْزَوْنَ مَا كُنتُمْ تَعْمَلُونَ,12,50,23,5,"ذ,ع,ه",3,0,1,0,0,0,0,0,26,2.166667,0.52
6,55,وَكَذَٰلِكَ نُفَصِّلُ ٱلْـَٔايَـٰتِ وَلِتَسْتَبِينَ سَبِيلُ ٱلْمُجْرِمِينَ,6,34,12,2,"ذ,ص",0,0,0,0,1,1,0,0,13,2.166667,0.382353
10,1,الٓر ۚ تِلْكَ ءَايَـٰتُ ٱلْكِتَـٰبِ ٱلْحَكِيمِ,6,21,10,2,"ء,ح",3,0,1,0,0,0,0,0,13,2.166667,0.619048
37,28,قَالُوٓا۟ إِنَّكُمْ كُنتُمْ تَأْتُونَنَا عَنِ ٱلْيَمِينِ,6,28,10,2,"ع,ق",3,0,1,0,0,0,0,0,13,2.166667,0.464286
50,43,إِنَّا نَحْنُ نُحْىِۦ وَنُمِيتُ وَإِلَيْنَا ٱلْمَصِيرُ,6,26,13,3,"ح,ص",0,0,0,0,0,0,0,0,13,2.166667,0.5
51,17,كَانُوا۟ قَلِيلًا مِّنَ ٱلَّيْلِ مَا يَهْجَعُونَ,6,24,12,3,"ع,ق,ه",0,0,0,0,1,0,0,1,13,2.166667,0.541667
73,4,أَوْ زِدْ عَلَيْهِ وَرَتِّلِ ٱلْقُرْءَانَ تَرْتِيلًا,6,25,13,4,"ء,ع,ق,ه",0,0,0,0,0,0,0,0,13,2.166667,0.52
77,31,لَّا ظَلِيلٍ وَلَا يُغْنِى مِنَ ٱللَّهَبِ,6,20,9,3,"ظ,غ,ه",3,0,1,0,1,0,0,1,13,2.166667,0.65
97,3,لَيْلَةُ ٱلْقَدْرِ خَيْرٌ مِّنْ أَلْفِ شَهْرٍ,6,20,12,3,"خ,ق,ه",0,0,0,0,1,0,0,1,13,2.166667,0.65
7,83,فَأَنجَيْنَـٰهُ وَأَهْلَهُۥٓ إِلَّا ٱمْرَأَتَهُۥ كَانَتْ مِنَ ٱلْغَـٰبِرِينَ,7,34,14,5,"غ,ه",0,0,0,0,1,0,1,0,15,2.142857,0.441176
19,52,وَنَـٰدَيْنَـٰهُ مِن جَانِبِ ٱلطُّورِ ٱلْأَيْمَنِ وَقَرَّبْنَـٰهُ نَجِيًّا,7,33,12,4,"ط,ق,ه",0,0,0,0,3,1,2,0,15,2.142857,0.454545
20,118,إِنَّ لَكَ أَلَّا تَجُوعَ فِيهَا وَلَا تَعْرَىٰ,7,22,15,3,"ع,ه",0,0,0,0,0,0,0,0,15,2.142857,0.681818
23,69,أَمْ لَمْ يَعْرِفُوا۟ رَسُولَهُمْ فَهُمْ لَهُۥ مُنكِرُونَ,7,27,15,4,"ع,ه",0,0,0,0,0,0,0,0,15,2.142857,0.555556
26,43,قَالَ لَهُم مُّوسَىٰٓ أَلْقُوا۟ مَآ أَنتُم مُّلْقُونَ,7,26,12,4,"ق,ه",3,0,1,0,0,0,0,0,15,2.142857,0.576923
52,30,أَمْ يَقُولُونَ شَاعِرٌ نَّتَرَبَّصُ بِهِۦ رَيْبَ ٱلْمَنُونِ,7,28,14,4,"ص,ع,ق,ه",0,0,0,0,1,0,0,1,15,2.142857,0.535714
56,69,ءَأَنتُمْ أَنزَلْتُمُوهُ مِنَ ٱلْمُزْنِ أَمْ نَحْنُ ٱلْمُنزِلُونَ,7,33,12,3,"ء,ح,ه",3,0,1,0,0,0,0,0,15,2.142857,0.454545
56,85,وَنَحْنُ أَقْرَبُ إِلَيْهِ مِنكُمْ وَلَـٰكِن لَّا تُبْصِرُونَ,7,28,15,4,"ح,ص,ق,ه",0,0,0,0,0,0,0,0,15,2.142857,0.535714
70,40,فَلَآ أُقْسِمُ بِرَبِّ ٱلْمَشَـٰرِقِ وَٱلْمَغَـٰرِبِ إِنَّا لَقَـٰدِرُونَ,7,32,15,4,"غ,ق",0,0,0,0,0,0,0,0,15,2.142857,0.46875
22,49,قُلْ يَـٰٓأَيُّهَا ٱلنَّاسُ إِنَّمَآ أَنَا۠ لَكُمْ نَذِيرٌ مُّبِينٌ,8,30,10,3,"ذ,ق,ه",6,0,2,0,1,0,0,1,17,2.125,0.566667
44,31,مِن فِرْعَوْنَ ۚ إِنَّهُۥ كَانَ عَالِيًا مِّنَ ٱلْمُسْرِفِينَ,8,28,16,3,"ع,ه",0,0,0,0,1,0,0,1,17,2.125,0.607143
52,29,فَذَكِّرْ فَمَآ أَنتَ بِنِعْمَتِ رَبِّكَ بِكَاهِنٍ وَلَا مَجْنُونٍ,8,31,16,3,"ذ,ع,ه",0,0,0,0,1,0,0,1,17,2.125,0.548387
72,20,قُلْ إِنَّمَآ أَدْعُوا۟ رَبِّى وَلَآ أُشْرِكُ بِهِۦٓ أَحَدًا,8,27,17,4,"ح,ع,ق,ه",0,0,0,0,0,0,0,0,17,2.125,0.62963
73,6,إِنَّ نَاشِئَةَ ٱلَّيْلِ هِىَ أَشَدُّ وَطْـًٔا وَأَقْوَمُ قِيلًا,8,28,13,4,"ط,ق,ه",3,0,1,0,1,0,0,1,17,2.125,0.607143
17,74,وَلَوْلَآ أَن ثَبَّتْنَـٰكَ لَقَدْ كِدتَّ تَرْكَنُ إِلَيْهِمْ شَيْـًٔا قَلِيلًا,9,35,15,4,"ث,ق,ه",3,0,1,0,1,0,0,1,19,2.111111,0.542857
19,41,وَٱذْكُرْ فِى ٱلْكِتَـٰبِ إِبْرَٰهِيمَ ۚ إِنَّهُۥ كَانَ صِدِّيقًا نَّبِيًّا,9,33,17,5,"ذ,ص,ق,ه",0,0,0,0,2,0,1,1,19,2.111111,0.575758
20,116,وَإِذْ قُلْنَا لِلْمَلَـٰٓئِكَةِ ٱسْجُدُوا۟ لِـَٔادَمَ فَسَجَدُوٓا۟ إِلَّآ إِبْلِيسَ أَبَىٰ,9,41,13,2,"ذ,ق",6,0,2,0,0,0,0,0,19,2.111111,0.463415
97,4,تَنَزَّلُ ٱلْمَلَـٰٓئِكَةُ وَٱلرُّوحُ فِيهَا بِإِذْنِ رَبِّهِم مِّن كُلِّ أَمْرٍ,9,36,16,4,"ح,ذ,ه",3,0,1,0,0,0,0,0,19,2.111111,0.527778
7,196,إِنَّ وَلِـِّۧىَ ٱللَّهُ ٱلَّذِى نَزَّلَ ٱلْكِتَـٰبَ ۖ وَهُوَ يَتَوَلَّى ٱلصَّـٰلِحِينَ,10,36,17,5,"ح,ذ,ص,ه",3,0,1,0,1,1,0,0,21,2.1,0.583333
19,67,أَوَلَا يَذْكُرُ ٱلْإِنسَـٰنُ أَنَّا خَلَقْنَـٰهُ مِن قَبْلُ وَلَمْ يَكُ شَيْـًٔا,10,35,20,5,"خ,ذ,ق,ه",0,0,0,0,1,0,1,0,21,2.1,0.6
23,6,إِلَّا عَلَىٰٓ أَزْوَٰجِهِمْ أَوْ مَا مَلَكَتْ أَيْمَـٰنُهُمْ فَإِنَّهُمْ غَيْرُ مَلُومِينَ,10,40,18,5,"ع,غ,ه",3,0,1,0,0,0,0,0,21,2.1,0.525
26,18,قَالَ أَلَمْ نُرَبِّكَ فِينَا وَلِيدًا وَلَبِثْتَ فِينَا مِنْ عُمُرِكَ سِنِينَ,10,38,16,3,"ث,ع,ق",3,0,1,0,2,0,0,2,21,2.1,0.552632
30,49,وَإِن كَانُوا۟ مِن قَبْلِ أَن يُنَزَّلَ عَلَيْهِم مِّن قَبْلِهِۦ لَمُبْلِسِينَ,10,37,18,5,"ع,ق,ه",3,0,1,0,0,0,0,0,21,2.1,0.567568
37,35,إِنَّهُمْ كَانُوٓا۟ إِذَا قِيلَ لَهُمْ لَآ إِلَـٰهَ إِلَّا ٱللَّهُ يَسْتَكْبِرُونَ,10,38,17,6,"ذ,ق,ه",3,0,1,0,1,0,1,0,21,2.1,0.552632
55,54,مُتَّكِـِٔينَ عَلَىٰ فُرُشٍۭ بَطَآئِنُهَا مِنْ إِسْتَبْرَقٍ ۚ وَجَنَى ٱلْجَنَّتَيْنِ دَانٍ,10,40,19,4,"ط,ع,ق,ه",0,0,0,0,2,0,1,1,21,2.1,0.525
6,127,لَهُمْ دَارُ ٱلسَّلَـٰمِ عِندَ رَبِّهِمْ ۖ وَهُوَ وَلِيُّهُم بِمَا كَانُوا۟ يَعْمَلُونَ,11,40,20,6,"ع,ه",3,0,1,0,0,0,0,0,23,2.090909,0.575
8,9,إِذْ تَسْتَغِيثُونَ رَبَّكُمْ فَٱسْتَجَابَ لَكُمْ أَنِّى مُمِدُّكُم بِأَلْفٍ مِّنَ ٱلْمَلَـٰٓئِكَةِ مُرْدِفِينَ,11,51,19,3,"ث,ذ,غ",3,0,1,0,1,0,0,1,23,2.090909,0.45098
21,89,وَزَكَرِيَّآ إِذْ نَادَىٰ رَبَّهُۥ رَبِّ لَا تَذَرْنِى فَرْدًا وَأَنتَ خَيْرُ ٱلْوَٰرِثِينَ,11,42,19,5,"ث,خ,ذ,ه",3,0,1,0,1,0,0,1,23,2.090909,0.547619
55,29,يَسْـَٔلُهُۥ مَن فِى ٱلسَّمَـٰوَٰتِ وَٱلْأَرْضِ ۚ كُلَّ يَوْمٍ هُوَ فِى شَأْنٍ,11,32,16,3,"ض,ه",6,0,2,0,1,0,0,1,23,2.090909,0.71875
76,1,هَلْ أَتَىٰ عَلَى ٱلْإِنسَـٰنِ حِينٌ مِّنَ ٱلدَّهْرِ لَمْ يَكُن شَيْـًٔا مَّذْكُورًا,11,38,21,5,"ح,ذ,ع,ه",0,0,0,0,2,0,0,2,23,2.090909,0.605263
7,81,إِنَّكُمْ لَتَأْتُونَ ٱلرِّجَالَ شَهْوَةً مِّن دُونِ ٱلنِّسَآءِ ۚ بَلْ أَنتُمْ قَوْمٌ مُّسْرِفُونَ,12,46,13,3,"ء,ق,ه",9,0,3,0,3,0,1,2,25,2.083333,0.543478
14,7,وَإِذْ تَأَذَّنَ رَبُّكُمْ لَئِن شَكَرْتُمْ لَأَزِيدَنَّكُمْ ۖ وَلَئِن كَفَرْتُمْ إِنَّ عَذَابِى لَشَدِيدٌ,12,48,22,4,"ذ,ع",2,1,0,0,1,1,0,0,25,2.083333,0.520833
27,33,قَالُوا۟ نَحْنُ أُو۟لُوا۟ قُوَّةٍ وَأُو۟لُوا۟ بَأْسٍ شَدِيدٍ وَٱلْأَمْرُ إِلَيْكِ فَٱنظُرِى مَاذَا تَأْمُرِينَ,12,55,22,5,"ح,ذ,ظ,ق",0,0,0,0,3,0,0,3,25,2.083333,0.454545
38,17,ٱصْبِرْ عَلَىٰ مَا يَقُولُونَ وَٱذْكُرْ عَبْدَنَا دَاوُۥدَ ذَا ٱلْأَيْدِ ۖ إِنَّهُۥٓ أَوَّابٌ,12,43,25,7,"ذ,ص,ع,ق,ه",0,0,0,0,0,0,0,0,25,2.083333,0.581395
3,111,لَن يَضُرُّوكُمْ إِلَّآ أَذًى ۖ وَإِن يُقَـٰتِلُوكُمْ يُوَلُّوكُمُ ٱلْأَدْبَارَ ثُمَّ لَا يُنصَرُونَ,12,47,21,5,"ث,ذ,ص,ض,ق",3,0,1,0,0,0,0,0,24,2.0,0.510638
20,52,قَالَ عِلْمُهَا عِندَ رَبِّى فِى كِتَـٰبٍ ۖ لَّا يَضِلُّ رَبِّى وَلَا يَنسَى,12,34,24,5,"ض,ع,ق,ه",0,0,0,0,0,0,0,0,24,2.0,0.705882
26,109,وَمَآ أَسْـَٔلُكُمْ عَلَيْهِ مِنْ أَجْرٍ ۖ إِنْ أَجْرِىَ إِلَّا عَلَىٰ رَبِّ ٱلْعَـٰلَمِينَ,12,38,21,4,"ع,ه",3,0,1,0,0,0,0,0,24,2.0,0.631579
4,117,إِن يَدْعُونَ مِن دُونِهِۦٓ إِلَّآ إِنَـٰثًا وَإِن يَدْعُونَ إِلَّا شَيْطَـٰنًا مَّرِيدًا,11,41,19,5,"ث,ط,ع,ه",0,0,0,0,3,0,1,2,22,2.0,0.536585
6,82,ٱلَّذِينَ ءَامَنُوا۟ وَلَمْ يَلْبِسُوٓا۟ إِيمَـٰنَهُم بِظُلْمٍ أُو۟لَـٰٓئِكَ لَهُمُ ٱلْأَمْنُ وَهُم مُّهْتَدُونَ,11,52,19,7,"ء,ذ,ظ,ه",3,0,1,0,0,0,0,0,22,2.0,0.423077
9,57,لَوْ يَجِدُونَ مَلْجَـًٔا أَوْ مَغَـٰرَٰتٍ أَوْ مُدَّخَلًا لَّوَلَّوْا۟ إِلَيْهِ وَهُمْ يَجْمَحُونَ,11,42,20,5,"ح,خ,غ,ه",0,0,0,0,2,0,1,1,22,2.0,0.52381
18,43,وَلَمْ تَكُن لَّهُۥ فِئَةٌ يَنصُرُونَهُۥ مِن دُونِ ٱللَّهِ وَمَا كَانَ مُنتَصِرًا,11,39,15,5,"ص,ه",6,0,2,0,1,0,0,1,22,2.0,0.564103
36,31,أَلَمْ يَرَوْا۟ كَمْ أَهْلَكْنَا قَبْلَهُم مِّنَ ٱلْقُرُونِ أَنَّهُمْ إِلَيْهِمْ لَا يَرْجِعُونَ,11,45,22,7,"ع,ق,ه",0,0,0,0,0,0,0,0,22,2.0,0.488889
40,59,إِنَّ ٱلسَّاعَةَ لَـَٔاتِيَةٌ لَّا رَيْبَ فِيهَا وَلَـٰكِنَّ أَكْثَرَ ٱلنَّاسِ لَا يُؤْمِنُونَ,11,43,15,3,"ث,ع,ه",6,0,2,0,1,0,0,1,22,2.0,0.511628
98,4,وَمَا تَفَرَّقَ ٱلَّذِينَ أُوتُوا۟ ٱلْكِتَـٰبَ إِلَّا مِنۢ بَعْدِ مَا جَآءَتْهُمُ ٱلْبَيِّنَةُ,11,44,18,5,"ء,ذ,ع,ق,ه",3,0,1,0,1,0,1,0,22,2.0,0.5
38,62,وَقَالُوا۟ مَا لَنَا لَا نَرَىٰ رِجَالًا كُنَّا نَعُدُّهُم مِّنَ ٱلْأَشْرَارِ,10,38,13,3,"ع,ق,ه",6,0,2,0,1,0,0,1,20,2.0,0.526316
83,14,كَلَّا ۖ بَلْ ۜ رَانَ عَلَىٰ قُلُوبِهِم مَّا كَانُوا۟ يَكْسِبُونَ,10,30,14,3,"ع,ق,ه",6,0,2,0,0,0,0,0,20,2.0,0.666667
38,30,وَوَهَبْنَا لِدَاوُۥدَ سُلَيْمَـٰنَ ۚ نِعْمَ ٱلْعَبْدُ ۖ إِنَّهُۥٓ أَوَّابٌ,9,31,15,4,"ع,ه",3,0,1,0,0,0,0,0,18,2.0,0.580645
41,7,ٱلَّذِينَ لَا يُؤْتُونَ ٱلزَّكَوٰةَ وَهُم بِٱلْـَٔاخِرَةِ هُمْ كَـٰفِرُونَ,8,35,16,4,"خ,ذ,ه",0,0,0,0,0,0,0,0,16,2.0,0.457143
61,2,يَـٰٓأَيُّهَا ٱلَّذِينَ ءَامَنُوا۟ لِمَ تَقُولُونَ مَا لَا تَفْعَلُونَ,8,34,16,5,"ء,ذ,ع,ق,ه",0,0,0,0,0,0,0,0,16,2.0,0.470588
3,158,وَلَئِن مُّتُّمْ أَوْ قُتِلْتُمْ لَإِلَى ٱللَّهِ تُحْشَرُونَ,7,28,11,3,"ح,ق,ه",3,0,1,0,0,0,0,0,14,2.0,0.5
26,31,قَالَ فَأْتِ بِهِۦٓ إِن كُنتَ مِنَ ٱلصَّـٰدِقِينَ,7,22,13,4,"ص,ق,ه",0,0,0,0,1,1,0,0,14,2.0,0.636364
26,93,مِن دُونِ ٱللَّهِ هَلْ يَنصُرُونَكُمْ أَوْ يَنتَصِرُونَ,7,28,11,4,"ص,ه",3,0,1,0,0,0,0,0,14,2.0,0.5
26,102,فَلَوْ أَنَّ لَنَا كَرَّةً فَنَكُونَ مِنَ ٱلْمُؤْمِنِينَ,7,26,4,0,,9,0,3,0,1,0,0,1,14,2.0,0.538462
26,208,وَمَآ أَهْلَكْنَا مِن قَرْيَةٍ إِلَّا لَهَا مُنذِرُونَ,7,27,11,4,"ذ,ق,ه",3,0,1,0,0,0,0,0,14,2.0,0.518519
37,51,قَالَ قَآئِلٌ مِّنْهُمْ إِنِّى كَانَ لِى قَرِينٌ,7,23,12,4,"ق,ه",0,0,0,0,2,0,1,1,14,2.0,0.608696
50,41,وَٱسْتَمِعْ يَوْمَ يُنَادِ ٱلْمُنَادِ مِن مَّكَانٍ قَرِيبٍ,7,29,10,2,"ع,ق",3,0,1,0,1,0,0,1,14,2.0,0.482759
69,42,وَلَا بِقَوْلِ كَاهِنٍ ۚ قَلِيلًا مَّا تَذَكَّرُونَ,7,24,13,4,"ذ,ق,ه",0,0,0,0,1,0,0,1,14,2.0,0.583333
74,37,لِمَن شَآءَ مِنكُمْ أَن يَتَقَدَّمَ أَوْ يَتَأَخَّرَ,7,24,12,3,"ء,خ,ق",0,0,0,0,2,1,1,0,14,2.0,0.583333
37,66,فَإِنَّهُمْ لَـَٔاكِلُونَ مِنْهَا فَمَالِـُٔونَ مِنْهَا ٱلْبُطُونَ,6,31,12,4,"ط,ه",0,0,0,0,0,0,0,0,12,2.0,0.387097
53,39,وَأَن لَّيْسَ لِلْإِنسَـٰنِ إِلَّا مَا سَعَىٰ,6,20,8,1,ع,3,0,1,0,1,0,1,0,12,2.0,0.6
56,90,وَأَمَّآ إِن كَانَ مِنْ أَصْحَـٰبِ ٱلْيَمِينِ,6,21,9,2,"ح,ص",2,1,0,0,1,0,1,0,12,2.0,0.571429
74,53,كَلَّا ۖ بَل لَّا يَخَافُونَ ٱلْـَٔاخِرَةَ,6,19,12,2,خ,0,0,0,0,0,0,0,0,12,2.0,0.631579
15,75,إِنَّ فِى ذَٰلِكَ لَـَٔايَـٰتٍ لِّلْمُتَوَسِّمِينَ,5,20,6,1,ذ,3,0,1,0,1,0,0,1,10,2.0,0.5
20,29,وَٱجْعَل لِّى وَزِيرًا مِّنْ أَهْلِى,5,18,9,2,"ع,ه",0,0,0,0,1,0,0,1,10,2.0,0.555556
23,58,وَٱلَّذِينَ هُم بِـَٔايَـٰتِ رَبِّهِمْ يُؤْمِنُونَ,5,22,7,3,"ذ,ه",3,0,1,0,0,0,0,0,10,2.0,0.454545
26,17,أَنْ أَرْسِلْ مَعَنَا بَنِىٓ إِسْرَٰٓءِيلَ,5,19,9,2,"ء,ع",0,0,0,0,1,0,1,0,10,2.0,0.526316
26,149,وَتَنْحِتُونَ مِنَ ٱلْجِبَالِ بُيُوتًا فَـٰرِهِينَ,5,25,9,2,"ح,ه",0,0,0,0,1,0,0,1,10,2.0,0.4
26,153,قَالُوٓا۟ إِنَّمَآ أَنتَ مِنَ ٱلْمُسَحَّرِينَ,5,22,9,2,"ح,ق",0,0,0,0,1,1,0,0,10,2.0,0.454545
27,53,وَأَنجَيْنَا ٱلَّذِينَ ءَامَنُوا۟ وَكَانُوا۟ يَتَّقُونَ,5,29,10,3,"ء,ذ,ق",0,0,0,0,0,0,0,0,10,2.0,0.344828
37,29,قَالُوا۟ بَل لَّمْ تَكُونُوا۟ مُؤْمِنِينَ,5,21,4,1,ق,6,0,2,0,0,0,0,0,10,2.0,0.47619
37,143,فَلَوْلَآ أَنَّهُۥ كَانَ مِنَ ٱلْمُسَبِّحِينَ,5,21,10,2,"ح,ه",0,0,0,0,0,0,0,0,10,2.0,0.47619
37,157,فَأْتُوا۟ بِكِتَـٰبِكُمْ إِن كُنتُمْ صَـٰدِقِينَ,5,22,10,2,"ص,ق",0,0,0,0,0,0,0,0,10,2.0,0.454545
41,18,وَنَجَّيْنَا ٱلَّذِينَ ءَامَنُوا۟ وَكَانُوا۟ يَتَّقُونَ,5,28,10,3,"ء,ذ,ق",0,0,0,0,0,0,0,0,10,2.0,0.357143
44,21,وَإِن لَّمْ تُؤْمِنُوا۟ لِى فَٱعْتَزِلُونِ,5,21,7,1,ع,3,0,1,0,0,0,0,0,10,2.0,0.47619
68,1,نٓ ۚ وَٱلْقَلَمِ وَمَا يَسْطُرُونَ,5,16,7,2,"ط,ق",3,0,1,0,0,0,0,0,10,2.0,0.625
68,2,مَآ أَنتَ بِنِعْمَةِ رَبِّكَ بِمَجْنُونٍ,5,19,7,1,ع,3,0,1,0,0,0,0,0,10,2.0,0.526316
68,37,أَمْ لَكُمْ كِتَـٰبٌ فِيهِ تَدْرُسُونَ,5,17,6,1,ه,3,0,1,0,1,0,0,1,10,2.0,0.588235
69,28,مَآ أَغْنَىٰ عَنِّى مَالِيَهْ ۜ,5,14,10,3,"ع,غ,ه",0,0,0,0,0,0,0,0,10,2.0,0.714286
78,27,إِنَّهُمْ كَانُوا۟ لَا يَرْجُونَ حِسَابًا,5,21,10,2,"ح,ه",0,0,0,0,0,0,0,0,10,2.0,0.47619
85,19,بَلِ ٱلَّذِينَ كَفَرُوا۟ فِى تَكْذِيبٍ,5,19,10,2,ذ,0,0,0,0,0,0,0,0,10,2.0,0.526316
86,7,يَخْرُجُ مِنۢ بَيْنِ ٱلصُّلْبِ وَٱلتَّرَآئِبِ,5,22,9,2,"خ,ص",0,0,0,0,1,1,0,0,10,2.0,0.454545
96,11,أَرَءَيْتَ إِن كَانَ عَلَى ٱلْهُدَىٰٓ,5,18,10,3,"ء,ع,ه",0,0,0,0,0,0,0,0,10,2.0,0.555556
96,14,أَلَمْ يَعْلَم بِأَنَّ ٱللَّهَ يَرَىٰ,5,17,7,2,"ع,ه",3,0,1,0,0,0,0,0,10,2.0,0.588235
109,3,وَلَآ أَنتُمْ عَـٰبِدُونَ مَآ أَعْبُدُ,5,18,10,2,ع,0,0,0,0,0,0,0,0,10,2.0,0.555556
112,4,وَلَمْ يَكُن لَّهُۥ كُفُوًا أَحَدٌۢ,5,15,10,2,"ح,ه",0,0,0,0,0,0,0,0,10,2.0,0.666667
7,15,قَالَ إِنَّكَ مِنَ ٱلْمُنظَرِينَ,4,16,8,2,"ظ,ق",0,0,0,0,0,0,0,0,8,2.0,0.5
15,67,وَجَآءَ أَهْلُ ٱلْمَدِينَةِ يَسْتَبْشِرُونَ,4,22,7,2,"ء,ه",0,0,0,0,1,0,1,0,8,2.0,0.363636
20,11,فَلَمَّآ أَتَىٰهَا نُودِىَ يَـٰمُوسَىٰٓ,4,18,4,1,ه,3,0,1,0,1,0,1,0,8,2.0,0.444444
26,192,وَإِنَّهُۥ لَتَنزِيلُ رَبِّ ٱلْعَـٰلَمِينَ,4,19,8,2,"ع,ه",0,0,0,0,0,0,0,0,8,2.0,0.421053
35,20,وَلَا ٱلظُّلُمَـٰتُ وَلَا ٱلنُّورُ,4,17,4,1,ظ,3,0,1,0,1,1,0,0,8,2.0,0.470588
37,103,فَلَمَّآ أَسْلَمَا وَتَلَّهُۥ لِلْجَبِينِ,4,19,5,1,ه,3,0,1,0,0,0,0,0,8,2.0,0.421053
37,130,سَلَـٰمٌ عَلَىٰٓ إِلْ يَاسِينَ,4,13,7,1,ع,0,0,0,0,1,0,0,1,8,2.0,0.615385
37,162,مَآ أَنتُمْ عَلَيْهِ بِفَـٰتِنِينَ,4,16,8,2,"ع,ه",0,0,0,0,0,0,0,0,8,2.0,0.5
52,8,مَّا لَهُۥ مِن دَافِعٍ,4,10,8,2,"ع,ه",0,0,0,0,0,0,0,0,8,2.0,0.8
53,12,أَفَتُمَـٰرُونَهُۥ عَلَىٰ مَا يَرَىٰ,4,16,8,2,"ع,ه",0,0,0,0,0,0,0,0,8,2.0,0.5
56,49,قُلْ إِنَّ ٱلْأَوَّلِينَ وَٱلْـَٔاخِرِينَ,4,19,8,2,"خ,ق",0,0,0,0,0,0,0,0,8,2.0,0.421053
68,9,وَدُّوا۟ لَوْ تُدْهِنُ فَيُدْهِنُونَ,4,17,5,2,ه,3,0,1,0,0,0,0,0,8,2.0,0.470588
69,26,وَلَمْ أَدْرِ مَا حِسَابِيَهْ,4,14,8,2,"ح,ه",0,0,0,0,0,0,0,0,8,2.0,0.571429
69,40,إِنَّهُۥ لَقَوْلُ رَسُولٍ كَرِيمٍ,4,15,7,2,"ق,ه",0,0,0,0,1,0,0,1,8,2.0,0.533333
70,15,كَلَّآ ۖ إِنَّهَا لَظَىٰ,4,10,7,2,"ظ,ه",0,0,0,0,1,0,1,0,8,2.0,0.8
70,17,تَدْعُوا۟ مَنْ أَدْبَرَ وَتَوَلَّىٰ,4,16,5,1,ع,3,0,1,0,0,0,0,0,8,2.0,0.5
70,35,أُو۟لَـٰٓئِكَ فِى جَنَّـٰتٍ مُّكْرَمُونَ,4,16,4,0,,3,0,1,0,1,0,0,1,8,2.0,0.5
73,12,إِنَّ لَدَيْنَآ أَنكَالًا وَجَحِيمًا,4,19,7,1,ح,0,0,0,0,1,0,0,1,8,2.0,0.421053
74,27,وَمَآ أَدْرَىٰكَ مَا سَقَرُ,4,13,5,1,ق,3,0,1,0,0,0,0,0,8,2.0,0.615385
74,42,مَا سَلَكَكُمْ فِى سَقَرَ,4,12,8,1,ق,0,0,0,0,0,0,0,0,8,2.0,0.666667
75,6,يَسْـَٔلُ أَيَّانَ يَوْمُ ٱلْقِيَـٰمَةِ,4,16,4,1,ق,3,0,1,0,1,0,1,0,8,2.0,0.5
80,17,قُتِلَ ٱلْإِنسَـٰنُ مَآ أَكْفَرَهُۥ,4,16,8,2,"ق,ه",0,0,0,0,0,0,0,0,8,2.0,0.5
84,9,وَيَنقَلِبُ إِلَىٰٓ أَهْلِهِۦ مَسْرُورًا,4,19,8,3,"ق,ه",0,0,0,0,0,0,0,0,8,2.0,0.421053
87,16,بَلْ تُؤْثِرُونَ ٱلْحَيَوٰةَ ٱلدُّنْيَا,4,20,8,2,"ث,ح",0,0,0,0,0,0,0,0,8,2.0,0.4
101,10,وَمَآ أَدْرَىٰكَ مَا هِيَهْ,4,13,5,2,ه,3,0,1,0,0,0,0,0,8,2.0,0.615385
103,2,إِنَّ ٱلْإِنسَـٰنَ لَفِى خُسْرٍ,4,14,8,1,خ,0,0,0,0,0,0,0,0,8,2.0,0.571429
17,77,سُنَّةَ مَن قَدْ أَرْسَلْنَا قَبْلَكَ مِن رُّسُلِنَا ۖ وَلَا تَجِدُ لِسُنَّتِنَا تَحْوِيلًا,12,42,17,3,"ح,ق",6,0,2,0,0,0,0,0,23,1.916667,0.547619
2,78,وَمِنْهُمْ أُمِّيُّونَ لَا يَعْلَمُونَ ٱلْكِتَـٰبَ إِلَّآ أَمَانِىَّ وَإِنْ هُمْ إِلَّا يَظُنُّونَ,11,44,14,4,"ظ,ع,ه",6,0,2,0,1,0,0,1,21,1.909091,0.477273
36,54,فَٱلْيَوْمَ لَا تُظْلَمُ نَفْسٌ شَيْـًٔا وَلَا تُجْزَوْنَ إِلَّا مَا كُنتُمْ تَعْمَلُونَ,11,41,16,2,"ظ,ع",3,0,1,0,2,0,0,2,21,1.909091,0.512195
4,53,أَمْ لَهُمْ نَصِيبٌ مِّنَ ٱلْمُلْكِ فَإِذًا لَّا يُؤْتُونَ ٱلنَّاسَ نَقِيرًا,10,37,14,4,"ذ,ص,ق,ه",3,0,1,0,2,0,0,2,19,1.9,0.513514
7,115,قَالُوا۟ يَـٰمُوسَىٰٓ إِمَّآ أَن تُلْقِىَ وَإِمَّآ أَن نَّكُونَ نَحْنُ ٱلْمُلْقِينَ,10,39,16,4,"ح,ق",3,0,1,0,0,0,0,0,19,1.9,0.487179
23,114,قَـٰلَ إِن لَّبِثْتُمْ إِلَّا قَلِيلًا ۖ لَّوْ أَنَّكُمْ كُنتُمْ تَعْلَمُونَ,10,33,16,4,"ث,ع,ق",3,0,1,0,0,0,0,0,19,1.9,0.575758
29,2,أَحَسِبَ ٱلنَّاسُ أَن يُتْرَكُوٓا۟ أَن يَقُولُوٓا۟ ءَامَنَّا وَهُمْ لَا يُفْتَنُونَ,10,41,16,4,"ء,ح,ق,ه",3,0,1,0,0,0,0,0,19,1.9,0.463415
38,86,قُلْ مَآ أَسْـَٔلُكُمْ عَلَيْهِ مِنْ أَجْرٍ وَمَآ أَنَا۠ مِنَ ٱلْمُتَكَلِّفِينَ,10,35,15,3,"ع,ق,ه",3,0,1,0,1,0,0,1,19,1.9,0.542857
72,2,يَهْدِىٓ إِلَى ٱلرُّشْدِ فَـَٔامَنَّا بِهِۦ ۖ وَلَن نُّشْرِكَ بِرَبِّنَآ أَحَدًا,10,35,13,3,"ح,ه",6,0,2,0,0,0,0,0,19,1.9,0.542857
2,2,ذَٰلِكَ ٱلْكِتَـٰبُ لَا رَيْبَ ۛ فِيهِ ۛ هُدًى لِّلْمُتَّقِينَ,9,26,13,4,"ذ,ق,ه",3,0,1,0,1,0,0,1,17,1.888889,0.653846
19,56,وَٱذْكُرْ فِى ٱلْكِتَـٰبِ إِدْرِيسَ ۚ إِنَّهُۥ كَانَ صِدِّيقًا نَّبِيًّا,9,32,16,4,"ذ,ص,ق,ه",0,0,0,0,1,0,0,1,17,1.888889,0.53125
25,72,وَٱلَّذِينَ لَا يَشْهَدُونَ ٱلزُّورَ وَإِذَا مَرُّوا۟ بِٱللَّغْوِ مَرُّوا۟ كِرَامًا,9,42,14,4,"ذ,غ,ه",3,0,1,0,0,0,0,0,17,1.888889,0.404762
32,18,أَفَمَن كَانَ مُؤْمِنًا كَمَن كَانَ فَاسِقًا ۚ لَّا يَسْتَوُۥنَ,9,30,10,1,ق,6,0,2,0,1,0,0,1,17,1.888889,0.566667
34,52,وَقَالُوٓا۟ ءَامَنَّا بِهِۦ وَأَنَّىٰ لَهُمُ ٱلتَّنَاوُشُ مِن مَّكَانٍۭ بَعِيدٍ,9,37,16,5,"ء,ع,ق,ه",0,0,0,0,1,0,0,1,17,1.888889,0.459459
44,3,إِنَّآ أَنزَلْنَـٰهُ فِى لَيْلَةٍ مُّبَـٰرَكَةٍ ۚ إِنَّا كُنَّا مُنذِرِينَ,9,32,9,2,"ذ,ه",6,0,2,0,2,0,1,1,17,1.888889,0.53125
50,30,يَوْمَ نَقُولُ لِجَهَنَّمَ هَلِ ٱمْتَلَأْتِ وَتَقُولُ هَلْ مِن مَّزِيدٍ,9,33,14,5,"ق,ه",3,0,1,0,0,0,0,0,17,1.888889,0.515152
51,50,فَفِرُّوٓا۟ إِلَى ٱللَّهِ ۖ إِنِّى لَكُم مِّنْهُ نَذِيرٌ مُّبِينٌ,9,29,10,3,"ذ,ه",6,0,2,0,1,0,0,1,17,1.888889,0.586207
54,43,أَكُفَّارُكُمْ خَيْرٌ مِّنْ أُو۟لَـٰٓئِكُمْ أَمْ لَكُم بَرَآءَةٌ فِى ٱلزُّبُرِ,9,35,14,2,"ء,خ",0,0,0,0,3,0,1,2,17,1.888889,0.485714
74,52,بَلْ يُرِيدُ كُلُّ ٱمْرِئٍ مِّنْهُمْ أَن يُؤْتَىٰ صُحُفًا مُّنَشَّرَةً,9,31,13,3,"ح,ص,ه",2,1,0,0,2,0,0,2,17,1.888889,0.548387
15,11,وَمَا يَأْتِيهِم مِّن رَّسُولٍ إِلَّا كَانُوا۟ بِهِۦ يَسْتَهْزِءُونَ,8,33,12,4,"ء,ه",3,0,1,0,0,0,0,0,15,1.875,0.454545
18,38,لَّـٰكِنَّا۠ هُوَ ٱللَّهُ رَبِّى وَلَآ أُشْرِكُ بِرَبِّىٓ أَحَدًا,8,28,12,3,"ح,ه",3,0,1,0,0,0,0,0,15,1.875,0.535714
19,77,أَفَرَءَيْتَ ٱلَّذِى كَفَرَ بِـَٔايَـٰتِنَا وَقَالَ لَأُوتَيَنَّ مَالًا وَوَلَدًا,8,38,11,3,"ء,ذ,ق",3,0,1,0,1,0,0,1,15,1.875,0.394737
26,50,قَالُوا۟ لَا ضَيْرَ ۖ إِنَّآ إِلَىٰ رَبِّنَا مُنقَلِبُونَ,8,27,12,3,"ض,ق",3,0,1,0,0,0,0,0,15,1.875,0.555556
2,12,أَلَآ إِنَّهُمْ هُمُ ٱلْمُفْسِدُونَ وَلَـٰكِن لَّا يَشْعُرُونَ,7,29,13,3,"ع,ه",0,0,0,0,0,0,0,0,13,1.857143,0.448276
15,60,إِلَّا ٱمْرَأَتَهُۥ قَدَّرْنَآ ۙ إِنَّهَا لَمِنَ ٱلْغَـٰبِرِينَ,7,28,10,4,"غ,ق,ه",3,0,1,0,0,0,0,0,13,1.857143,0.464286
10,43,وَمِنْهُم مَّن يَنظُرُ إِلَيْكَ ۚ أَفَأَنتَ تَهْدِى ٱلْعُمْىَ وَلَوْ كَانُوا۟ لَا يُبْصِرُونَ,12,45,19,5,"ص,ظ,ع,ه",3,0,1,0,0,0,0,0,22,1.833333,0.488889
27,20,وَتَفَقَّدَ ٱلطَّيْرَ فَقَالَ مَا لِىَ لَآ أَرَى ٱلْهُدْهُدَ أَمْ كَانَ مِنَ ٱلْغَآئِبِينَ,12,44,19,6,"ط,غ,ق,ه",0,0,0,0,3,2,1,0,22,1.833333,0.5
26,92,وَقِيلَ لَهُمْ أَيْنَ مَا كُنتُمْ تَعْبُدُونَ,6,22,11,3,"ع,ق,ه",0,0,0,0,0,0,0,0,11,1.833333,0.5
37,39,وَمَا تُجْزَوْنَ إِلَّا مَا كُنتُمْ تَعْمَلُونَ,6,23,8,1,ع,3,0,1,0,0,0,0,0,11,1.833333,0.478261
37,99,وَقَالَ إِنِّى ذَاهِبٌ إِلَىٰ رَبِّى سَيَهْدِينِ,6,23,11,4,"ذ,ق,ه",0,0,0,0,0,0,0,0,11,1.833333,0.478261
44,50,إِنَّ هَـٰذَا مَا كُنتُم بِهِۦ تَمْتَرُونَ,6,19,8,3,"ذ,ه",2,1,0,0,1,0,1,0,11,1.833333,0.578947
53,58,لَيْسَ لَهَا مِن دُونِ ٱللَّهِ كَاشِفَةٌ,6,20,8,2,ه,3,0,1,0,0,0,0,0,11,1.833333,0.55
55,15,وَخَلَقَ ٱلْجَآنَّ مِن مَّارِجٍ مِّن نَّارٍ,6,20,10,2,"خ,ق",0,0,0,0,1,0,0,1,11,1.833333,0.55
55,78,تَبَـٰرَكَ ٱسْمُ رَبِّكَ ذِى ٱلْجَلَـٰلِ وَٱلْإِكْرَامِ,6,25,8,1,ذ,3,0,1,0,0,0,0,0,11,1.833333,0.44
75,4,بَلَىٰ قَـٰدِرِينَ عَلَىٰٓ أَن نُّسَوِّىَ بَنَانَهُۥ,6,22,11,3,"ع,ق,ه",0,0,0,0,0,0,0,0,11,1.833333,0.5
78,24,لَّا يَذُوقُونَ فِيهَا بَرْدًا وَلَا شَرَابًا,6,24,10,3,"ذ,ق,ه",0,0,0,0,1,0,0,1,11,1.833333,0.458333
82,8,فِىٓ أَىِّ صُورَةٍ مَّا شَآءَ رَكَّبَكَ,6,17,9,2,"ء,ص",0,0,0,0,2,0,1,1,11,1.833333,0.647059
4,145,إِنَّ ٱلْمُنَـٰفِقِينَ فِى ٱلدَّرْكِ ٱلْأَسْفَلِ مِنَ ٱلنَّارِ وَلَن تَجِدَ لَهُمْ نَصِيرًا,11,44,14,3,"ص,ق,ه",6,0,2,0,0,0,0,0,20,1.818182,0.454545
12,45,وَقَالَ ٱلَّذِى نَجَا مِنْهُمَا وَٱدَّكَرَ بَعْدَ أُمَّةٍ أَنَا۠ أُنَبِّئُكُم بِتَأْوِيلِهِۦ فَأَرْسِلُونِ,11,50,20,5,"ذ,ع,ق,ه",0,0,0,0,0,0,0,0,20,1.818182,0.4
19,20,قَالَتْ أَنَّىٰ يَكُونُ لِى غُلَـٰمٌ وَلَمْ يَمْسَسْنِى بَشَرٌ وَلَمْ أَكُ بَغِيًّا,11,37,14,3,"غ,ق",3,0,1,0,3,0,1,2,20,1.818182,0.540541
72,25,قُلْ إِنْ أَدْرِىٓ أَقَرِيبٌ مَّا تُوعَدُونَ أَمْ يَجْعَلُ لَهُۥ رَبِّىٓ أَمَدًا,11,36,19,5,"ع,ق,ه",0,0,0,0,1,0,0,1,20,1.818182,0.555556
19,79,كَلَّا ۚ سَنَكْتُبُ مَا يَقُولُ وَنَمُدُّ لَهُۥ مِنَ ٱلْعَذَابِ مَدًّا,10,31,16,4,"ذ,ع,ق,ه",2,1,0,0,0,0,0,0,18,1.8,0.580645
27,38,قَالَ يَـٰٓأَيُّهَا ٱلْمَلَؤُا۟ أَيُّكُمْ يَأْتِينِى بِعَرْشِهَا قَبْلَ أَن يَأْتُونِى مُسْلِمِينَ,10,47,18,5,"ع,ق,ه",0,0,0,0,0,0,0,0,18,1.8,0.382979
7,125,قَالُوٓا۟ إِنَّآ إِلَىٰ رَبِّنَا مُنقَلِبُونَ,5,22,6,2,ق,3,0,1,0,0,0,0,0,9,1.8,0.409091
23,59,وَٱلَّذِينَ هُم بِرَبِّهِمْ لَا يُشْرِكُونَ,5,21,9,3,"ذ,ه",0,0,0,0,0,0,0,0,9,1.8,0.428571
37,126,ٱللَّهَ رَبَّكُمْ وَرَبَّ ءَابَآئِكُمُ ٱلْأَوَّلِينَ,5,25,6,2,"ء,ه",3,0,1,0,0,0,0,0,9,1.8,0.36
37,151,أَلَآ إِنَّهُم مِّنْ إِفْكِهِمْ لَيَقُولُونَ,5,21,9,3,"ق,ه",0,0,0,0,0,0,0,0,9,1.8,0.428571
44,25,كَمْ تَرَكُوا۟ مِن جَنَّـٰتٍ وَعُيُونٍ,5,17,8,1,ع,0,0,0,0,1,0,0,1,9,1.8,0.529412
53,9,فَكَانَ قَابَ قَوْسَيْنِ أَوْ أَدْنَىٰ,5,18,9,2,ق,0,0,0,0,0,0,0,0,9,1.8,0.5
53,38,أَلَّا تَزِرُ وَازِرَةٌ وِزْرَ أُخْرَىٰ,5,18,8,1,خ,0,0,0,0,1,0,0,1,9,1.8,0.5
68,3,وَإِنَّ لَكَ لَأَجْرًا غَيْرَ مَمْنُونٍ,5,18,5,1,غ,3,0,1,0,1,0,0,1,9,1.8,0.5
68,38,إِنَّ لَكُمْ فِيهِ لَمَا تَخَيَّرُونَ,5,17,9,2,"خ,ه",0,0,0,0,0,0,0,0,9,1.8,0.529412
75,36,أَيَحْسَبُ ٱلْإِنسَـٰنُ أَن يُتْرَكَ سُدًى,5,20,9,1,ح,0,0,0,0,0,0,0,0,9,1.8,0.45
81,28,لِمَن شَآءَ مِنكُمْ أَن يَسْتَقِيمَ,5,18,8,2,"ء,ق",0,0,0,0,1,0,1,0,9,1.8,0.5
84,13,إِنَّهُۥ كَانَ فِىٓ أَهْلِهِۦ مَسْرُورًا,5,18,9,3,ه,0,0,0,0,0,0,0,0,9,1.8,0.5
15,13,لَا يُؤْمِنُونَ بِهِۦ ۖ وَقَدْ خَلَتْ سُنَّةُ ٱلْأَوَّلِينَ,8,26,11,3,"خ,ق,ه",3,0,1,0,0,0,0,0,14,1.75,0.538462
43,7,وَمَا يَأْتِيهِم مِّن نَّبِىٍّ إِلَّا كَانُوا۟ بِهِۦ يَسْتَهْزِءُونَ,8,32,11,4,"ء,ه",3,0,1,0,0,0,0,0,14,1.75,0.4375
76,5,إِنَّ ٱلْأَبْرَارَ يَشْرَبُونَ مِن كَأْسٍ كَانَ مِزَاجُهَا كَافُورًا,8,35,10,1,ه,3,0,1,0,1,0,0,1,14,1.75,0.4
26,2,تِلْكَ ءَايَـٰتُ ٱلْكِتَـٰبِ ٱلْمُبِينِ,4,18,4,1,ء,3,0,1,0,0,0,0,0,7,1.75,0.388889
45,7,وَيْلٌ لِّكُلِّ أَفَّاكٍ أَثِيمٍ,4,14,6,1,ث,0,0,0,0,1,0,0,1,7,1.75,0.5
53,46,مِن نُّطْفَةٍ إِذَا تُمْنَىٰ,4,13,7,2,"ذ,ط",0,0,0,0,0,0,0,0,7,1.75,0.538462
55,17,رَبُّ ٱلْمَشْرِقَيْنِ وَرَبُّ ٱلْمَغْرِبَيْنِ,4,21,7,2,"غ,ق",0,0,0,0,0,0,0,0,7,1.75,0.333333
56,26,إِلَّا قِيلًا سَلَـٰمًا سَلَـٰمًا,4,15,5,1,ق,0,0,0,0,2,0,0,2,7,1.75,0.466667
56,80,تَنزِيلٌ مِّن رَّبِّ ٱلْعَـٰلَمِينَ,4,16,6,1,ع,0,0,0,0,1,0,0,1,7,1.75,0.4375
78,21,إِنَّ جَهَنَّمَ كَانَتْ مِرْصَادًا,4,16,7,2,"ص,ه",0,0,0,0,0,0,0,0,7,1.75,0.4375
80,42,أُو۟لَـٰٓئِكَ هُمُ ٱلْكَفَرَةُ ٱلْفَجَرَةُ,4,19,7,1,ه,0,0,0,0,0,0,0,0,7,1.75,0.368421
90,6,يَقُولُ أَهْلَكْتُ مَالًا لُّبَدًا,4,17,6,2,"ق,ه",0,0,0,0,1,0,0,1,7,1.75,0.411765
92,18,ٱلَّذِى يُؤْتِى مَالَهُۥ يَتَزَكَّىٰ,4,17,7,2,"ذ,ه",0,0,0,0,0,0,0,0,7,1.75,0.411765
96,13,أَرَءَيْتَ إِن كَذَّبَ وَتَوَلَّىٰٓ,4,15,6,2,"ء,ذ",0,0,0,0,1,1,0,0,7,1.75,0.466667
100,6,إِنَّ ٱلْإِنسَـٰنَ لِرَبِّهِۦ لَكَنُودٌ,4,17,4,1,ه,3,0,1,0,0,0,0,0,7,1.75,0.411765
104,1,وَيْلٌ لِّكُلِّ هُمَزَةٍ لُّمَزَةٍ,4,14,5,1,ه,0,0,0,0,2,0,0,2,7,1.75,0.5
76,13,مُّتَّكِـِٔينَ فِيهَا عَلَى ٱلْأَرَآئِكِ ۖ لَا يَرَوْنَ فِيهَا شَمْسًا وَلَا زَمْهَرِيرًا,11,43,18,4,"ع,ه",0,0,0,0,1,0,0,1,19,1.727273,0.44186
15,63,قَالُوا۟ بَلْ جِئْنَـٰكَ بِمَا كَانُوا۟ فِيهِ يَمْتَرُونَ,7,28,9,2,"ق,ه",3,0,1,0,0,0,0,0,12,1.714286,0.428571
19,13,وَحَنَانًا مِّن لَّدُنَّا وَزَكَوٰةً ۖ وَكَانَ تَقِيًّا,7,25,11,2,"ح,ق",0,0,0,0,1,0,0,1,12,1.714286,0.48
26,27,قَالَ إِنَّ رَسُولَكُمُ ٱلَّذِىٓ أُرْسِلَ إِلَيْكُمْ لَمَجْنُونٌ,7,30,11,2,"ذ,ق",0,0,0,0,1,0,1,0,12,1.714286,0.4
26,62,قَالَ كَلَّآ ۖ إِنَّ مَعِىَ رَبِّى سَيَهْدِينِ,7,20,12,3,"ع,ق,ه",0,0,0,0,0,0,0,0,12,1.714286,0.6
44,33,وَءَاتَيْنَـٰهُم مِّنَ ٱلْـَٔايَـٰتِ مَا فِيهِ بَلَـٰٓؤٌا۟ مُّبِينٌ,7,28,7,3,"ء,ه",3,0,1,0,2,0,1,1,12,1.714286,0.428571
12,60,فَإِن لَّمْ تَأْتُونِى بِهِۦ فَلَا كَيْلَ لَكُمْ عِندِى وَلَا تَقْرَبُونِ,10,35,14,3,"ع,ق,ه",3,0,1,0,0,0,0,0,17,1.7,0.485714
98,1,لَمْ يَكُنِ ٱلَّذِينَ كَفَرُوا۟ مِنْ أَهْلِ ٱلْكِتَـٰبِ وَٱلْمُشْرِكِينَ مُنفَكِّينَ حَتَّىٰ تَأْتِيَهُمُ ٱلْبَيِّنَةُ,12,55,20,4,"ح,ذ,ه",0,0,0,0,0,0,0,0,20,1.666667,0.363636
7,97,أَفَأَمِنَ أَهْلُ ٱلْقُرَىٰٓ أَن يَأْتِيَهُم بَأْسُنَا بَيَـٰتًا وَهُمْ نَآئِمُونَ,9,39,11,4,"ق,ه",3,0,1,0,1,0,0,1,15,1.666667,0.384615
19,19,قَالَ إِنَّمَآ أَنَا۠ رَسُولُ رَبِّكِ لِأَهَبَ لَكِ غُلَـٰمًا زَكِيًّا,9,31,13,3,"غ,ق,ه",0,0,0,0,2,0,1,1,15,1.666667,0.483871
19,63,تِلْكَ ٱلْجَنَّةُ ٱلَّتِى نُورِثُ مِنْ عِبَادِنَا مَن كَانَ تَقِيًّا,9,33,14,3,"ث,ع,ق",0,0,0,0,1,0,0,1,15,1.666667,0.454545
12,1,الٓر ۚ تِلْكَ ءَايَـٰتُ ٱلْكِتَـٰبِ ٱلْمُبِينِ,6,21,4,1,ء,6,0,2,0,0,0,0,0,10,1.666667,0.47619
15,82,وَكَانُوا۟ يَنْحِتُونَ مِنَ ٱلْجِبَالِ بُيُوتًا ءَامِنِينَ,6,31,9,2,"ء,ح",0,0,0,0,1,0,0,1,10,1.666667,0.322581
20,107,لَّا تَرَىٰ فِيهَا عِوَجًا وَلَآ أَمْتًا,6,20,9,2,"ع,ه",0,0,0,0,1,0,0,1,10,1.666667,0.5
26,88,يَوْمَ لَا يَنفَعُ مَالٌ وَلَا بَنُونَ,6,19,6,1,ع,3,0,1,0,1,0,0,1,10,1.666667,0.526316
26,89,إِلَّا مَنْ أَتَى ٱللَّهَ بِقَلْبٍ سَلِيمٍ,6,20,6,2,"ق,ه",3,0,1,0,1,0,0,1,10,1.666667,0.5
36,16,قَالُوا۟ رَبُّنَا يَعْلَمُ إِنَّآ إِلَيْكُمْ لَمُرْسَلُونَ,6,28,10,2,"ع,ق",0,0,0,0,0,0,0,0,10,1.666667,0.357143
37,168,لَوْ أَنَّ عِندَنَا ذِكْرًا مِّنَ ٱلْأَوَّلِينَ,6,22,9,2,"ذ,ع",0,0,0,0,1,0,0,1,10,1.666667,0.454545
50,35,لَهُم مَّا يَشَآءُونَ فِيهَا وَلَدَيْنَا مَزِيدٌ,6,25,9,3,"ء,ه",0,0,0,0,1,0,1,0,10,1.666667,0.4
71,13,مَّا لَكُمْ لَا تَرْجُونَ لِلَّهِ وَقَارًا,6,20,7,2,"ق,ه",3,0,1,0,0,0,0,0,10,1.666667,0.5
86,10,فَمَا لَهُۥ مِن قُوَّةٍ وَلَا نَاصِرٍ,6,17,9,3,"ص,ق,ه",0,0,0,0,1,0,0,1,10,1.666667,0.588235
88,7,لَّا يُسْمِنُ وَلَا يُغْنِى مِن جُوعٍ,6,18,10,2,"ع,غ",0,0,0,0,0,0,0,0,10,1.666667,0.555556
7,106,قَالَ إِن كُنتَ جِئْتَ بِـَٔايَةٍ فَأْتِ بِهَآ إِن كُنتَ مِنَ ٱلصَّـٰدِقِينَ,11,35,15,4,"ص,ق,ه",0,0,0,0,3,1,1,1,18,1.636364,0.514286
3,70,يَـٰٓأَهْلَ ٱلْكِتَـٰبِ لِمَ تَكْفُرُونَ بِـَٔايَـٰتِ ٱللَّهِ وَأَنتُمْ تَشْهَدُونَ,8,36,10,3,ه,3,0,1,0,0,0,0,0,13,1.625,0.361111
15,32,قَالَ يَـٰٓإِبْلِيسُ مَا لَكَ أَلَّا تَكُونَ مَعَ ٱلسَّـٰجِدِينَ,8,29,13,2,"ع,ق",0,0,0,0,0,0,0,0,13,1.625,0.448276
38,70,إِن يُوحَىٰٓ إِلَىَّ إِلَّآ أَنَّمَآ أَنَا۠ نَذِيرٌ مُّبِينٌ,8,27,8,2,"ح,ذ",3,0,1,0,2,0,1,1,13,1.625,0.481481
72,21,قُلْ إِنِّى لَآ أَمْلِكُ لَكُمْ ضَرًّا وَلَا رَشَدًا,8,24,12,2,"ض,ق",0,0,0,0,1,0,0,1,13,1.625,0.541667
40,69,أَلَمْ تَرَ إِلَى ٱلَّذِينَ يُجَـٰدِلُونَ فِىٓ ءَايَـٰتِ ٱللَّهِ أَنَّىٰ يُصْرَفُونَ,10,38,13,4,"ء,ذ,ص,ه",3,0,1,0,0,0,0,0,16,1.6,0.421053
19,86,وَنَسُوقُ ٱلْمُجْرِمِينَ إِلَىٰ جَهَنَّمَ وِرْدًا,5,24,8,2,"ق,ه",0,0,0,0,0,0,0,0,8,1.6,0.333333
44,36,فَأْتُوا۟ بِـَٔابَآئِنَآ إِن كُنتُمْ صَـٰدِقِينَ,5,23,8,2,"ص,ق",0,0,0,0,0,0,0,0,8,1.6,0.347826
51,21,وَفِىٓ أَنفُسِكُمْ ۚ أَفَلَا تُبْصِرُونَ,5,19,8,1,ص,0,0,0,0,0,0,0,0,8,1.6,0.421053
54,54,إِنَّ ٱلْمُتَّقِينَ فِى جَنَّـٰتٍ وَنَهَرٍ,5,18,7,2,"ق,ه",0,0,0,0,1,0,0,1,8,1.6,0.444444
68,14,أَن كَانَ ذَا مَالٍ وَبَنِينَ,5,15,4,1,ذ,3,0,1,0,1,0,0,1,8,1.6,0.533333
69,8,فَهَلْ تَرَىٰ لَهُم مِّنۢ بَاقِيَةٍ,5,16,8,3,"ق,ه",0,0,0,0,0,0,0,0,8,1.6,0.5
40,73,ثُمَّ قِيلَ لَهُمْ أَيْنَ مَا كُنتُمْ تُشْرِكُونَ,7,23,11,3,"ث,ق,ه",0,0,0,0,0,0,0,0,11,1.571429,0.478261
52,33,أَمْ يَقُولُونَ تَقَوَّلَهُۥ ۚ بَل لَّا يُؤْمِنُونَ,7,23,8,3,"ق,ه",3,0,1,0,0,0,0,0,11,1.571429,0.478261
76,3,إِنَّا هَدَيْنَـٰهُ ٱلسَّبِيلَ إِمَّا شَاكِرًا وَإِمَّا كَفُورًا,7,31,9,2,ه,0,0,0,0,2,0,1,1,11,1.571429,0.354839
33,65,خَـٰلِدِينَ فِيهَآ أَبَدًا ۖ لَّا يَجِدُونَ وَلِيًّا وَلَا نَصِيرًا,9,32,12,3,"خ,ص,ه",0,0,0,0,2,0,1,1,14,1.555556,0.4375
39,57,أَوْ تَقُولَ لَوْ أَنَّ ٱللَّهَ هَدَىٰنِى لَكُنتُ مِنَ ٱلْمُتَّقِينَ,9,32,11,4,"ق,ه",3,0,1,0,0,0,0,0,14,1.555556,0.4375
19,29,فَأَشَارَتْ إِلَيْهِ ۖ قَالُوا۟ كَيْفَ نُكَلِّمُ مَن كَانَ فِى ٱلْمَهْدِ صَبِيًّا,11,38,17,4,"ص,ق,ه",0,0,0,0,0,0,0,0,17,1.545455,0.447368
26,154,مَآ أَنتَ إِلَّا بَشَرٌ مِّثْلُنَا فَأْتِ بِـَٔايَةٍ إِن كُنتَ مِنَ ٱلصَّـٰدِقِينَ,11,37,12,3,"ث,ص,ق",3,0,1,0,2,1,0,1,17,1.545455,0.459459
6,23,ثُمَّ لَمْ تَكُن فِتْنَتُهُمْ إِلَّآ أَن قَالُوا۟ وَٱللَّهِ رَبِّنَا مَا كُنَّا مُشْرِكِينَ,12,43,15,4,"ث,ق,ه",3,0,1,0,0,0,0,0,18,1.5,0.418605
36,82,إِنَّمَآ أَمْرُهُۥٓ إِذَآ أَرَادَ شَيْـًٔا أَن يَقُولَ لَهُۥ كُن فَيَكُونُ,10,33,14,4,"ذ,ق,ه",0,0,0,0,1,0,1,0,15,1.5,0.454545
23,81,بَلْ قَالُوا۟ مِثْلَ مَا قَالَ ٱلْأَوَّلُونَ,6,22,9,3,"ث,ق",0,0,0,0,0,0,0,0,9,1.5,0.409091
26,181,أَوْفُوا۟ ٱلْكَيْلَ وَلَا تَكُونُوا۟ مِنَ ٱلْمُخْسِرِينَ,6,29,9,1,خ,0,0,0,0,0,0,0,0,9,1.5,0.310345
37,147,وَأَرْسَلْنَـٰهُ إِلَىٰ مِا۟ئَةِ أَلْفٍ أَوْ يَزِيدُونَ,6,25,5,1,ه,3,0,1,0,1,0,1,0,9,1.5,0.36
53,18,لَقَدْ رَأَىٰ مِنْ ءَايَـٰتِ رَبِّهِ ٱلْكُبْرَىٰٓ,6,21,8,3,"ء,ق,ه",0,0,0,0,1,0,0,1,9,1.5,0.428571
74,16,كَلَّآ ۖ إِنَّهُۥ كَانَ لِـَٔايَـٰتِنَا عَنِيدًا,6,20,9,2,"ع,ه",0,0,0,0,0,0,0,0,9,1.5,0.45
79,18,فَقُلْ هَل لَّكَ إِلَىٰٓ أَن تَزَكَّىٰ,6,16,9,2,"ق,ه",0,0,0,0,0,0,0,0,9,1.5,0.5625
82,6,يَـٰٓأَيُّهَا ٱلْإِنسَـٰنُ مَا غَرَّكَ بِرَبِّكَ ٱلْكَرِيمِ,6,26,9,2,"غ,ه",0,0,0,0,0,0,0,0,9,1.5,0.346154
43,14,وَإِنَّآ إِلَىٰ رَبِّنَا لَمُنقَلِبُونَ,4,19,3,1,ق,3,0,1,0,0,0,0,0,6,1.5,0.315789
56,71,أَفَرَءَيْتُمُ ٱلنَّارَ ٱلَّتِى تُورُونَ,4,21,3,1,ء,3,0,1,0,0,0,0,0,6,1.5,0.285714
73,2,قُمِ ٱلَّيْلَ إِلَّا قَلِيلًا,4,14,6,2,ق,0,0,0,0,0,0,0,0,6,1.5,0.428571
74,28,لَا تُبْقِى وَلَا تَذَرُ,4,12,6,2,"ذ,ق",0,0,0,0,0,0,0,0,6,1.5,0.5
75,27,وَقِيلَ مَنْ ۜ رَاقٍ,4,9,6,2,ق,0,0,0,0,0,0,0,0,6,1.5,0.666667
82,13,إِنَّ ٱلْأَبْرَارَ لَفِى نَعِيمٍ,4,16,6,1,ع,0,0,0,0,0,0,0,0,6,1.5,0.375
83,8,وَمَآ أَدْرَىٰكَ مَا سِجِّينٌ,4,14,3,0,,3,0,1,0,0,0,0,0,6,1.5,0.428571
84,20,فَمَا لَهُمْ لَا يُؤْمِنُونَ,4,14,3,1,ه,3,0,1,0,0,0,0,0,6,1.5,0.428571
85,12,إِنَّ بَطْشَ رَبِّكَ لَشَدِيدٌ,4,13,6,1,ط,0,0,0,0,0,0,0,0,6,1.5,0.461538
88,19,وَإِلَى ٱلْجِبَالِ كَيْفَ نُصِبَتْ,4,17,6,1,ص,0,0,0,0,0,0,0,0,6,1.5,0.352941
89,19,وَتَأْكُلُونَ ٱلتُّرَاثَ أَكْلًا لَّمًّا,4,20,5,1,ث,0,0,0,0,1,0,0,1,6,1.5,0.3
90,16,أَوْ مِسْكِينًا ذَا مَتْرَبَةٍ,4,15,5,1,ذ,0,0,0,0,1,0,0,1,6,1.5,0.4
99,3,وَقَالَ ٱلْإِنسَـٰنُ مَا لَهَا,4,15,6,2,"ق,ه",0,0,0,0,0,0,0,0,6,1.5,0.4
20,129,وَلَوْلَا كَلِمَةٌ سَبَقَتْ مِن رَّبِّكَ لَكَانَ لِزَامًا وَأَجَلٌ مُّسَمًّى,9,35,10,1,ق,0,0,0,0,3,0,0,3,13,1.444444,0.371429
15,2,رُّبَمَا يَوَدُّ ٱلَّذِينَ كَفَرُوا۟ لَوْ كَانُوا۟ مُسْلِمِينَ,7,30,7,1,ذ,3,0,1,0,0,0,0,0,10,1.428571,0.333333
23,30,إِنَّ فِى ذَٰلِكَ لَـَٔايَـٰتٍ وَإِن كُنَّا لَمُبْتَلِينَ,7,24,6,1,ذ,3,0,1,0,1,0,0,1,10,1.428571,0.416667
26,225,أَلَمْ تَرَ أَنَّهُمْ فِى كُلِّ وَادٍ يَهِيمُونَ,7,22,6,2,ه,3,0,1,0,1,0,0,1,10,1.428571,0.454545
51,36,فَمَا وَجَدْنَا فِيهَا غَيْرَ بَيْتٍ مِّنَ ٱلْمُسْلِمِينَ,7,28,9,2,"غ,ه",0,0,0,0,1,0,0,1,10,1.428571,0.357143
48,22,وَلَوْ قَـٰتَلَكُمُ ٱلَّذِينَ كَفَرُوا۟ لَوَلَّوُا۟ ٱلْأَدْبَـٰرَ ثُمَّ لَا يَجِدُونَ وَلِيًّا وَلَا نَصِيرًا,12,50,16,4,"ث,ذ,ص,ق",0,0,0,0,1,0,0,1,17,1.416667,0.34
20,51,قَالَ فَمَا بَالُ ٱلْقُرُونِ ٱلْأُولَىٰ,5,21,7,2,ق,0,0,0,0,0,0,0,0,7,1.4,0.333333
26,26,قَالَ رَبُّكُمْ وَرَبُّ ءَابَآئِكُمُ ٱلْأَوَّلِينَ,5,24,7,2,"ء,ق",0,0,0,0,0,0,0,0,7,1.4,0.291667
26,115,إِنْ أَنَا۠ إِلَّا نَذِيرٌ مُّبِينٌ,5,16,3,1,ذ,3,0,1,0,1,0,0,1,7,1.4,0.4375
43,69,ٱلَّذِينَ ءَامَنُوا۟ بِـَٔايَـٰتِنَا وَكَانُوا۟ مُسْلِمِينَ,5,29,7,2,"ء,ذ",0,0,0,0,0,0,0,0,7,1.4,0.241379
44,51,إِنَّ ٱلْمُتَّقِينَ فِى مَقَامٍ أَمِينٍ,5,19,7,2,ق,0,0,0,0,0,0,0,0,7,1.4,0.368421
74,43,قَالُوا۟ لَمْ نَكُ مِنَ ٱلْمُصَلِّينَ,5,18,7,2,"ص,ق",0,0,0,0,0,0,0,0,7,1.4,0.388889
77,39,فَإِن كَانَ لَكُمْ كَيْدٌ فَكِيدُونِ,5,18,6,0,,0,0,0,0,1,0,0,1,7,1.4,0.388889
82,17,وَمَآ أَدْرَىٰكَ مَا يَوْمُ ٱلدِّينِ,5,18,1,0,,6,0,2,0,0,0,0,0,7,1.4,0.388889
97,2,وَمَآ أَدْرَىٰكَ مَا لَيْلَةُ ٱلْقَدْرِ,5,19,4,1,ق,3,0,1,0,0,0,0,0,7,1.4,0.368421
27,29,قَالَتْ يَـٰٓأَيُّهَا ٱلْمَلَؤُا۟ إِنِّىٓ أُلْقِىَ إِلَىَّ كِتَـٰبٌ كَرِيمٌ,8,32,10,3,"ق,ه",0,0,0,0,1,0,0,1,11,1.375,0.34375
20,65,قَالُوا۟ يَـٰمُوسَىٰٓ إِمَّآ أَن تُلْقِىَ وَإِمَّآ أَن نَّكُونَ أَوَّلَ مَنْ أَلْقَىٰ,11,38,11,3,ق,3,0,1,0,1,0,1,0,15,1.363636,0.394737
26,7,أَوَلَمْ يَرَوْا۟ إِلَى ٱلْأَرْضِ كَمْ أَنۢبَتْنَا فِيهَا مِن كُلِّ زَوْجٍ كَرِيمٍ,11,39,14,2,"ض,ه",0,0,0,0,1,0,0,1,15,1.363636,0.384615
6,163,لَا شَرِيكَ لَهُۥ ۖ وَبِذَٰلِكَ أُمِرْتُ وَأَنَا۠ أَوَّلُ ٱلْمُسْلِمِينَ,9,32,9,2,"ذ,ه",3,0,1,0,0,0,0,0,12,1.333333,0.375
23,93,قُل رَّبِّ إِمَّا تُرِيَنِّى مَا يُوعَدُونَ,6,20,8,2,"ع,ق",0,0,0,0,0,0,0,0,8,1.333333,0.4
37,6,إِنَّا زَيَّنَّا ٱلسَّمَآءَ ٱلدُّنْيَا بِزِينَةٍ ٱلْكَوَاكِبِ,6,31,7,1,ء,0,0,0,0,1,0,1,0,8,1.333333,0.258065
73,8,وَٱذْكُرِ ٱسْمَ رَبِّكَ وَتَبَتَّلْ إِلَيْهِ تَبْتِيلًا,6,26,8,2,"ذ,ه",0,0,0,0,0,0,0,0,8,1.333333,0.307692
83,18,كَلَّآ إِنَّ كِتَـٰبَ ٱلْأَبْرَارِ لَفِى عِلِّيِّينَ,6,23,8,1,ع,0,0,0,0,0,0,0,0,8,1.333333,0.347826
84,15,بَلَىٰٓ إِنَّ رَبَّهُۥ كَانَ بِهِۦ بَصِيرًا,6,18,8,3,"ص,ه",0,0,0,0,0,0,0,0,8,1.333333,0.444444
69,25,وَأَمَّا مَنْ أُوتِىَ كِتَـٰبَهُۥ بِشِمَالِهِۦ فَيَقُولُ يَـٰلَيْتَنِى لَمْ أُوتَ كِتَـٰبِيَهْ,10,41,13,4,"ق,ه",0,0,0,0,0,0,0,0,13,1.3,0.317073
15,31,إِلَّآ إِبْلِيسَ أَبَىٰٓ أَن يَكُونَ مَعَ ٱلسَّـٰجِدِينَ,7,26,9,1,ع,0,0,0,0,0,0,0,0,9,1.285714,0.346154
44,5,أَمْرًا مِّنْ عِندِنَآ ۚ إِنَّا كُنَّا مُرْسِلِينَ,7,23,7,1,ع,0,0,0,0,2,0,0,2,9,1.285714,0.391304
44,8,لَآ إِلَـٰهَ إِلَّا هُوَ يُحْىِۦ وَيُمِيتُ ۖ رَبُّكُمْ وَرَبُّ ءَابَآئِكُمُ ٱلْأَوَّلِينَ,11,39,13,4,"ء,ح,ه",0,0,0,0,1,0,1,0,14,1.272727,0.358974
32,2,تَنزِيلُ ٱلْكِتَـٰبِ لَا رَيْبَ فِيهِ مِن رَّبِّ ٱلْعَـٰلَمِينَ,8,29,10,2,"ع,ه",0,0,0,0,0,0,0,0,10,1.25,0.344828
52,42,أَمْ يُرِيدُونَ كَيْدًا ۖ فَٱلَّذِينَ كَفَرُوا۟ هُمُ ٱلْمَكِيدُونَ,8,33,10,2,"ذ,ه",0,0,0,0,0,0,0,0,10,1.25,0.30303
19,89,لَّقَدْ جِئْتُمْ شَيْـًٔا إِدًّا,4,13,5,1,ق,0,0,0,0,0,0,0,0,5,1.25,0.384615
20,35,إِنَّكَ كُنتَ بِنَا بَصِيرًا,4,14,5,1,ص,0,0,0,0,0,0,0,0,5,1.25,0.357143
37,133,وَإِنَّ لُوطًا لَّمِنَ ٱلْمُرْسَلِينَ,4,18,4,1,ط,0,0,0,0,1,0,0,1,5,1.25,0.277778
75,35,ثُمَّ أَوْلَىٰ لَكَ فَأَوْلَىٰٓ,4,13,5,1,ث,0,0,0,0,0,0,0,0,5,1.25,0.384615
78,20,وَسُيِّرَتِ ٱلْجِبَالُ فَكَانَتْ سَرَابًا,4,21,5,0,,0,0,0,0,0,0,0,0,5,1.25,0.238095
44,18,أَنْ أَدُّوٓا۟ إِلَىَّ عِبَادَ ٱللَّهِ ۖ إِنِّى لَكُمْ رَسُولٌ أَمِينٌ,10,31,9,2,"ع,ه",3,0,1,0,0,0,0,0,12,1.2,0.387097
84,7,فَأَمَّا مَنْ أُوتِىَ كِتَـٰبَهُۥ بِيَمِينِهِۦ,5,20,6,2,ه,0,0,0,0,0,0,0,0,6,1.2,0.3
43,6,وَكَمْ أَرْسَلْنَا مِن نَّبِىٍّ فِى ٱلْأَوَّلِينَ,6,23,3,0,,3,0,1,0,1,0,0,1,7,1.166667,0.304348
75,37,أَلَمْ يَكُ نُطْفَةً مِّن مَّنِىٍّ يُمْنَىٰ,6,18,5,1,ط,0,0,0,0,2,0,0,2,7,1.166667,0.388889
82,18,ثُمَّ مَآ أَدْرَىٰكَ مَا يَوْمُ ٱلدِّينِ,6,19,4,1,ث,3,0,1,0,0,0,0,0,7,1.166667,0.368421
83,7,كَلَّآ إِنَّ كِتَـٰبَ ٱلْفُجَّارِ لَفِى سِجِّينٍ,6,21,7,0,,0,0,0,0,0,0,0,0,7,1.166667,0.333333
15,7,لَّوْ مَا تَأْتِينَا بِٱلْمَلَـٰٓئِكَةِ إِن كُنتَ مِنَ ٱلصَّـٰدِقِينَ,8,32,8,2,"ص,ق",0,0,0,0,1,1,0,0,9,1.125,0.28125
11,80,قَالَ لَوْ أَنَّ لِى بِكُمْ قُوَّةً أَوْ ءَاوِىٓ إِلَىٰ رُكْنٍ شَدِيدٍ,11,31,11,3,"ء,ق",0,0,0,0,1,0,0,1,12,1.090909,0.387097
23,65,لَا تَجْـَٔرُوا۟ ٱلْيَوْمَ ۖ إِنَّكُم مِّنَّا لَا تُنصَرُونَ,8,27,5,1,ص,3,0,1,0,0,0,0,0,8,1.0,0.296296
38,74,إِلَّآ إِبْلِيسَ ٱسْتَكْبَرَ وَكَانَ مِنَ ٱلْكَـٰفِرِينَ,6,27,6,0,,0,0,0,0,0,0,0,0,6,1.0,0.222222
53,11,مَا كَذَبَ ٱلْفُؤَادُ مَا رَأَىٰٓ,5,16,5,1,ذ,0,0,0,0,0,0,0,0,5,1.0,0.3125
56,86,فَلَوْلَآ إِن كُنتُمْ غَيْرَ مَدِينِينَ,5,20,5,1,غ,0,0,0,0,0,0,0,0,5,1.0,0.25
56,88,فَأَمَّآ إِن كَانَ مِنَ ٱلْمُقَرَّبِينَ,5,19,5,1,ق,0,0,0,0,0,0,0,0,5,1.0,0.263158
75,5,بَلْ يُرِيدُ ٱلْإِنسَـٰنُ لِيَفْجُرَ أَمَامَهُۥ,5,22,5,1,ه,0,0,0,0,0,0,0,0,5,1.0,0.227273
26,196,وَإِنَّهُۥ لَفِى زُبُرِ ٱلْأَوَّلِينَ,4,17,4,1,ه,0,0,0,0,0,0,0,0,4,1.0,0.235294
37,25,مَا لَكُمْ لَا تَنَاصَرُونَ,4,14,4,1,ص,0,0,0,0,0,0,0,0,4,1.0,0.285714
39,30,إِنَّكَ مَيِّتٌ وَإِنَّهُم مَّيِّتُونَ,4,16,3,1,ه,0,0,0,0,1,0,0,1,4,1.0,0.25
51,12,يَسْـَٔلُونَ أَيَّانَ يَوْمُ ٱلدِّينِ,4,17,1,0,,3,0,1,0,0,0,0,0,4,1.0,0.235294
53,24,أَمْ لِلْإِنسَـٰنِ مَا تَمَنَّىٰ,4,14,1,0,,3,0,1,0,0,0,0,0,4,1.0,0.285714
53,42,وَأَنَّ إِلَىٰ رَبِّكَ ٱلْمُنتَهَىٰ,4,16,3,1,ه,0,0,0,0,1,0,1,0,4,1.0,0.25
79,41,فَإِنَّ ٱلْجَنَّةَ هِىَ ٱلْمَأْوَىٰ,4,16,4,1,ه,0,0,0,0,0,0,0,0,4,1.0,0.25
93,6,أَلَمْ يَجِدْكَ يَتِيمًا فَـَٔاوَىٰ,4,16,3,0,,0,0,0,0,1,0,0,1,4,1.0,0.25
93,10,وَأَمَّا ٱلسَّآئِلَ فَلَا تَنْهَرْ,4,17,4,1,ه,0,0,0,0,0,0,0,0,4,1.0,0.235294
108,3,إِنَّ شَانِئَكَ هُوَ ٱلْأَبْتَرُ,4,15,4,1,ه,0,0,0,0,0,0,0,0,4,1.0,0.266667
89,17,كَلَّا ۖ بَل لَّا تُكْرِمُونَ ٱلْيَتِيمَ,6,19,2,0,,3,0,1,0,0,0,0,0,5,0.833333,0.263158
35,23,إِنْ أَنتَ إِلَّا نَذِيرٌ,4,12,3,1,ذ,0,0,0,0,0,0,0,0,3,0.75,0.25
52,39,أَمْ لَهُ ٱلْبَنَـٰتُ وَلَكُمُ ٱلْبَنُونَ,5,19,3,1,ه,0,0,0,0,0,0,0,0,3,0.6,0.157895
111,1,تَبَّتْ يَدَآ أَبِى لَهَبٍ وَتَبَّ,5,15,2,1,ه,0,0,0,0,1,0,0,1,3,0.6,0.2
7,183,وَأُمْلِى لَهُمْ ۚ إِنَّ كَيْدِى مَتِينٌ,6,18,3,1,ه,0,0,0,0,0,0,0,0,3,0.5,0.166667
26,107,إِنِّى لَكُمْ رَسُولٌ أَمِينٌ,4,14,2,0,,0,0,0,0,0,0,0,0,2,0.5,0.142857
37,123,وَإِنَّ إِلْيَاسَ لَمِنَ ٱلْمُرْسَلِينَ,4,19,2,0,,0,0,0,0,0,0,0,0,2,0.5,0.105263
37,139,وَإِنَّ يُونُسَ لَمِنَ ٱلْمُرْسَلِينَ,4,18,2,0,,0,0,0,0,0,0,0,0,2,0.5,0.111111
56,44,لَّا بَارِدٍ وَلَا كَرِيمٍ,4,13,1,0,,0,0,0,0,1,0,0,1,2,0.5,0.153846
88,23,إِلَّا مَن تَوَلَّىٰ وَكَفَرَ,4,13,2,0,,0,0,0,0,0,0,0,0,2,0.5,0.153846
109,6,لَكُمْ دِينُكُمْ وَلِىَ دِينِ,4,14,2,0,,0,0,0,0,0,0,0,0,2,0.5,0.142857
39,12,وَأُمِرْتُ لِأَنْ أَكُونَ أَوَّلَ ٱلْمُسْلِمِينَ,5,23,2,0,,0,0,0,0,0,0,0,0,2,0.4,0.086957
112,3,لَمْ يَلِدْ وَلَمْ يُولَدْ,4,12,0,0,,0,0,0,0,0,0,0,0,0,0.0,0.0
